repo_name,commit_hash,author_name,committer_date,file_path,lines_added,lines_deleted
flask,33850c0ebd23ae615e6823993d441f46d80b1ff0,Armin Ronacher,2010-04-06 13:12:57,examples/apishowcase/apishowcase.py,30,0
flask,33850c0ebd23ae615e6823993d441f46d80b1ff0,Armin Ronacher,2010-04-06 13:12:57,examples/minitwit/minitwit.py,228,0
flask,33850c0ebd23ae615e6823993d441f46d80b1ff0,Armin Ronacher,2010-04-06 13:12:57,flask.py,356,0
flask,b15ad394279fc3b7f998fa56857f334a7c0156f6,Armin Ronacher,2010-04-06 13:23:18,setup.py,19,0
flask,4ec7d2a0d8eac4f915dc0d38a886cd57045bb0c4,Armin Ronacher,2010-04-06 16:02:14,docs/conf.py,236,0
flask,4ec7d2a0d8eac4f915dc0d38a886cd57045bb0c4,Armin Ronacher,2010-04-06 16:02:14,examples/minitwit/minitwit.py,1,1
flask,4ec7d2a0d8eac4f915dc0d38a886cd57045bb0c4,Armin Ronacher,2010-04-06 16:02:14,flask.py,119,8
flask,3b36bef2e6165bb4dad73d17f23ee1879e99f497,Armin Ronacher,2010-04-08 19:03:15,docs/conf.py,6,1
flask,3b36bef2e6165bb4dad73d17f23ee1879e99f497,Armin Ronacher,2010-04-08 19:03:15,examples/minitwit/minitwit.py,2,2
flask,3b36bef2e6165bb4dad73d17f23ee1879e99f497,Armin Ronacher,2010-04-08 19:03:15,flask.py,38,23
flask,4aa76212d1be9b17a57249549c2a73fb10b6cda8,Armin Ronacher,2010-04-09 01:32:39,examples/minitwit/minitwit.py,3,3
flask,4aa76212d1be9b17a57249549c2a73fb10b6cda8,Armin Ronacher,2010-04-09 01:32:39,flask.py,16,1
flask,727c701686c18c4a27ca523eb0c5862d497be24e,Armin Ronacher,2010-04-09 13:40:05,examples/minitwit/minitwit.py,1,1
flask,7d6b8e9ab3e738d69e39ad53a7c0f6a552d5284a,Armin Ronacher,2010-04-09 13:56:47,flask.py,31,5
flask,3d719f35f5c1ee4ce3dc01fb2167ef49c0180cf6,Armin Ronacher,2010-04-10 15:49:15,docs/conf.py,10,6
flask,3d719f35f5c1ee4ce3dc01fb2167ef49c0180cf6,Armin Ronacher,2010-04-10 15:49:15,docs/flaskext.py,96,0
flask,3d719f35f5c1ee4ce3dc01fb2167ef49c0180cf6,Armin Ronacher,2010-04-10 15:49:15,flask.py,4,4
flask,05f36c7f7e2df36ee28f90d99632162579b1287c,Armin Ronacher,2010-04-11 02:20:10,docs/flaskext.py,5,15
flask,05f36c7f7e2df36ee28f90d99632162579b1287c,Armin Ronacher,2010-04-11 02:20:10,flask.py,72,1
flask,1fff3e598126a084348ec2c112fdd3bc6b9a1ee0,Armin Ronacher,2010-04-11 02:42:13,setup.py,4,3
flask,574e81f9c8bbdc41958e1e7a7613633b091101f8,Armin Ronacher,2010-04-11 02:46:44,setup.py,1,1
flask,03168a5d53457fdb8676a4ac9fca0f76a23c6852,Armin Ronacher,2010-04-11 17:58:45,examples/apishowcase/apishowcase.py,0,30
flask,03168a5d53457fdb8676a4ac9fca0f76a23c6852,Armin Ronacher,2010-04-11 17:58:45,examples/minitwit/minitwit.py,30,8
flask,f2dc38cda61f76c64b97ab9f730accc986a4b188,Armin Ronacher,2010-04-11 18:45:06,examples/minitwit/minitwit.py,1,1
flask,f2dc38cda61f76c64b97ab9f730accc986a4b188,Armin Ronacher,2010-04-11 18:45:06,examples/minitwit/minitwit_tests.py,145,0
flask,f2dc38cda61f76c64b97ab9f730accc986a4b188,Armin Ronacher,2010-04-11 18:45:06,flask.py,2,3
flask,ef524f2cfd65377b3b9ce896e7a710472b13c0f6,Armin Ronacher,2010-04-11 18:47:32,examples/minitwit/minitwit_tests.py,0,1
flask,03148dba6b26a2694da1d466584f50189c52e7b3,Armin Ronacher,2010-04-11 19:18:40,flask.py,24,12
flask,2f5a4f8dbc832b0daebcd66ea8b3969589191fa7,Armin Ronacher,2010-04-12 00:14:59,examples/minitwit/minitwit.py,9,9
flask,a01e8b49ca66608f0bd46134ff02deeb5724c799,Armin Ronacher,2010-04-12 19:52:18,flask.py,28,4
flask,de03143f6ecf9a36dd32f16f07309c64d4de03b0,Armin Ronacher,2010-04-12 20:19:16,flask_tests.py,74,0
flask,4affedec356ad8c9e6a107578f03fc7f5c615064,Armin Ronacher,2010-04-12 20:39:52,flask_tests.py,8,0
flask,959b5df00431c436474c5abca304e631c0de7721,Armin Ronacher,2010-04-13 01:08:52,setup.py,2,3
flask,08f1f0dc32004fae01cf96d1eed84e6461e698e5,Armin Ronacher,2010-04-14 02:42:12,flask_tests.py,0,82
flask,08f1f0dc32004fae01cf96d1eed84e6461e698e5,Armin Ronacher,2010-04-14 02:42:12,tests/flask_tests.py,179,0
flask,ca520fb7e4c29afccc637e61c11429a0f3e8d5ad,Armin Ronacher,2010-04-14 14:11:00,flask.py,5,5
flask,ca520fb7e4c29afccc637e61c11429a0f3e8d5ad,Armin Ronacher,2010-04-14 14:11:00,tests/flask_tests.py,9,0
flask,2d9bb692728fd76b19e467499caa4f5fcb07aede,Armin Ronacher,2010-04-14 15:16:38,flask.py,24,3
flask,c33675f0251071ea47ce166b81ce8c637842f091,Armin Ronacher,2010-04-14 16:44:29,examples/flaskr/flaskr.py,103,0
flask,c33675f0251071ea47ce166b81ce8c637842f091,Armin Ronacher,2010-04-14 16:44:29,examples/flaskr/flaskr_tests.py,64,0
flask,fc94599285aa1aec50b3c9426697249e55edda0a,Armin Ronacher,2010-04-14 16:47:53,examples/flaskr/flaskr.py,0,2
flask,1d8432ebfd1637eacab79a15e9b7963bf061371c,Armin Ronacher,2010-04-14 17:08:38,flask.py,1,0
flask,1246f4088a4fdc00a79f8029ff5d77bfe4fc9b14,Armin Ronacher,2010-04-15 02:21:46,examples/flaskr/flaskr.py,2,5
flask,6dd92ae4b32c336564231e10db12458a8b9261ca,Armin Ronacher,2010-04-16 02:03:45,examples/flaskr/flaskr_tests.py,5,3
flask,40e0024d7b87150ed694829a5335bd2435962225,Armin Ronacher,2010-04-16 02:14:54,flask.py,9,2
flask,7b5015010bc8c2a2d56c7c50b37e5b9facdad102,Armin Ronacher,2010-04-16 02:27:37,flask.py,11,7
flask,fb2d2e446bdd806ea3de7b869c7371e2dae57a23,Armin Ronacher,2010-04-16 11:03:16,examples/flaskr/flaskr.py,2,2
flask,fb2d2e446bdd806ea3de7b869c7371e2dae57a23,Armin Ronacher,2010-04-16 11:03:16,examples/minitwit/minitwit.py,2,2
flask,fb2d2e446bdd806ea3de7b869c7371e2dae57a23,Armin Ronacher,2010-04-16 11:03:16,flask.py,13,12
flask,fb2d2e446bdd806ea3de7b869c7371e2dae57a23,Armin Ronacher,2010-04-16 11:03:16,tests/flask_tests.py,2,2
flask,6d556acb3fcaa6eeff4bda8cf704ad5f0cf5b5ac,Armin Ronacher,2010-04-16 13:42:47,docs/conf.py,2,1
flask,0bb8b4f9a1c61fcf473e5ca7a10cc3ed4f30766f,Armin Ronacher,2010-04-16 14:24:12,setup.py,50,0
flask,9fbf9a062c11904b5022a5aa7941449e31340c32,Armin Ronacher,2010-04-16 14:32:59,setup.py,1,1
flask,5310fc38227b1907cb541f4a30ea8dfef46c2e19,Armin Ronacher,2010-04-17 14:10:47,flask.py,20,3
flask,5310fc38227b1907cb541f4a30ea8dfef46c2e19,Armin Ronacher,2010-04-17 14:10:47,tests/flask_tests.py,14,0
flask,0b9c2b5eb1b604cd76d9252e8e9628df731ea572,Armin Ronacher,2010-04-17 14:32:52,flask.py,0,1
flask,63593d281b7358a86a808cc0bf5e47107316403d,Armin Ronacher,2010-04-18 14:39:27,flask.py,0,1
flask,190059c8f01c6f75243824e765d08a7cce386eda,Armin Ronacher,2010-04-18 15:44:06,flask.py,30,1
flask,190059c8f01c6f75243824e765d08a7cce386eda,Armin Ronacher,2010-04-18 15:44:06,tests/flask_tests.py,6,0
flask,bf52a17902cdbc300ee91ec1b2e8d2b7890ba35c,Armin Ronacher,2010-04-18 16:29:41,examples/flaskr/flaskr_tests.py,0,1
flask,0770f5c6375e3e45fa3ac918217df5d885176173,Armin Ronacher,2010-04-18 23:37:03,flask.py,2,3
flask,73a47a0db1a181bb305684115d3dacded0c5a58b,Armin Ronacher,2010-04-18 23:42:11,examples/minitwit/minitwit.py,1,3
flask,ce18d4575dd8468878668d777d83448eeae4fd0d,Armin Ronacher,2010-04-19 02:22:59,docs/conf.py,2,1
flask,6e2be6a0b3aba4ab49cf3ed1a10ac13c6b771aba,Armin Ronacher,2010-04-19 15:39:07,examples/jqueryexample/jqueryexample.py,29,0
flask,6e2be6a0b3aba4ab49cf3ed1a10ac13c6b771aba,Armin Ronacher,2010-04-19 15:39:07,flask.py,56,2
flask,6e2be6a0b3aba4ab49cf3ed1a10ac13c6b771aba,Armin Ronacher,2010-04-19 15:39:07,tests/flask_tests.py,30,2
flask,ade490514dd6d83adc7610f69f9c4cd68df47110,Armin Ronacher,2010-04-19 18:51:04,flask.py,6,1
flask,ade490514dd6d83adc7610f69f9c4cd68df47110,Armin Ronacher,2010-04-19 18:51:04,tests/flask_tests.py,6,0
flask,3088a9371e065808fd0091741f62bc242bcab1f9,unknown,2010-04-20 01:33:12,flask.py,9,3
flask,3088a9371e065808fd0091741f62bc242bcab1f9,unknown,2010-04-20 01:33:12,tests/flask_tests.py,24,0
flask,5acc491c94262912baa30a4cffc780a46b7faf56,cgrinds,2010-04-20 01:33:12,flask.py,3,2
flask,95750b3287bfa21fbb706f10a3a9fbcef01c089e,Armin Ronacher,2010-04-19 23:49:02,flask.py,19,4
flask,95750b3287bfa21fbb706f10a3a9fbcef01c089e,Armin Ronacher,2010-04-19 23:49:02,tests/flask_tests.py,16,1
flask,06ec917ddedc618944670b39ccd5f4cb862882b2,Armin Ronacher,2010-04-19 23:54:38,flask.py,1,1
flask,9f0b2429d638e54cb534b555c393d0770dfc1a8f,Armin Ronacher,2010-04-20 10:51:36,tests/flask_tests.py,22,1
flask,715f64d2afef0e5b9800f0e0fb0eb9c892e1573a,Armin Ronacher,2010-04-20 13:01:10,flask.py,24,11
flask,3a1e51865786474c44a04c0d422515047dd27223,Armin Ronacher,2010-04-20 13:29:54,flask.py,1,1
flask,9f6bc93e4de36fc209eb1203845e9505df1ca379,Armin Ronacher,2010-04-20 15:12:16,flask.py,11,1
flask,9f6bc93e4de36fc209eb1203845e9505df1ca379,Armin Ronacher,2010-04-20 15:12:16,tests/flask_tests.py,2,0
flask,3c821a0fa45082bcec73dfb08662fb1de5263c48,florentx,2010-04-20 18:40:58,examples/minitwit/minitwit.py,3,2
flask,3c821a0fa45082bcec73dfb08662fb1de5263c48,florentx,2010-04-20 18:40:58,flask.py,4,5
flask,3c821a0fa45082bcec73dfb08662fb1de5263c48,florentx,2010-04-20 18:40:58,setup.py,4,2
flask,75057bb4112d16acc7ed5dafce6a8168b343fd78,florentx,2010-04-20 18:44:54,flask.py,9,10
flask,af3b73f70d5fce72181530d384519ae31d77c772,Armin Ronacher,2010-04-20 19:03:18,flask.py,5,9
flask,3053fcdb0d6189ad1deca6fcfa16443dad4baf8c,Armin Ronacher,2010-04-20 20:01:00,examples/flaskr/flaskr_tests.py,7,2
flask,3053fcdb0d6189ad1deca6fcfa16443dad4baf8c,Armin Ronacher,2010-04-20 20:01:00,examples/minitwit/minitwit_tests.py,7,2
flask,00f87f679cdd63b642675d86d073882fb8b19430,Armin Ronacher,2010-04-20 21:44:52,flask.py,1,1
flask,9d340ad7477774a19a7bdffc83d6cb8cb3e05edc,florentx,2010-04-20 22:46:36,flask.py,1,0
flask,7cf5a9bf6e34fc57f82e560f01c408fbe603e9d4,florentx,2010-04-21 00:40:43,flask.py,3,7
flask,b6e73305392c9de052e51cca6fae8fee12ae231e,florentx,2010-04-21 01:23:09,flask.py,2,2
flask,b6e73305392c9de052e51cca6fae8fee12ae231e,florentx,2010-04-21 01:23:09,tests/flask_tests.py,12,0
flask,f014ce29a7cd5a3ccfabd61e7d66e017ed958e25,florentx,2010-04-21 16:36:19,flask.py,1,0
flask,3eacc1d06816b2544e0242665fe909b24b027b21,florentx,2010-04-21 16:36:19,flask.py,3,7
flask,dbe0df756bf587b242f2406bef9e7e8ef26f0813,florentx,2010-04-21 16:36:20,flask.py,2,2
flask,dbe0df756bf587b242f2406bef9e7e8ef26f0813,florentx,2010-04-21 16:36:20,tests/flask_tests.py,12,0
flask,88f671aaaef334caf3231095b119cac094ff5ffb,Armin Ronacher,2010-04-23 16:04:54,flask.py,42,0
flask,a862ead5f22f9d4592c1c85bda285a4ded59b631,Armin Ronacher,2010-04-23 16:30:04,flask.py,6,1
flask,a862ead5f22f9d4592c1c85bda285a4ded59b631,Armin Ronacher,2010-04-23 16:30:04,tests/flask_tests.py,14,0
flask,444e6425312a16589130ff36f2830b6f97fbbd4f,Armin Ronacher,2010-04-23 16:44:49,flask.py,24,16
flask,e0148a00c0f468784052926f80e8112be7686470,Armin Ronacher,2010-04-23 17:01:20,flask.py,41,14
flask,e0148a00c0f468784052926f80e8112be7686470,Armin Ronacher,2010-04-23 17:01:20,tests/flask_tests.py,25,0
flask,5c52fe980eda6065edcc39e6dd346636b1c40768,Armin Ronacher,2010-04-23 17:10:22,flask.py,7,5
flask,5c52fe980eda6065edcc39e6dd346636b1c40768,Armin Ronacher,2010-04-23 17:10:22,tests/flask_tests.py,37,1
flask,2f181e19496a1fe693d9b20260fe961bb406c53b,Armin Ronacher,2010-04-23 17:16:59,flask.py,1,2
flask,67f4b0f31538832f06b9351d15e30c85f449ac7e,Armin Ronacher,2010-04-24 17:07:16,flask.py,94,71
flask,67f4b0f31538832f06b9351d15e30c85f449ac7e,Armin Ronacher,2010-04-24 17:07:16,tests/flask_tests.py,2,2
flask,c0a9f5d0c4f09dbe8b744609552cbbfa9f14fbc0,Armin Ronacher,2010-04-24 17:35:25,flask.py,78,6
flask,0da39c76e3c67293aef2234b43aff8728d9002eb,Armin Ronacher,2010-04-24 18:30:38,flask.py,16,0
flask,a9bb965b6dcd931cefdc7dd05fa4c672b5dff69c,Sebastien Estienne,2010-04-25 20:51:26,flask.py,22,0
flask,a9bb965b6dcd931cefdc7dd05fa4c672b5dff69c,Sebastien Estienne,2010-04-25 20:51:26,tests/flask_tests.py,26,0
flask,5c9ef2c44dce5afc99a0b3b539ebaafe9b8ce3c5,Sebastien Estienne,2010-04-25 20:51:27,flask.py,3,7
flask,5c9ef2c44dce5afc99a0b3b539ebaafe9b8ce3c5,Sebastien Estienne,2010-04-25 20:51:27,tests/flask_tests.py,1,10
flask,4395e9493cc33d49b53889f9f726458f05f1a475,Sebastien Estienne,2010-04-25 20:51:27,tests/flask_tests.py,23,0
flask,3ac4ec670c881668aaedb2c3937bae5e10984988,Armin Ronacher,2010-04-25 17:05:25,docs/conf.py,11,19
flask,36717b02731ad7d86ba8effbe27e70405e48cd9b,Armin Ronacher,2010-04-27 14:32:09,flask.py,27,4
flask,36717b02731ad7d86ba8effbe27e70405e48cd9b,Armin Ronacher,2010-04-27 14:32:09,tests/flask_tests.py,27,0
flask,f1603d33f266ab24eda604f76632fa604b91e3f9,Armin Ronacher,2010-05-02 11:36:42,flask.py,4,0
flask,75461c1467bbb2d83ee787bb13f4a338a4b8ad3e,Armin Ronacher,2010-05-02 19:10:44,flask.py,4,1
flask,75461c1467bbb2d83ee787bb13f4a338a4b8ad3e,Armin Ronacher,2010-05-02 19:10:44,tests/flask_tests.py,2,0
flask,9248a7baca5bc616a60f9b63b525e872fbfddef2,Armin Ronacher,2010-05-03 13:07:30,flask.py,1,4
flask,dffb3d091c0e42b7254fe88218811c24c0054f7e,Armin Ronacher,2010-05-03 14:39:16,flask.py,0,1
flask,dffb3d091c0e42b7254fe88218811c24c0054f7e,Armin Ronacher,2010-05-03 14:39:16,tests/flask_tests.py,3,3
flask,67fc46526234653b0a519e9f1e8a05a2c40c80f8,florentx,2010-05-04 02:03:20,flask.py,4,2
flask,67fc46526234653b0a519e9f1e8a05a2c40c80f8,florentx,2010-05-04 02:03:20,tests/flask_tests.py,8,7
flask,bc0c0559e384dc88441775a3907487f4a2b515b4,Armin Ronacher,2010-05-04 11:23:01,examples/openidexample/openidexample.py,165,0
flask,bc0c0559e384dc88441775a3907487f4a2b515b4,Armin Ronacher,2010-05-04 11:23:01,examples/openidexample/simpleopenid.py,108,0
flask,a921aef6c47cecbacef5173f03c07c52e6bc8fea,Armin Ronacher,2010-05-04 11:41:54,flask.py,1,1
flask,a921aef6c47cecbacef5173f03c07c52e6bc8fea,Armin Ronacher,2010-05-04 11:41:54,tests/flask_tests.py,9,0
flask,745638e774063de206aae930df71789de13e7c73,Armin Ronacher,2010-05-04 11:51:07,flask.py,18,2
flask,745638e774063de206aae930df71789de13e7c73,Armin Ronacher,2010-05-04 11:51:07,tests/flask_tests.py,23,0
flask,da8f88a22eab8195e48fa4ef63c6a3195c860eb0,Armin Ronacher,2010-05-06 13:32:52,examples/openidexample/openidexample.py,0,165
flask,da8f88a22eab8195e48fa4ef63c6a3195c860eb0,Armin Ronacher,2010-05-06 13:32:52,examples/openidexample/simpleopenid.py,0,108
flask,34e3d64892f2281aa1b6f6357c345b0a357ee51a,Armin Ronacher,2010-05-07 20:16:00,docs/conf.py,2,5
flask,2d87e9bc37ef1ce8f9068fac92783a4fe3d3d382,Armin Ronacher,2010-05-10 11:27:42,flask.py,74,1
flask,2d87e9bc37ef1ce8f9068fac92783a4fe3d3d382,Armin Ronacher,2010-05-10 11:27:42,tests/flask_tests.py,84,1
flask,5bb2b55a2880b3c91dbcd6580f3d25ee23c6655c,Armin Ronacher,2010-05-10 11:35:43,docs/conf.py,2,0
flask,f80e1d3b5ab8e718cc67c814cbfd9aee9c95f45f,Armin Ronacher,2010-05-12 01:02:20,flask.py,7,0
flask,b0ab127015186e1a2918221ffad8d79ca346faf5,Armin Ronacher,2010-05-12 01:29:25,setup.py,1,1
flask,07581b2404924fe1833f596cfa09caf69868ad5b,Armin Ronacher,2010-05-12 01:32:29,setup.py,1,1
flask,e409bc792d4419ed588afbc60c53b61923c415a7,Armin Ronacher,2010-05-12 02:34:22,flask.py,1,1
flask,a5a41d40aaa9f6ed70b487133ddaf48ceb3d054f,Zhao Xiaohong,2010-05-13 18:31:26,flask.py,1,1
flask,693e4449f87950c764a928690f4437fd6b1b4d7d,Zhao Xiaohong,2010-05-13 18:31:27,flask.py,2,2
flask,35ed617fe41b184288892f733ce07d94391b76b1,Armin Ronacher,2010-05-17 00:37:55,flask.py,29,4
flask,35ed617fe41b184288892f733ce07d94391b76b1,Armin Ronacher,2010-05-17 00:37:55,tests/flask_tests.py,29,0
flask,931dcc4c80331d372d70d7a0a5c8e6d49223e2bf,Armin Ronacher,2010-05-17 01:41:57,flask.py,1,1
flask,e7f67e13339073007a84271cce91200bfdb81006,Armin Ronacher,2010-05-17 16:06:30,flask.py,65,9
flask,e7f67e13339073007a84271cce91200bfdb81006,Armin Ronacher,2010-05-17 16:06:30,tests/flask_tests.py,63,1
flask,ea5e654e9e19aab5089f9a71e679bcca11581e86,Armin Ronacher,2010-05-17 22:46:35,docs/conf.py,2,0
flask,ea5e654e9e19aab5089f9a71e679bcca11581e86,Armin Ronacher,2010-05-17 22:46:35,flask.py,15,9
flask,ea5e654e9e19aab5089f9a71e679bcca11581e86,Armin Ronacher,2010-05-17 22:46:35,tests/flask_tests.py,22,0
flask,54c3df60cd533ea80d347f6715ee84f6a560b5d5,Armin Ronacher,2010-05-17 23:21:22,docs/conf.py,2,2
flask,b26aeba972686b9cb9a9b111e1bc8997e1f259c8,Armin Ronacher,2010-05-18 01:41:42,tests/flask_tests.py,2,1
flask,e84140aba2786655bbddcedb363d16de1e285441,Armin Ronacher,2010-05-18 01:41:55,flask.py,39,11
flask,c4cac0abc1a04710a25dcfc8d7f1b2de173546a8,Armin Ronacher,2010-05-18 02:36:50,flask.py,95,10
flask,c4cac0abc1a04710a25dcfc8d7f1b2de173546a8,Armin Ronacher,2010-05-18 02:36:50,tests/flask_tests.py,24,0
flask,cbcd15c3b55cfb05f1b27aa2343f909876f8d3d4,Armin Ronacher,2010-05-24 08:38:28,docs/conf.py,1,0
flask,cbcd15c3b55cfb05f1b27aa2343f909876f8d3d4,Armin Ronacher,2010-05-24 08:38:28,flask.py,7,0
flask,ef0dc1800f7558abbefe070f361b97b9161b2452,Armin Ronacher,2010-05-24 18:37:48,flask.py,35,2
flask,ef0dc1800f7558abbefe070f361b97b9161b2452,Armin Ronacher,2010-05-24 18:37:48,tests/flask_tests.py,17,0
flask,6c095deda51efb34cd18bd23411ebd6f2a0cdfe0,Armin Ronacher,2010-05-25 08:17:55,flask.py,2,2
flask,9d19b77acf413de77b39ed1c6d972fb1e5fef1c3,Armin Ronacher,2010-05-26 14:49:01,docs/conf.py,2,2
flask,9d19b77acf413de77b39ed1c6d972fb1e5fef1c3,Armin Ronacher,2010-05-26 14:49:01,examples/minitwit/minitwit.py,1,0
flask,74d458b40c0bdb140e7feab9af407642eb3dcea1,Armin Ronacher,2010-05-26 15:30:06,flask.py,2,0
flask,8d356d7cda963e2fa6437c5a5fef035e13cc80c5,Armin Ronacher,2010-05-27 12:17:07,docs/conf.py,3,1
flask,e432d833b5f7b4c27e2dca5d5125bbf78a46327d,Armin Ronacher,2010-05-27 13:30:54,examples/minitwit/minitwit.py,0,1
flask,68278fd78e15e3ef6a591f3f2b6cc700d1e4d6dd,Armin Ronacher,2010-05-27 13:31:35,flask.py,39,11
flask,4d16486132c349cdc7d473ef3c238dfa3f9d5385,Armin Ronacher,2010-05-27 13:31:35,flask.py,95,10
flask,4d16486132c349cdc7d473ef3c238dfa3f9d5385,Armin Ronacher,2010-05-27 13:31:35,tests/flask_tests.py,24,0
flask,35fd6eb22c4dec893770dd5720a51608a06fb8cd,Armin Ronacher,2010-05-27 13:31:36,flask.py,26,26
flask,35fd6eb22c4dec893770dd5720a51608a06fb8cd,Armin Ronacher,2010-05-27 13:31:36,tests/flask_tests.py,14,5
flask,182ee31503ea8a9eefd0d7063bd7fbdde991e13b,Armin Ronacher,2010-05-27 17:42:01,flask.py,59,8
flask,dfecc86dd315586bec8f5f0838195d03ba7165d3,Armin Ronacher,2010-05-27 21:17:25,examples/flaskr/flaskr.py,5,5
flask,dfecc86dd315586bec8f5f0838195d03ba7165d3,Armin Ronacher,2010-05-27 21:17:25,examples/flaskr/flaskr_tests.py,10,6
flask,dfecc86dd315586bec8f5f0838195d03ba7165d3,Armin Ronacher,2010-05-27 21:17:25,examples/minitwit/minitwit.py,4,5
flask,dfecc86dd315586bec8f5f0838195d03ba7165d3,Armin Ronacher,2010-05-27 21:17:25,examples/minitwit/minitwit_tests.py,2,2
flask,ce6e4cbd73d57cb8c1bba85c46490f71061f865f,Armin Ronacher,2010-05-28 01:18:29,flask.py,7,7
flask,ce6e4cbd73d57cb8c1bba85c46490f71061f865f,Armin Ronacher,2010-05-28 01:18:29,setup.py,1,1
flask,4ca1d0a2ed7639d3f1d2e466a777f7e6b0e8aa0a,Armin Ronacher,2010-05-28 01:25:35,setup.py,1,1
flask,6cb0855e2dd181df5353fc1be9b437c7bc92eb2f,Armin Ronacher,2010-05-28 21:37:27,flask.py,2,1
flask,6cb0855e2dd181df5353fc1be9b437c7bc92eb2f,Armin Ronacher,2010-05-28 21:37:27,tests/flask_tests.py,20,0
flask,9959ddd3da09f619d467891b194389851cf50367,Armin Ronacher,2010-05-28 21:37:27,flask.py,0,5
flask,7a4b6088395387abe4127c9650f9cbaac11a0ec4,Simon Sapin,2010-05-31 23:28:58,flask.py,9,0
flask,7a4b6088395387abe4127c9650f9cbaac11a0ec4,Simon Sapin,2010-05-31 23:28:58,tests/flask_tests.py,25,1
flask,50bca8c2d34b4b31ffcc98f6ced44b18de3c78b0,Armin Ronacher,2010-05-31 17:38:05,flask.py,2,0
flask,707b30749daf407c07b5b265bd892564576ad80a,Armin Ronacher,2010-05-31 17:53:10,setup.py,9,1
flask,33e7f2b990e3889d6aa9cffef4a4c9d7d0923698,Armin Ronacher,2010-06-02 18:04:49,flask.py,13,0
flask,33e7f2b990e3889d6aa9cffef4a4c9d7d0923698,Armin Ronacher,2010-06-02 18:04:49,tests/flask_tests.py,32,0
flask,bc00fd1e83f23f57dd6a765b6a4bab2394584ae6,Armin Ronacher,2010-06-03 15:26:07,flask.py,36,3
flask,bc00fd1e83f23f57dd6a765b6a4bab2394584ae6,Armin Ronacher,2010-06-03 15:26:07,tests/flask_tests.py,31,0
flask,9983e847425621b5e474ae9da6822f1af0b0cc1f,Armin Ronacher,2010-06-03 16:21:23,flask.py,37,20
flask,9983e847425621b5e474ae9da6822f1af0b0cc1f,Armin Ronacher,2010-06-03 16:21:23,tests/flask_tests.py,12,4
flask,1ffa295d933c7e0cd1ee14c1592c40f72b9f22bb,Armin Ronacher,2010-06-03 16:25:15,docs/conf.py,11,3
flask,12c2cb5e12895a0d16b37b7a9e9a96d69a34c36e,Dag Odenhall,2010-06-05 19:34:18,flask.py,1,1
flask,cc7876f97fbc787ac7702453bdc62541f8ea47f6,Dag Odenhall,2010-06-05 19:34:18,flask.py,1,1
flask,e67903d134039b2452b2a3806e10451491ce768d,Dag Odenhall,2010-06-05 19:34:18,flask.py,1,1
flask,88a031ab24b0e7e2a5190f9e48f80f2b21aba1a0,Armin Ronacher,2010-06-05 04:36:04,flask.py,1,1
flask,51a5add86d0fa9889b69d51d45d06a2ac4c5df9f,Dag Odenhall,2010-06-06 05:56:05,flask.py,21,21
flask,06ed3e1e8888b73794876d39a53382eb45a54fe2,Dag Odenhall,2010-06-06 05:56:05,flask.py,1,1
flask,f5fb4576577cbedcedba9eb16d9fdace18c9292c,Armin Ronacher,2010-06-07 00:56:02,flask.py,10,0
flask,33a035bb0ec07a4ca92f1397e7caeb7714c57bd6,Armin Ronacher,2010-06-10 23:06:54,flask.py,3,1
flask,20c2e53893c202a4555bd7390672ee948fa6b1e0,Armin Ronacher,2010-06-11 01:37:35,flask.py,4,4
flask,d44b12774879cba83bf33c8ed7733157ab84d778,Armin Ronacher,2010-06-18 16:53:38,flask.py,8,4
flask,d44b12774879cba83bf33c8ed7733157ab84d778,Armin Ronacher,2010-06-18 16:53:38,tests/flask_tests.py,4,1
flask,528ae04be024ea27881f4c45e23590c011a8ea66,Armin Ronacher,2010-06-18 17:14:43,setup.py,1,1
flask,c68cf834330f94e3018d660a6fc967c16e374762,Armin Ronacher,2010-06-22 12:06:41,flask.py,3,0
flask,f195d9244756b9809bd2b00601b437f3e278b0b9,Armin Ronacher,2010-06-29 01:13:40,flask.py,4,2
flask,f195d9244756b9809bd2b00601b437f3e278b0b9,Armin Ronacher,2010-06-29 01:13:40,tests/flask_tests.py,21,0
flask,7ea1b801cc1f7d09ee18e8d70957c9d34b870700,Armin Ronacher,2010-06-29 01:32:02,flask.py,15,1
flask,bcd746e8cf0fc5f405c5f32b80517a4390de6fd9,Armin Ronacher,2010-06-29 01:36:06,tests/flask_tests.py,11,0
flask,3ab318a7ddca819e13d6d161b008b62b6583453e,Armin Ronacher,2010-07-01 12:56:34,flask.py,28,0
flask,a154c87cfca3e21316552b2ec558029f9c96122a,Armin Ronacher,2010-07-02 19:45:26,flask.py,10,0
flask,ee16a68bbd7caf4c8e79c5d6859f72ad38539bbf,Justin Quick,2010-07-02 14:19:26,flask.py,0,1573
flask,d0dc89ea802130e8a3a16b4fba73fa10815c09fb,Justin Quick,2010-07-02 14:20:58,flask/__init__.py,58,0
flask,d0dc89ea802130e8a3a16b4fba73fa10815c09fb,Justin Quick,2010-07-02 14:20:58,flask/app.py,778,0
flask,d0dc89ea802130e8a3a16b4fba73fa10815c09fb,Justin Quick,2010-07-02 14:20:58,flask/conf.py,135,0
flask,d0dc89ea802130e8a3a16b4fba73fa10815c09fb,Justin Quick,2010-07-02 14:20:58,flask/ctx.py,57,0
flask,d0dc89ea802130e8a3a16b4fba73fa10815c09fb,Justin Quick,2010-07-02 14:20:58,flask/helpers.py,310,0
flask,d0dc89ea802130e8a3a16b4fba73fa10815c09fb,Justin Quick,2010-07-02 14:20:58,flask/module.py,151,0
flask,d0dc89ea802130e8a3a16b4fba73fa10815c09fb,Justin Quick,2010-07-02 14:20:58,flask/session.py,28,0
flask,d0dc89ea802130e8a3a16b4fba73fa10815c09fb,Justin Quick,2010-07-02 14:20:58,flask/wrappers.py,57,0
flask,c4f64c1c475badaeef009ad46846e32a8e5c9b66,Justin Quick,2010-07-02 15:10:32,flask/__init__.py,6,41
flask,c4f64c1c475badaeef009ad46846e32a8e5c9b66,Justin Quick,2010-07-02 15:10:32,flask/app.py,22,2
flask,c4f64c1c475badaeef009ad46846e32a8e5c9b66,Justin Quick,2010-07-02 15:10:32,flask/conf.py,4,0
flask,c4f64c1c475badaeef009ad46846e32a8e5c9b66,Justin Quick,2010-07-02 15:10:32,flask/ctx.py,5,0
flask,c4f64c1c475badaeef009ad46846e32a8e5c9b66,Justin Quick,2010-07-02 15:10:32,flask/globals.py,8,0
flask,c4f64c1c475badaeef009ad46846e32a8e5c9b66,Justin Quick,2010-07-02 15:10:32,flask/helpers.py,22,4
flask,c4f64c1c475badaeef009ad46846e32a8e5c9b66,Justin Quick,2010-07-02 15:10:32,flask/module.py,1,0
flask,c4f64c1c475badaeef009ad46846e32a8e5c9b66,Justin Quick,2010-07-02 15:10:32,flask/session.py,3,0
flask,c4f64c1c475badaeef009ad46846e32a8e5c9b66,Justin Quick,2010-07-02 15:10:32,flask/wrappers.py,7,0
flask,1a69c7d4bf4d87d00b5fb2551ea39ee7c932768b,Justin Quick,2010-07-02 15:11:02,tests/flask_tests.py,3,3
flask,b2c7efd0fabcc0514e27d03ed30f5f8af1de1065,Marcus Fredriksson,2010-07-03 06:54:03,flask.py,1,1
flask,7599046d042d1bb3f2db6cdcd6458338802901c4,Armin Ronacher,2010-07-04 11:16:24,flask.py,34,8
flask,7599046d042d1bb3f2db6cdcd6458338802901c4,Armin Ronacher,2010-07-04 11:16:24,tests/flask_tests.py,8,0
flask,8798b4b7112fb984bd244c8581ab03ef4a7ba766,Armin Ronacher,2010-07-04 11:25:26,flask/__init__.py,1,1
flask,8798b4b7112fb984bd244c8581ab03ef4a7ba766,Armin Ronacher,2010-07-04 11:25:26,flask/app.py,34,8
flask,8798b4b7112fb984bd244c8581ab03ef4a7ba766,Armin Ronacher,2010-07-04 11:25:26,tests/flask_tests.py,2,3
flask,dd59d7241d0ebc713d51ab939f53ebd0df8b2dac,Armin Ronacher,2010-07-04 11:26:34,flask/app.py,1,1
flask,4f8ee8f12946b224e5003405be99aa4e454bdeee,Armin Ronacher,2010-07-04 11:35:20,flask/__init__.py,1,0
flask,4f8ee8f12946b224e5003405be99aa4e454bdeee,Armin Ronacher,2010-07-04 11:35:20,flask/app.py,12,1
flask,4f8ee8f12946b224e5003405be99aa4e454bdeee,Armin Ronacher,2010-07-04 11:35:20,flask/config.py,11,0
flask,4f8ee8f12946b224e5003405be99aa4e454bdeee,Armin Ronacher,2010-07-04 11:35:20,flask/ctx.py,15,1
flask,4f8ee8f12946b224e5003405be99aa4e454bdeee,Armin Ronacher,2010-07-04 11:35:20,flask/globals.py,13,1
flask,4f8ee8f12946b224e5003405be99aa4e454bdeee,Armin Ronacher,2010-07-04 11:35:20,flask/helpers.py,16,3
flask,4f8ee8f12946b224e5003405be99aa4e454bdeee,Armin Ronacher,2010-07-04 11:35:20,flask/module.py,11,0
flask,4f8ee8f12946b224e5003405be99aa4e454bdeee,Armin Ronacher,2010-07-04 11:35:20,flask/session.py,12,0
flask,4f8ee8f12946b224e5003405be99aa4e454bdeee,Armin Ronacher,2010-07-04 11:35:20,flask/wrappers.py,11,5
flask,4f8ee8f12946b224e5003405be99aa4e454bdeee,Armin Ronacher,2010-07-04 11:35:20,setup.py,1,1
flask,88d9315d1955ea4ee99f53e21593a0d1d9047ed0,Armin Ronacher,2010-07-04 11:37:39,flask/__init__.py,1,1
flask,d0c6ad7d287e543fcc941aa2b42557e06b9dc142,Armin Ronacher,2010-07-04 11:56:08,flask/app.py,1,1
flask,d0c6ad7d287e543fcc941aa2b42557e06b9dc142,Armin Ronacher,2010-07-04 11:56:08,flask/helpers.py,33,4
flask,532347d6adf1da64259f1af91860d5fa27bac9f1,Armin Ronacher,2010-07-04 12:06:29,flask/app.py,21,11
flask,532347d6adf1da64259f1af91860d5fa27bac9f1,Armin Ronacher,2010-07-04 12:06:29,flask/helpers.py,2,1
flask,fedc06c2950a4c9930082a014d0f8da6ee0193be,Armin Ronacher,2010-07-04 12:14:00,flask/app.py,2,4
flask,fedc06c2950a4c9930082a014d0f8da6ee0193be,Armin Ronacher,2010-07-04 12:14:00,flask/helpers.py,1,17
flask,15012af70017962c2a22bc3fe670b9cc50782366,Armin Ronacher,2010-07-04 12:48:37,flask/app.py,9,18
flask,15012af70017962c2a22bc3fe670b9cc50782366,Armin Ronacher,2010-07-04 12:48:37,flask/helpers.py,24,0
flask,15012af70017962c2a22bc3fe670b9cc50782366,Armin Ronacher,2010-07-04 12:48:37,flask/module.py,27,1
flask,a38dcd5e2bed1bcf2c1fc319fa9c3bc35e360fe0,Armin Ronacher,2010-07-04 13:42:00,flask/app.py,52,20
flask,a38dcd5e2bed1bcf2c1fc319fa9c3bc35e360fe0,Armin Ronacher,2010-07-04 13:42:00,flask/helpers.py,13,1
flask,a38dcd5e2bed1bcf2c1fc319fa9c3bc35e360fe0,Armin Ronacher,2010-07-04 13:42:00,flask/module.py,7,9
flask,a3c9494f67a0e89d44f459dac9eb9d0bc9b9025b,Armin Ronacher,2010-07-04 13:49:58,flask/__init__.py,2,2
flask,a3c9494f67a0e89d44f459dac9eb9d0bc9b9025b,Armin Ronacher,2010-07-04 13:49:58,flask/app.py,3,35
flask,a3c9494f67a0e89d44f459dac9eb9d0bc9b9025b,Armin Ronacher,2010-07-04 13:49:58,flask/helpers.py,0,25
flask,a3c9494f67a0e89d44f459dac9eb9d0bc9b9025b,Armin Ronacher,2010-07-04 13:49:58,flask/templating.py,74,0
flask,665fa2a32b5ff2b1c1887a48ed69329110a555f7,Armin Ronacher,2010-07-04 14:01:56,flask/app.py,3,3
flask,665fa2a32b5ff2b1c1887a48ed69329110a555f7,Armin Ronacher,2010-07-04 14:01:56,flask/ctx.py,0,11
flask,665fa2a32b5ff2b1c1887a48ed69329110a555f7,Armin Ronacher,2010-07-04 14:01:56,flask/templating.py,12,0
flask,d67a36cbdb20bfd9cd9931bceb8e6e3c27e9263f,Armin Ronacher,2010-07-04 14:12:29,flask/module.py,2,2
flask,d67a36cbdb20bfd9cd9931bceb8e6e3c27e9263f,Armin Ronacher,2010-07-04 14:12:29,tests/flask_tests.py,15,0
flask,d67a36cbdb20bfd9cd9931bceb8e6e3c27e9263f,Armin Ronacher,2010-07-04 14:12:29,tests/moduleapp/__init__.py,7,0
flask,d67a36cbdb20bfd9cd9931bceb8e6e3c27e9263f,Armin Ronacher,2010-07-04 14:12:29,tests/moduleapp/apps/__init__.py,0,0
flask,d67a36cbdb20bfd9cd9931bceb8e6e3c27e9263f,Armin Ronacher,2010-07-04 14:12:29,tests/moduleapp/apps/admin/__init__.py,9,0
flask,d67a36cbdb20bfd9cd9931bceb8e6e3c27e9263f,Armin Ronacher,2010-07-04 14:12:29,tests/moduleapp/apps/frontend/__init__.py,9,0
flask,b551f15b22c1d7d7749901e8d186246fb12038e8,Armin Ronacher,2010-07-04 14:17:29,flask/app.py,2,0
flask,b551f15b22c1d7d7749901e8d186246fb12038e8,Armin Ronacher,2010-07-04 14:17:29,flask/config.py,2,0
flask,2b00ec4017ee6b930bb805c294a459f112e4bc80,Armin Ronacher,2010-07-04 14:19:17,flask/app.py,2,2
flask,2b00ec4017ee6b930bb805c294a459f112e4bc80,Armin Ronacher,2010-07-04 14:19:17,flask/helpers.py,2,2
flask,9e1111c2fbc2c7670eb489df0262a90417b96019,Armin Ronacher,2010-07-04 17:21:13,flask/__init__.py,6,2
flask,80eb6cfffc3f3fe6e448aa0e26ba1566d4c42917,Armin Ronacher,2010-07-04 20:00:23,flask/__init__.py,7,7
flask,80eb6cfffc3f3fe6e448aa0e26ba1566d4c42917,Armin Ronacher,2010-07-04 20:00:23,flask/app.py,8,8
flask,80eb6cfffc3f3fe6e448aa0e26ba1566d4c42917,Armin Ronacher,2010-07-04 20:00:23,flask/ctx.py,2,2
flask,80eb6cfffc3f3fe6e448aa0e26ba1566d4c42917,Armin Ronacher,2010-07-04 20:00:23,flask/helpers.py,2,2
flask,80eb6cfffc3f3fe6e448aa0e26ba1566d4c42917,Armin Ronacher,2010-07-04 20:00:23,flask/templating.py,1,1
flask,80eb6cfffc3f3fe6e448aa0e26ba1566d4c42917,Armin Ronacher,2010-07-04 20:00:23,flask/wrappers.py,1,1
flask,51a89bf35ec6231d55f5caa8e12484e801f593fe,Armin Ronacher,2010-07-04 20:07:03,flask/helpers.py,5,1
flask,51a89bf35ec6231d55f5caa8e12484e801f593fe,Armin Ronacher,2010-07-04 20:07:03,flask/module.py,1,1
flask,51a89bf35ec6231d55f5caa8e12484e801f593fe,Armin Ronacher,2010-07-04 20:07:03,flask/wrappers.py,1,2
flask,f1cde5bbfcb7f0466ad35511ffe2e31ea57756d6,Armin Ronacher,2010-07-04 20:11:54,flask/app.py,9,0
flask,f1cde5bbfcb7f0466ad35511ffe2e31ea57756d6,Armin Ronacher,2010-07-04 20:11:54,flask/module.py,15,0
flask,8945a97a42d6475b1ee9fcb2689dc65dfce9828f,Armin Ronacher,2010-07-04 20:36:34,flask/helpers.py,2,1
flask,8945a97a42d6475b1ee9fcb2689dc65dfce9828f,Armin Ronacher,2010-07-04 20:36:34,tests/flask_tests.py,20,0
flask,b7109865a352e6bbee55247731136a46e1bab04d,Armin Ronacher,2010-07-04 22:57:49,flask/helpers.py,2,6
flask,ac13deff401069c3854acca10c926119c6e1cbe0,Armin Ronacher,2010-07-05 10:23:35,flask/__init__.py,2,1
flask,ac13deff401069c3854acca10c926119c6e1cbe0,Armin Ronacher,2010-07-05 10:23:35,flask/app.py,1,1
flask,ac13deff401069c3854acca10c926119c6e1cbe0,Armin Ronacher,2010-07-05 10:23:35,flask/helpers.py,29,7
flask,ac13deff401069c3854acca10c926119c6e1cbe0,Armin Ronacher,2010-07-05 10:23:35,flask/module.py,1,1
flask,ac13deff401069c3854acca10c926119c6e1cbe0,Armin Ronacher,2010-07-05 10:23:35,tests/flask_tests.py,2,0
flask,c34b03e9a677e467ea420d4286d4350ed429a4b8,Armin Ronacher,2010-07-05 10:25:51,flask/helpers.py,9,0
flask,df3f8940c30447f28f2ddf2a5f764cf543755f0d,Armin Ronacher,2010-07-05 10:31:18,flask/app.py,3,22
flask,df3f8940c30447f28f2ddf2a5f764cf543755f0d,Armin Ronacher,2010-07-05 10:31:18,flask/ctx.py,1,0
flask,df3f8940c30447f28f2ddf2a5f764cf543755f0d,Armin Ronacher,2010-07-05 10:31:18,flask/module.py,1,1
flask,df3f8940c30447f28f2ddf2a5f764cf543755f0d,Armin Ronacher,2010-07-05 10:31:18,flask/testing.py,39,0
flask,e5d82020384ae527c36424b52612bbe625db9268,Armin Ronacher,2010-07-05 10:32:06,flask/testing.py,5,0
flask,77e2fbf249031a7adb7e745f15ad5645027b5994,Armin Ronacher,2010-07-05 10:37:44,flask/app.py,3,16
flask,77e2fbf249031a7adb7e745f15ad5645027b5994,Armin Ronacher,2010-07-05 10:37:44,flask/logging.py,42,0
flask,77e2fbf249031a7adb7e745f15ad5645027b5994,Armin Ronacher,2010-07-05 10:37:44,flask/testing.py,1,0
flask,da514b398429653dbd368c6da48c9863d3c2632f,Armin Ronacher,2010-07-06 10:42:36,flask/app.py,5,2
flask,da514b398429653dbd368c6da48c9863d3c2632f,Armin Ronacher,2010-07-06 10:42:36,tests/flask_tests.py,14,0
flask,77743a5f15ddbc7d826abd4f189217bef88991b6,Armin Ronacher,2010-07-06 12:33:39,flask/module.py,3,1
flask,3f7ab1797730b8d07497744878d109baa9b235a5,Armin Ronacher,2010-07-06 16:28:47,setup.py,1,1
flask,98ea6579c80fc7754eef433e3d6a0f232b8be75a,Armin Ronacher,2010-07-06 19:10:08,setup.py,1,1
flask,0a93c552cc3318396e44c6ab1282190898ce0012,Armin Ronacher,2010-07-06 19:24:50,flask/templating.py,12,10
flask,0a93c552cc3318396e44c6ab1282190898ce0012,Armin Ronacher,2010-07-06 19:24:50,tests/flask_tests.py,12,0
flask,16e4d5a6553ff9c89a61c44ddec7da21126b631a,florentx,2010-07-07 02:09:07,flask/app.py,2,3
flask,16e4d5a6553ff9c89a61c44ddec7da21126b631a,florentx,2010-07-07 02:09:07,flask/logging.py,1,1
flask,16e4d5a6553ff9c89a61c44ddec7da21126b631a,florentx,2010-07-07 02:09:07,flask/module.py,1,1
flask,16e4d5a6553ff9c89a61c44ddec7da21126b631a,florentx,2010-07-07 02:09:07,flask/session.py,1,1
flask,16e4d5a6553ff9c89a61c44ddec7da21126b631a,florentx,2010-07-07 02:09:07,flask/templating.py,1,1
flask,0198313a22a98361947fceb8544c355be676f784,Thomas Schranz,2010-07-08 00:19:12,flask/helpers.py,6,1
flask,d12d73263f5d1664a65a42f71f19158b7e07ef2c,Armin Ronacher,2010-07-12 18:04:10,flask/app.py,6,2
flask,d12d73263f5d1664a65a42f71f19158b7e07ef2c,Armin Ronacher,2010-07-12 18:04:10,tests/flask_tests.py,24,0
flask,5e1b1030e8edecb0c9652f2a406933c049ea2397,Armin Ronacher,2010-07-12 23:04:24,flask/app.py,31,6
flask,5e1b1030e8edecb0c9652f2a406933c049ea2397,Armin Ronacher,2010-07-12 23:04:24,flask/ctx.py,3,2
flask,5e1b1030e8edecb0c9652f2a406933c049ea2397,Armin Ronacher,2010-07-12 23:04:24,flask/helpers.py,1,0
flask,5e1b1030e8edecb0c9652f2a406933c049ea2397,Armin Ronacher,2010-07-12 23:04:24,flask/wrappers.py,16,5
flask,5e1b1030e8edecb0c9652f2a406933c049ea2397,Armin Ronacher,2010-07-12 23:04:24,tests/flask_tests.py,13,4
flask,6e52355eb303e1b47f7b83ddbb94ff432e2df139,Armin Ronacher,2010-07-12 23:58:43,flask/wrappers.py,2,2
flask,ed16ae2183ad44a7ba89aedd331a180455ed0836,Armin Ronacher,2010-07-13 23:14:53,flask/app.py,8,5
flask,ed16ae2183ad44a7ba89aedd331a180455ed0836,Armin Ronacher,2010-07-13 23:14:53,flask/helpers.py,1,3
flask,aa3d8398fd1a38b449b64fea4979f358f3c711e3,Armin Ronacher,2010-07-13 23:30:29,flask/app.py,10,1
flask,aa3d8398fd1a38b449b64fea4979f358f3c711e3,Armin Ronacher,2010-07-13 23:30:29,flask/templating.py,1,0
flask,aa3d8398fd1a38b449b64fea4979f358f3c711e3,Armin Ronacher,2010-07-13 23:30:29,tests/flask_tests.py,24,0
flask,85ff63c32e7237280bff3293481a371fb3da180c,Armin Ronacher,2010-07-13 23:52:55,flask/helpers.py,11,0
flask,85ff63c32e7237280bff3293481a371fb3da180c,Armin Ronacher,2010-07-13 23:52:55,tests/flask_tests.py,1,1
flask,b1790cca55956c0cda132ac2fa6a2fb53fd2d009,Armin Ronacher,2010-07-14 10:47:57,flask/app.py,2,1
flask,b1790cca55956c0cda132ac2fa6a2fb53fd2d009,Armin Ronacher,2010-07-14 10:47:57,flask/wrappers.py,8,0
flask,f5b8c082847baa8a902cef22c43a5d50d7a55bdc,Armin Ronacher,2010-07-15 14:35:02,flask/app.py,2,4
flask,f5b8c082847baa8a902cef22c43a5d50d7a55bdc,Armin Ronacher,2010-07-15 14:35:02,flask/helpers.py,9,0
flask,f5b8c082847baa8a902cef22c43a5d50d7a55bdc,Armin Ronacher,2010-07-15 14:35:02,flask/module.py,12,3
flask,f5b8c082847baa8a902cef22c43a5d50d7a55bdc,Armin Ronacher,2010-07-15 14:35:02,tests/flask_tests.py,12,0
flask,1202996c634b23f82421753cb7c46a5ccdf7aca2,Armin Ronacher,2010-07-15 18:10:26,flask/templating.py,6,9
flask,6fc1492357a94ab553fe7ef16a7a2235d05f5a1d,Armin Ronacher,2010-07-17 11:36:16,flask/__init__.py,1,1
flask,6fc1492357a94ab553fe7ef16a7a2235d05f5a1d,Armin Ronacher,2010-07-17 11:36:16,flask/helpers.py,42,0
flask,6fc1492357a94ab553fe7ef16a7a2235d05f5a1d,Armin Ronacher,2010-07-17 11:36:16,tests/flask_tests.py,18,0
flask,90b8df3e4ce762ac4de4a6fabd8fb34532bedd5e,Armin Ronacher,2010-07-17 13:10:50,flask/helpers.py,1,1
flask,e0712b47c6e5bc98f2afd8b0a82cc5005dc58722,Armin Ronacher,2010-07-17 14:39:28,docs/conf.py,2,1
flask,e0712b47c6e5bc98f2afd8b0a82cc5005dc58722,Armin Ronacher,2010-07-17 14:39:28,flask/__init__.py,4,0
flask,e0712b47c6e5bc98f2afd8b0a82cc5005dc58722,Armin Ronacher,2010-07-17 14:39:28,flask/app.py,4,0
flask,e0712b47c6e5bc98f2afd8b0a82cc5005dc58722,Armin Ronacher,2010-07-17 14:39:28,flask/signals.py,50,0
flask,e0712b47c6e5bc98f2afd8b0a82cc5005dc58722,Armin Ronacher,2010-07-17 14:39:28,flask/templating.py,12,2
flask,e0712b47c6e5bc98f2afd8b0a82cc5005dc58722,Armin Ronacher,2010-07-17 14:39:28,tests/flask_tests.py,79,0
flask,91e9632a379ebdd778c229a6da86d11140fa7f17,Armin Ronacher,2010-07-17 15:26:35,flask/app.py,41,41
flask,a3a72e2d8d8df53164689fd84a5db2c6cd04f28a,Armin Ronacher,2010-07-17 15:39:24,flask/app.py,10,0
flask,a3a72e2d8d8df53164689fd84a5db2c6cd04f28a,Armin Ronacher,2010-07-17 15:39:24,flask/ctx.py,1,2
flask,e5008386b1a7e0ef3ebb5a4082bf2176d7169ab9,Armin Ronacher,2010-07-17 15:41:05,flask/app.py,5,0
flask,b6cae028f7a2c77108e5ef91e34c285a9ae7ad81,Armin Ronacher,2010-07-17 15:53:32,flask/signals.py,0,1
flask,405d4492e41b50f204d7e7d55aa0ac8f11edda1a,Armin Ronacher,2010-07-17 15:56:58,flask/app.py,1,1
flask,97d2a198e216b29be5533dfba81525481bc9c1e5,Armin Ronacher,2010-07-17 16:05:06,docs/conf.py,14,0
flask,5d011c356dfc659a4c2ef66e8c847d489aef4e9c,Armin Ronacher,2010-07-17 16:12:21,docs/conf.py,1,0
flask,2b103134cf165ba453d5492e1a73b57b1e5bef1e,Armin Ronacher,2010-07-17 17:09:01,docs/conf.py,1,1
flask,27d28dcef4cee8765dcd7a567689d35a41ddcd75,Armin Ronacher,2010-07-18 20:43:50,flask/__init__.py,1,0
flask,2912ff6f6e85983c372e1bc481337f3fdf6c7b9d,Armin Ronacher,2010-07-18 20:44:07,flask/signals.py,1,0
flask,c5b1755317c7bdfc20f4395a9a29a83b5b9cfd43,Armin Ronacher,2010-07-20 13:48:13,tests/flask_tests.py,15,0
flask,80268a408b981254bbf2bd318aaade9a21a281ef,Armin Ronacher,2010-07-20 15:05:10,docs/conf.py,1,0
flask,b49afa21ade898061d279ea20ba964d7e583c419,Armin Ronacher,2010-07-20 15:09:51,tests/flask_tests.py,8,2
flask,7680d52f42a562eda2e3f75b34118abb08d93414,Armin Ronacher,2010-07-23 13:29:21,flask/app.py,1,0
flask,7680d52f42a562eda2e3f75b34118abb08d93414,Armin Ronacher,2010-07-23 13:29:21,flask/module.py,10,2
flask,7680d52f42a562eda2e3f75b34118abb08d93414,Armin Ronacher,2010-07-23 13:29:21,tests/flask_tests.py,21,0
flask,dcf5dff414f2f4b9b24047510d3fa7ac643e971f,Armin Ronacher,2010-07-23 14:58:51,docs/conf.py,1,2
flask,f4bfae622b5515ebde795fb71e3cc128cc0d5ead,Armin Ronacher,2010-07-23 15:41:39,tests/flaskext_test.py,97,0
flask,a993a314fe7be148747cf804167d45f2ea8bf18e,Ali Afshar,2010-07-25 23:27:14,flask/templating.py,1,1
flask,3a80ecc66057d97e3a0ceb40e99ea7bde035381b,Armin Ronacher,2010-07-25 17:33:45,tests/flaskext_test.py,212,32
flask,fee5bdafe84bfcec492c2643544373c71f1e82a8,Armin Ronacher,2010-07-25 17:34:47,flask/app.py,1,2
flask,fee5bdafe84bfcec492c2643544373c71f1e82a8,Armin Ronacher,2010-07-25 17:34:47,flask/helpers.py,0,1
flask,d455135338d84dfac2a2b98f52cde1d43dd87681,Armin Ronacher,2010-07-25 23:46:24,tests/flaskext_test.py,11,2
flask,63a37b75aca15085e685d99f8b7a2e79c83e1f57,Armin Ronacher,2010-07-26 00:36:09,tests/flaskext_test.py,23,5
flask,140fc45ebd052ea07492c068e45d755d4b42c65c,Armin Ronacher,2010-07-26 00:59:41,tests/flaskext_test.py,4,0
flask,8bd8b014a8393d4b94e6fd192b64e3a2d2f65fce,Armin Ronacher,2010-07-26 02:30:52,tests/flaskext_test.py,5,2
flask,6aeb6a09aff3115466eb39253ec236ec98348d9e,Armin Ronacher,2010-07-26 02:52:05,tests/flaskext_test.py,3,1
flask,16b101edb6c10a984b0f2960feeeca5a458845a1,Armin Ronacher,2010-07-27 14:40:21,setup.py,1,1
flask,4cd5201cdd03e14edbceb24620717bbe82300524,Ronny Pfannschmidt,2010-07-28 05:34:04,tests/flaskext_test.py,3,5
flask,dbf55de7e8bfcf7cde967aa72ea006b764d484ac,Armin Ronacher,2010-07-28 01:28:00,flask/app.py,19,4
flask,dbf55de7e8bfcf7cde967aa72ea006b764d484ac,Armin Ronacher,2010-07-28 01:28:00,tests/flask_tests.py,11,0
flask,952967fcab0ffccc6b67485e8eed994a69d38d03,Armin Ronacher,2010-07-28 01:39:25,flask/app.py,8,2
flask,801918603cb075f96ff6c08a6fc6fb165f1eecda,Stephane Wirtel,2010-07-30 05:55:10,flask/helpers.py,1,1
flask,778e44e39eb42ff6cbee376ce40d1a52a25cb0ce,Armin Ronacher,2010-07-30 00:03:06,flask/config.py,5,1
flask,778e44e39eb42ff6cbee376ce40d1a52a25cb0ce,Armin Ronacher,2010-07-30 00:03:06,tests/flask_tests.py,12,0
flask,549af6229039e7fed7bcb2079737e45c27af998e,jgraeme,2010-08-03 18:07:41,flask/app.py,2,2
flask,549af6229039e7fed7bcb2079737e45c27af998e,jgraeme,2010-08-03 18:07:41,flask/helpers.py,1,1
flask,549af6229039e7fed7bcb2079737e45c27af998e,jgraeme,2010-08-03 18:07:41,flask/module.py,2,2
flask,549af6229039e7fed7bcb2079737e45c27af998e,jgraeme,2010-08-03 18:07:41,flask/wrappers.py,3,3
flask,f52f4fd31b9858f8b42be3fbb2818440e58978b4,Priit Laes,2010-08-03 18:08:26,setup.py,39,2
flask,c9002569c9abfa715e491aa636555e51ddf85d50,Armin Ronacher,2010-08-03 12:15:15,tests/flask_tests.py,11,12
flask,c9002569c9abfa715e491aa636555e51ddf85d50,Armin Ronacher,2010-08-03 12:15:15,tests/flaskext_test.py,0,1
flask,faa1c71e455a99e9b098aa9bb4667c07a1bab6aa,Armin Ronacher,2010-08-07 13:02:53,flask/globals.py,11,4
flask,faa1c71e455a99e9b098aa9bb4667c07a1bab6aa,Armin Ronacher,2010-08-07 13:02:53,tests/flask_tests.py,5,1
flask,fda14678c07d036ef3a1984a4e346e793cc5a63c,Armin Ronacher,2010-08-07 13:36:39,flask/helpers.py,26,1
flask,fda14678c07d036ef3a1984a4e346e793cc5a63c,Armin Ronacher,2010-08-07 13:36:39,tests/flask_tests.py,69,31
flask,a3a843999b8f98a96fb44f573515d44648d72bab,Armin Ronacher,2010-08-09 15:16:02,flask/templating.py,4,0
flask,a3a843999b8f98a96fb44f573515d44648d72bab,Armin Ronacher,2010-08-09 15:16:02,tests/flask_tests.py,2,0
flask,a3a843999b8f98a96fb44f573515d44648d72bab,Armin Ronacher,2010-08-09 15:16:02,tests/moduleapp/apps/admin/__init__.py,5,0
flask,9a21c34bb63c2343b7c8c6bcfc51fc72030909ed,Armin Ronacher,2010-08-10 22:55:40,tests/flask_tests.py,10,1
flask,6fca662c841797a2006999c699a6738b20af1d4e,Heungsub Lee,2010-08-20 17:09:19,flask/module.py,2,1
flask,2a73bbc436041875f81aeffd5b8f13c6da8fcf19,Armin Ronacher,2010-08-20 11:16:18,tests/flask_tests.py,9,0
flask,2a73bbc436041875f81aeffd5b8f13c6da8fcf19,Armin Ronacher,2010-08-20 11:16:18,tests/subdomaintestmodule/__init__.py,4,0
flask,eb67242e1cb08566a1cd2489933479368a48b4a5,Armin Ronacher,2010-09-10 11:01:58,flask/app.py,1,1
flask,1e4e578d73b78e2e11696b2e2d0763fd00367521,Armin Ronacher,2010-09-12 13:18:08,flask/app.py,16,0
flask,1d2a308c202f401446fa1f092fe0af904ac0230d,Armin Ronacher,2010-10-19 09:09:55,tests/flaskext_test.py,1,0
flask,405c2992f8de441789a1ed82045ab77cefbbedfc,Jeff Weber,2010-10-19 09:09:58,flask/config.py,2,1
flask,88883aa6db3b27f132000a4cf2a99c1fbbe941c9,Pedro Algarvio,2010-10-22 15:36:47,flask/app.py,9,0
flask,88883aa6db3b27f132000a4cf2a99c1fbbe941c9,Pedro Algarvio,2010-10-22 15:36:47,tests/flask_tests.py,17,0
flask,a327452540bbcffe73207f8164504115b6c9e856,Pedro Algarvio,2010-10-22 18:19:21,flask/app.py,5,3
flask,a327452540bbcffe73207f8164504115b6c9e856,Pedro Algarvio,2010-10-22 18:19:21,flask/testing.py,24,2
flask,a327452540bbcffe73207f8164504115b6c9e856,Pedro Algarvio,2010-10-22 18:19:21,tests/flask_tests.py,103,2
flask,d4c44a7d8c1554dfafc240f6a1714bc58fdc05f5,Dag Odenhall,2010-10-25 17:49:37,flask/app.py,1,1
flask,94a7312d5ac5e2f949c4e27ecf2a273cec3d8c0c,Daniel Haaker,2010-10-29 18:41:10,examples/flaskr/flaskr_tests.py,1,1
flask,858806da69f9f46eb4abaf67bf78d864ea104760,Georg Brandl,2010-11-08 18:29:09,flask/helpers.py,3,1
flask,8569dfee6136bfda4a5fa2297aed3d82700bb1a5,Armin Ronacher,2010-11-29 08:57:38,flask/app.py,14,1
flask,8569dfee6136bfda4a5fa2297aed3d82700bb1a5,Armin Ronacher,2010-11-29 08:57:38,tests/flask_tests.py,28,1
flask,164067920ba7832e587a24725384789ab92bd55f,Armin Ronacher,2010-12-01 17:22:55,examples/flaskr/flaskr.py,1,1
flask,164067920ba7832e587a24725384789ab92bd55f,Armin Ronacher,2010-12-01 17:22:55,examples/minitwit/minitwit.py,1,1
flask,164067920ba7832e587a24725384789ab92bd55f,Armin Ronacher,2010-12-01 17:22:55,tests/flask_tests.py,12,0
flask,4b65c7ed5a31d56e194817231eb88e1083ba285d,Armin Ronacher,2010-12-06 03:16:13,flask/app.py,15,3
flask,fb88d9d0253bffdd67665d2e1b761bd3d9986804,Armin Ronacher,2010-12-07 22:08:46,flask/app.py,1,1
flask,ed70b42798a31bce951917ff22b996c810e2c3a9,Armin Ronacher,2010-12-23 14:15:18,flask/helpers.py,11,1
flask,11c66be80e3e249c5f14dd9a23f49a073cd03903,Armin Ronacher,2010-12-23 14:23:33,tests/flask_tests.py,15,0
flask,9ae4eba9861bfa959bac6adfaf5842ef7d937eb6,Daniel Gerber,2011-01-08 00:51:16,flask/module.py,1,1
flask,402f12bb6d578b767dfd637400f9194736458795,Armin Ronacher,2011-01-14 00:29:37,docs/conf.py,1,1
flask,07688d7b9302fd47cfd0ea053171ad6561c3f9b9,Ivo Danihelka,2011-01-16 14:29:56,flask/helpers.py,1,1
flask,99be2ec022e2ceb1c21527c8278a7179630430d5,Armin Ronacher,2011-01-16 17:13:25,flask/app.py,2,1
flask,99be2ec022e2ceb1c21527c8278a7179630430d5,Armin Ronacher,2011-01-16 17:13:25,tests/flask_tests.py,18,0
flask,4a45345fc44f60275b91c47031dd44abce02f596,Dag Odenhall,2011-01-20 16:45:49,flask/helpers.py,1,1
flask,8a73097fe528430eb77ac26c81ba85229a8af553,mvantellingen,2011-01-24 13:49:11,tests/flask_tests.py,45,0
flask,b0ca7e5af15ef2218b9726aba1d8948a409dedb9,mvantellingen,2011-01-24 13:49:11,flask/app.py,17,0
flask,b0ca7e5af15ef2218b9726aba1d8948a409dedb9,mvantellingen,2011-01-24 13:49:11,flask/module.py,8,0
flask,0bf777ed81d5296fb722931d35e5db4333e3de39,Armin Ronacher,2011-02-05 17:41:02,flask/helpers.py,2,6
flask,1643e5c39157e4f43d20b965c9967eeec8e90700,Sean Reifschneider,2011-02-17 22:37:23,flask/app.py,1,1
flask,00c5b7a937b63378394fc6fc576aa6c27106d6d6,Armin Ronacher,2011-02-21 21:56:37,flask/app.py,9,1
flask,00c5b7a937b63378394fc6fc576aa6c27106d6d6,Armin Ronacher,2011-02-21 21:56:37,tests/flask_tests.py,13,0
flask,b3fc9eb36b8021ad966be57532a5fa5ae4231e13,mvantellingen,2011-03-13 21:24:26,flask/ctx.py,8,3
flask,5cc40f4728d5b5356cf49b7dfaa2b130e0b0aedf,Aaron Kavlie,2011-03-14 10:36:33,flask/config.py,8,3
flask,fa9817778c83eb35b9c2c4332ccb7e5190d1ffa2,Aaron Kavlie,2011-03-14 10:41:22,flask/config.py,1,0
flask,fa9817778c83eb35b9c2c4332ccb7e5190d1ffa2,Aaron Kavlie,2011-03-14 10:41:22,tests/flask_tests.py,2,1
flask,34a494713c085926d023f8e8f9cf6f0c40bab660,Armin Ronacher,2011-03-14 14:21:28,flask/config.py,3,0
flask,235369fd613b72c1767b2b20d9f94dee1d6090d5,Armin Ronacher,2011-03-14 14:21:44,flask/config.py,0,1
flask,04e70bd5c7bd80696eabaea11afd9080d874f859,Matt Chisholm,2011-03-14 14:28:15,flask/app.py,39,0
flask,04e70bd5c7bd80696eabaea11afd9080d874f859,Matt Chisholm,2011-03-14 14:28:15,tests/flask_tests.py,73,1
flask,fbd488678f93c13527a9fba252bd89b53abec5e9,Armin Ronacher,2011-03-14 16:13:58,flask/__init__.py,1,0
flask,fbd488678f93c13527a9fba252bd89b53abec5e9,Armin Ronacher,2011-03-14 16:13:58,flask/ctx.py,32,0
flask,fbd488678f93c13527a9fba252bd89b53abec5e9,Armin Ronacher,2011-03-14 16:13:58,tests/flask_tests.py,12,0
flask,1a7f579ece2528e73d9959d6fe4c8d7172fc3959,Aaron Kavlie,2011-03-14 23:32:33,flask/config.py,2,2
flask,97efffad9a9858c0d966723d543e1186629631d4,Armin Ronacher,2011-03-15 11:47:59,tests/flask_tests.py,4,0
flask,67581795c4b1d5d27aaadf71f82bb6862887ba74,Aaron Kavlie,2011-03-15 12:19:05,flask/config.py,2,2
flask,4c8c503326f8b26787945082007a294dff4c255b,Armin Ronacher,2011-03-18 09:00:24,flask/app.py,3,1
flask,0da56d7f5cfb6a637129444bfe0d6bf2584363ac,Armin Ronacher,2011-03-18 09:15:28,flask/app.py,34,16
flask,0da56d7f5cfb6a637129444bfe0d6bf2584363ac,Armin Ronacher,2011-03-18 09:15:28,flask/helpers.py,31,0
flask,0da56d7f5cfb6a637129444bfe0d6bf2584363ac,Armin Ronacher,2011-03-18 09:15:28,tests/flask_tests.py,20,0
flask,5910ef8a439196075f16e8d19d72c8bcb704a62f,Armin Ronacher,2011-03-18 09:16:33,flask/helpers.py,2,2
flask,1446614915b9ab4f75cbdfd79a80b71492b00276,Armin Ronacher,2011-03-18 09:30:56,flask/app.py,17,0
flask,1446614915b9ab4f75cbdfd79a80b71492b00276,Armin Ronacher,2011-03-18 09:30:56,tests/flask_tests.py,30,4
flask,a06cd0a64418f2aafafb0a574c64c2ea5f3e9239,Armin Ronacher,2011-03-19 03:28:39,flask/app.py,27,5
flask,a06cd0a64418f2aafafb0a574c64c2ea5f3e9239,Armin Ronacher,2011-03-19 03:28:39,flask/templating.py,56,16
flask,a06cd0a64418f2aafafb0a574c64c2ea5f3e9239,Armin Ronacher,2011-03-19 03:28:39,flask/wrappers.py,9,1
flask,a06cd0a64418f2aafafb0a574c64c2ea5f3e9239,Armin Ronacher,2011-03-19 03:28:39,tests/flask_tests.py,1,0
flask,0ecc686372f577ccbcbcb818e1386ceb7bd9391d,Armin Ronacher,2011-04-17 19:03:06,flask/helpers.py,1,1
flask,709ecefee1859cf16cc8bdfa642e39fbc6b4421e,Rémy Roy,2011-04-18 16:39:33,flask/app.py,4,1
flask,7ed3196e8d1861acd027c409c47e51cce812ba63,Simon Sapin,2011-04-18 16:48:12,flask/__init__.py,1,1
flask,7ed3196e8d1861acd027c409c47e51cce812ba63,Simon Sapin,2011-04-18 16:48:12,flask/helpers.py,27,7
flask,d8fcd4260e9194a03267ddb913a8b5d7cf0948d2,Armin Ronacher,2011-04-18 23:19:59,flask/helpers.py,1,1
flask,d8fcd4260e9194a03267ddb913a8b5d7cf0948d2,Armin Ronacher,2011-04-18 23:19:59,tests/flask_tests.py,1,0
flask,e774e3a69eeb9a811a22e73ff87267e8bf4f9027,Armin Ronacher,2011-04-18 23:20:24,flask/helpers.py,4,5
flask,a4ea3159a27d775b53774cea2d47c733a460fb93,Armin Ronacher,2011-04-25 16:01:58,flask/app.py,3,2
flask,017117778ec477205eaba6acab951951808a60a5,Armin Ronacher,2011-04-25 16:02:35,flask/helpers.py,2,1
flask,15c937b316b16b12df2375c706bcc93e3d37d33e,Ron DuPlain,2011-05-01 16:36:51,flask/app.py,0,9
flask,57920a5808c03d7d035f592a13a71ba627fe85da,Sharoon Thomas,2011-05-17 11:41:12,flask/helpers.py,2,1
flask,ea77d5e12d5148e8f42e449deac64f363c5db484,Ron DuPlain,2011-05-19 09:14:53,flask/config.py,2,2
flask,41952d2b259efdd89634aef7f47afc4cef6e7190,Steve Romanow,2011-05-24 16:24:24,flask/wrappers.py,7,1
flask,d90765b0265eec81130172efe3250cd1e3c900bd,Armin Ronacher,2011-05-24 16:29:46,tests/flask_tests.py,12,0
flask,7242abcfb22c5b7321dc658766e8b6f5486ff1c3,Armin Ronacher,2011-05-24 16:34:41,flask/logging.py,2,1
flask,e3f2dd8f080115d626437bbee3631f7cf5560ca5,Armin Ronacher,2011-05-27 15:59:11,tests/flask_tests.py,16,0
flask,e71a5ff8de93801c30ed6daecac4b8502aa86813,Armin Ronacher,2011-05-27 20:10:53,flask/__init__.py,1,1
flask,e71a5ff8de93801c30ed6daecac4b8502aa86813,Armin Ronacher,2011-05-27 20:10:53,flask/app.py,88,42
flask,e71a5ff8de93801c30ed6daecac4b8502aa86813,Armin Ronacher,2011-05-27 20:10:53,flask/ctx.py,31,4
flask,e71a5ff8de93801c30ed6daecac4b8502aa86813,Armin Ronacher,2011-05-27 20:10:53,flask/signals.py,1,0
flask,e71a5ff8de93801c30ed6daecac4b8502aa86813,Armin Ronacher,2011-05-27 20:10:53,tests/flask_tests.py,4,1
flask,ba6bf23e0d08ca0b9163b4e5c37b3d2fd274b1b2,Armin Ronacher,2011-05-27 20:12:20,tests/flask_tests.py,13,33
flask,115d31ddbfac0773794f115eada88a75d651a0f2,Armin Ronacher,2011-05-27 20:29:03,flask/app.py,2,0
flask,b51ecd7f212588b3d7363db90a4ab8318ec2fa80,Armin Ronacher,2011-05-27 20:29:47,examples/flaskr/flaskr.py,2,3
flask,b51ecd7f212588b3d7363db90a4ab8318ec2fa80,Armin Ronacher,2011-05-27 20:29:47,examples/minitwit/minitwit.py,2,3
flask,086ecdb91829d43a9b948c6d97524d8de18e2fa4,Armin Ronacher,2011-05-28 15:11:48,flask/app.py,12,1
flask,7a08331ac062ee1e2ae3c7547f77c2d342ddb3df,Armin Ronacher,2011-05-29 15:54:58,flask/app.py,42,41
flask,7a08331ac062ee1e2ae3c7547f77c2d342ddb3df,Armin Ronacher,2011-05-29 15:54:58,flask/blueprints.py,172,0
flask,7a08331ac062ee1e2ae3c7547f77c2d342ddb3df,Armin Ronacher,2011-05-29 15:54:58,flask/ctx.py,11,0
flask,7a08331ac062ee1e2ae3c7547f77c2d342ddb3df,Armin Ronacher,2011-05-29 15:54:58,flask/helpers.py,41,21
flask,7a08331ac062ee1e2ae3c7547f77c2d342ddb3df,Armin Ronacher,2011-05-29 15:54:58,flask/module.py,17,204
flask,7a08331ac062ee1e2ae3c7547f77c2d342ddb3df,Armin Ronacher,2011-05-29 15:54:58,flask/templating.py,4,1
flask,7a08331ac062ee1e2ae3c7547f77c2d342ddb3df,Armin Ronacher,2011-05-29 15:54:58,flask/wrappers.py,16,7
flask,7a08331ac062ee1e2ae3c7547f77c2d342ddb3df,Armin Ronacher,2011-05-29 15:54:58,tests/flask_tests.py,1,0
flask,f7e71b518f30923f494750e476f30d91c415723e,Armin Ronacher,2011-05-29 18:55:06,flask/app.py,3,1
flask,f7e71b518f30923f494750e476f30d91c415723e,Armin Ronacher,2011-05-29 18:55:06,flask/blueprints.py,23,16
flask,5da1fc22153032923b1560a34a0f346d6517a12d,Armin Ronacher,2011-05-29 19:52:10,flask/app.py,49,1
flask,5da1fc22153032923b1560a34a0f346d6517a12d,Armin Ronacher,2011-05-29 19:52:10,flask/blueprints.py,32,0
flask,4d6cd1a3901495f66513934bb7e1a6ac58116400,Armin Ronacher,2011-05-29 19:56:16,flask/app.py,14,0
flask,4d6cd1a3901495f66513934bb7e1a6ac58116400,Armin Ronacher,2011-05-29 19:56:16,flask/helpers.py,1,0
flask,db28217574c119b65f4a5c9dcc7922656d60f22b,Armin Ronacher,2011-05-29 20:05:39,flask/__init__.py,1,0
flask,db28217574c119b65f4a5c9dcc7922656d60f22b,Armin Ronacher,2011-05-29 20:05:39,flask/app.py,1,1
flask,8017febac4d8cfec57378a6d5514ab19957f8cdc,Simon Sapin,2011-05-30 15:06:32,flask/helpers.py,4,1
flask,f5ec9952decda8731a1f40ba788ba06d12c0229b,Armin Ronacher,2011-06-05 10:27:15,flask/app.py,94,11
flask,f5ec9952decda8731a1f40ba788ba06d12c0229b,Armin Ronacher,2011-06-05 10:27:15,flask/blueprints.py,23,1
flask,f5ec9952decda8731a1f40ba788ba06d12c0229b,Armin Ronacher,2011-06-05 10:27:15,tests/flask_tests.py,60,0
flask,1f31ec4bea20e67f1870a0857c869eafa109c4d4,Armin Ronacher,2011-06-05 10:32:00,flask/app.py,9,0
flask,6dae36f94db40d242fee73d10467a25cfa90b580,Armin Ronacher,2011-06-05 13:19:28,flask/helpers.py,7,4
flask,6dae36f94db40d242fee73d10467a25cfa90b580,Armin Ronacher,2011-06-05 13:19:28,scripts/flask-07-upgrade.py,171,0
flask,5e91b0c352d6493b2669c6da413fd0ed65cb6b7c,Armin Ronacher,2011-06-05 13:52:40,scripts/flask-07-upgrade.py,65,1
flask,479e242afc0665306745ea1845ba47ceaaede770,Armin Ronacher,2011-06-05 13:53:40,scripts/flask-07-upgrade.py,2,3
flask,6d072f00adb12569380becd17f277b5456ad07c0,Armin Ronacher,2011-06-05 14:31:17,scripts/flask-07-upgrade.py,100,17
flask,670d2bcf7aaf6be3701aa58fb2ad39d3bb80e071,Armin Ronacher,2011-06-05 14:31:33,scripts/testproj/test.py,30,0
flask,cbfacd8962587d864e89d876e772fb4c1234f94d,Armin Ronacher,2011-06-05 14:32:33,scripts/flask-07-upgrade.py,5,0
flask,10104e98cf89b1e57f8359b0209307fefaee2ea1,Armin Ronacher,2011-06-05 14:37:33,scripts/flask-07-upgrade.py,2,1
flask,17d1ade6b956a1dc508f096f951fc52800b2a20e,Armin Ronacher,2011-06-05 14:37:57,scripts/flask-07-upgrade.py,1,1
flask,aa863efd9294dcd8afef6e5fa590ae2f88cbb0a2,Armin Ronacher,2011-06-05 16:00:19,scripts/flask-07-upgrade.py,9,11
flask,9770054dee42df5e5a1f4dcf5c46e444ac86cb76,Armin Ronacher,2011-06-05 16:11:17,scripts/flask-07-upgrade.py,4,1
flask,6094c8536bb9ac90abbca5c970bdc1bd645395ba,Armin Ronacher,2011-06-05 16:16:13,scripts/flask-07-upgrade.py,1,1
flask,99bb902cc351c32c4646d6baeaa3de3bc9086718,Armin Ronacher,2011-06-05 16:21:31,scripts/flask-07-upgrade.py,7,3
flask,99bb902cc351c32c4646d6baeaa3de3bc9086718,Armin Ronacher,2011-06-05 16:21:31,scripts/testproj/test.py,5,0
flask,b4ffa4d9ac9cd652e94a97fa633f021d2f934582,Armin Ronacher,2011-06-06 10:10:10,scripts/flask-07-upgrade.py,4,1
flask,b4ffa4d9ac9cd652e94a97fa633f021d2f934582,Armin Ronacher,2011-06-06 10:10:10,scripts/testproj/test.py,1,0
flask,bfd67764fb48311e6a7ddcc85244726d70af677b,Armin Ronacher,2011-06-07 15:32:44,flask/blueprints.py,36,17
flask,bfd67764fb48311e6a7ddcc85244726d70af677b,Armin Ronacher,2011-06-07 15:32:44,scripts/testproj/test.py,14,13
flask,3d6e3e48ad2445c80761c930ddfbe0ce24be3eb3,Ron DuPlain,2011-06-08 10:59:32,flask/blueprints.py,20,20
flask,abe1378caec759cc8c6fc0afeaad248677c4420f,Armin Ronacher,2011-06-16 23:55:49,flask/app.py,4,3
flask,abe1378caec759cc8c6fc0afeaad248677c4420f,Armin Ronacher,2011-06-16 23:55:49,flask/blueprints.py,3,3
flask,abe1378caec759cc8c6fc0afeaad248677c4420f,Armin Ronacher,2011-06-16 23:55:49,flask/helpers.py,6,5
flask,abe1378caec759cc8c6fc0afeaad248677c4420f,Armin Ronacher,2011-06-16 23:55:49,flask/module.py,1,2
flask,abe1378caec759cc8c6fc0afeaad248677c4420f,Armin Ronacher,2011-06-16 23:55:49,flask/templating.py,35,40
flask,abe1378caec759cc8c6fc0afeaad248677c4420f,Armin Ronacher,2011-06-16 23:55:49,tests/flask_tests.py,1,1
flask,62d91d67f3b96ce7412d747ab3dd60a3aecc8276,Armin Ronacher,2011-06-17 02:45:57,flask/app.py,6,1
flask,e17e74d3a74b5d32a622587b2b9da9840bf3a7e0,Armin Ronacher,2011-06-17 03:29:40,flask/blueprints.py,15,3
flask,e17e74d3a74b5d32a622587b2b9da9840bf3a7e0,Armin Ronacher,2011-06-17 03:29:40,tests/flask_tests.py,21,0
flask,37fab7888744b23f62f678614656b686bb046379,Armin Ronacher,2011-06-17 03:39:49,tests/blueprintapp/__init__.py,7,0
flask,37fab7888744b23f62f678614656b686bb046379,Armin Ronacher,2011-06-17 03:39:49,tests/blueprintapp/apps/__init__.py,0,0
flask,37fab7888744b23f62f678614656b686bb046379,Armin Ronacher,2011-06-17 03:39:49,tests/blueprintapp/apps/admin/__init__.py,13,0
flask,37fab7888744b23f62f678614656b686bb046379,Armin Ronacher,2011-06-17 03:39:49,tests/blueprintapp/apps/frontend/__init__.py,8,0
flask,37fab7888744b23f62f678614656b686bb046379,Armin Ronacher,2011-06-17 03:39:49,tests/flask_tests.py,33,3
flask,0fcbe0a47895a1d1106b50420fe696e04520b621,Armin Ronacher,2011-06-17 03:42:11,scripts/flask-07-upgrade.py,6,69
flask,86175054d63df56c4f3c79108d363ef5e127e440,Armin Ronacher,2011-06-17 20:27:25,flask/blueprints.py,31,4
flask,7e55b5084ddbaeeadd8358b216f36e7706c79199,Armin Ronacher,2011-06-17 21:53:11,examples/flaskr/flaskr_tests.py,1,0
flask,0e98a080976f39e20aa6f18e8a335aa23d9334f7,Armin Ronacher,2011-06-25 12:26:07,flask/app.py,7,1
flask,ab6bac111c9fa551ae0b6386a2cd6a13b45c26c7,Armin Ronacher,2011-06-26 21:34:27,flask/ctx.py,12,6
flask,3d146548c7e687b1938c66df12082a1ab037c75d,Armin Ronacher,2011-06-27 00:31:24,flask/__init__.py,2,0
flask,3d146548c7e687b1938c66df12082a1ab037c75d,Armin Ronacher,2011-06-27 00:31:24,scripts/make-release.py,138,0
flask,bffe97bb50c8d0b32d66abd59751fef51155a290,Armin Ronacher,2011-06-27 00:34:15,scripts/make-release.py,12,0
flask,874079bffed0f02235f55e4a512822194ac2449a,Armin Ronacher,2011-06-27 00:45:31,flask/__init__.py,1,1
flask,874079bffed0f02235f55e4a512822194ac2449a,Armin Ronacher,2011-06-27 00:45:31,setup.py,1,1
flask,85efa3f89571d66071b86110bf7b615e38234aa8,Armin Ronacher,2011-06-27 01:04:18,scripts/flask-07-upgrade.py,48,17
flask,85efa3f89571d66071b86110bf7b615e38234aa8,Armin Ronacher,2011-06-27 01:04:18,scripts/testproj/test.py,10,1
flask,ea7a1720779ab4680304d2bc9dffcb6f5c7f2798,Armin Ronacher,2011-06-27 09:20:50,flask/wrappers.py,1,1
flask,ea7a1720779ab4680304d2bc9dffcb6f5c7f2798,Armin Ronacher,2011-06-27 09:20:50,tests/flask_tests.py,25,0
flask,1e7577578f08f1685d98bdac5ce1c43973647aee,Armin Ronacher,2011-06-27 09:30:27,flask/helpers.py,7,1
flask,ccd5ced70e48515e222b84dccc8f21d32c864dcd,Armin Ronacher,2011-06-27 09:40:45,flask/app.py,2,1
flask,ccd5ced70e48515e222b84dccc8f21d32c864dcd,Armin Ronacher,2011-06-27 09:40:45,tests/flask_tests.py,14,0
flask,7e6c70a133c833ef08f83a7e5cc926bf6e5581f1,Ron DuPlain,2011-06-27 09:23:31,flask/blueprints.py,20,0
flask,dcf21989dc71f4ab93ceaf0627e40c516462bd8c,Armin Ronacher,2011-06-28 12:45:49,flask/app.py,8,3
flask,dcf21989dc71f4ab93ceaf0627e40c516462bd8c,Armin Ronacher,2011-06-28 12:45:49,flask/views.py,102,0
flask,dcf21989dc71f4ab93ceaf0627e40c516462bd8c,Armin Ronacher,2011-06-28 12:45:49,tests/flask_tests.py,37,0
flask,775caf726db10c6c736a454b17fcc0f1f1474193,Armin Ronacher,2011-06-28 14:24:37,flask/views.py,15,5
flask,b36d7b3288442173bcc999ebb4310674869a526d,Armin Ronacher,2011-06-28 14:24:54,tests/flask_tests.py,41,0
flask,fb1482d3bb1b95803d25247479eb8ca8317a3219,Armin Ronacher,2011-06-28 14:36:52,flask/__init__.py,1,1
flask,fb1482d3bb1b95803d25247479eb8ca8317a3219,Armin Ronacher,2011-06-28 14:36:52,setup.py,1,1
flask,b64fa73467424b8e6c4efa565d4d5bc2ae414ab7,Armin Ronacher,2011-06-28 14:37:02,flask/__init__.py,1,1
flask,b64fa73467424b8e6c4efa565d4d5bc2ae414ab7,Armin Ronacher,2011-06-28 14:37:02,setup.py,1,1
flask,5afeac0c19b6c9ca6456dff368724492822ea165,Armin Ronacher,2011-06-28 16:06:51,scripts/make-release.py,1,1
flask,57d9a2a1187b306c6997a3dcbac25837a54862f2,Ron DuPlain,2011-06-28 12:00:06,flask/helpers.py,2,0
flask,a101cfc35be437ad0e4f56da0d92f14c27abda67,Armin Ronacher,2011-06-29 18:31:48,flask/app.py,6,0
flask,a101cfc35be437ad0e4f56da0d92f14c27abda67,Armin Ronacher,2011-06-29 18:31:48,tests/flask_tests.py,15,0
flask,510823c1592abe4c57e051e9d21bd134ab7f07a7,Armin Ronacher,2011-06-29 18:31:56,flask/__init__.py,1,1
flask,510823c1592abe4c57e051e9d21bd134ab7f07a7,Armin Ronacher,2011-06-29 18:31:56,setup.py,1,1
flask,21d4a054e399a42ac448814116580a5c62991fce,Armin Ronacher,2011-06-29 18:35:16,scripts/make-release.py,1,1
flask,7e1ebae3a2879b989cae4d27bb8dd1dc8a1313ee,Armin Ronacher,2011-06-29 18:37:13,scripts/make-release.py,2,2
flask,15372661af2974577d5c1d15fdaf88452661c2a9,Armin Ronacher,2011-07-01 00:56:06,flask/templating.py,0,2
flask,bd473c158788bd2c1153fc8fe45831aaa648824a,Armin Ronacher,2011-07-06 10:16:56,flask/blueprints.py,2,2
flask,bd473c158788bd2c1153fc8fe45831aaa648824a,Armin Ronacher,2011-07-06 10:16:56,tests/flask_tests.py,58,0
flask,515e946b020584db7f236eb8ad139f9f32de305f,Armin Ronacher,2011-07-06 10:21:23,flask/__init__.py,1,1
flask,515e946b020584db7f236eb8ad139f9f32de305f,Armin Ronacher,2011-07-06 10:21:23,setup.py,1,1
flask,0fccfe711fda524f216f82263bb83787a75035fd,Armin Ronacher,2011-07-07 11:27:22,flask/__init__.py,0,1
flask,0fccfe711fda524f216f82263bb83787a75035fd,Armin Ronacher,2011-07-07 11:27:22,flask/app.py,22,16
flask,0fccfe711fda524f216f82263bb83787a75035fd,Armin Ronacher,2011-07-07 11:27:22,flask/ctx.py,1,1
flask,0fccfe711fda524f216f82263bb83787a75035fd,Armin Ronacher,2011-07-07 11:27:22,flask/session.py,7,31
flask,10c99e95e98844ba191e4767550b0dc19fa6d34c,Armin Ronacher,2011-07-07 12:25:25,flask/sessions.py,168,0
flask,7290981cef49058b9c53f8a4465cf85537c0d22d,Armin Ronacher,2011-07-07 12:31:57,flask/sessions.py,7,0
flask,10f8dc18b8d43c2776c9381f681263778674bf0d,Armin Ronacher,2011-07-07 13:11:32,flask/sessions.py,3,1
flask,f29ec355e99e052f98df46875aeb8e319b8e1beb,Armin Ronacher,2011-07-07 13:14:15,flask/__init__.py,3,0
flask,deb513c7fe5a285e2bdeff99424e243d7b4f7829,Armin Ronacher,2011-07-08 14:38:49,flask/sessions.py,1,1
flask,585bf02ee0d23d020f8a24db645c308d912b62e0,Armin Ronacher,2011-07-08 19:20:40,flask/sessions.py,7,6
flask,d90b1f1705b7bda17743406b4eac5511bdbb702a,Armin Ronacher,2011-07-08 19:21:50,flask/sessions.py,6,7
flask,ebb65b81e1279060bd75d211e5e32aecf0fa3932,Armin Ronacher,2011-07-10 13:33:52,flask/app.py,1,1
flask,fd679638ea991fbdd5d7318bc9451f0bd5532224,Jesse Dubay,2011-07-11 15:25:37,flask/app.py,1,1
flask,7dcf6cbc3141d100e229b4a781f67ab1286af055,Michał Bartoszkiewicz,2011-07-12 21:51:53,flask/ctx.py,0,1
flask,9d899cd63e539b92262bbc6f101e7b5408bb31fc,Armin Ronacher,2011-07-13 14:04:23,flask/app.py,1,1
flask,3b31df81aeccb889810b4b49ce6e608e67ebeeea,Armin Ronacher,2011-07-14 14:18:42,flask/app.py,13,4
flask,3b31df81aeccb889810b4b49ce6e608e67ebeeea,Armin Ronacher,2011-07-14 14:18:42,tests/flask_tests.py,17,0
flask,76796c326d9abc243034847c41aa61f80ba3d653,Armin Ronacher,2011-07-14 14:25:14,flask/app.py,4,0
flask,2866ccda1fe19a42adc735d75abaf304f8aed27b,Armin Ronacher,2011-07-15 18:03:48,flask/__init__.py,2,1
flask,2866ccda1fe19a42adc735d75abaf304f8aed27b,Armin Ronacher,2011-07-15 18:03:48,flask/app.py,3,3
flask,2866ccda1fe19a42adc735d75abaf304f8aed27b,Armin Ronacher,2011-07-15 18:03:48,flask/config.py,1,1
flask,2866ccda1fe19a42adc735d75abaf304f8aed27b,Armin Ronacher,2011-07-15 18:03:48,flask/globals.py,1,1
flask,2866ccda1fe19a42adc735d75abaf304f8aed27b,Armin Ronacher,2011-07-15 18:03:48,flask/helpers.py,7,1
flask,2866ccda1fe19a42adc735d75abaf304f8aed27b,Armin Ronacher,2011-07-15 18:03:48,flask/testing.py,1,1
flask,2866ccda1fe19a42adc735d75abaf304f8aed27b,Armin Ronacher,2011-07-15 18:03:48,flask/wrappers.py,2,2
flask,c9a2ad2b8d079c0ecca701f4c0b15390437c4843,Armin Ronacher,2011-07-16 01:16:29,flask/templating.py,3,1
flask,c9a2ad2b8d079c0ecca701f4c0b15390437c4843,Armin Ronacher,2011-07-16 01:16:29,tests/blueprintapp/__init__.py,2,2
flask,c9a2ad2b8d079c0ecca701f4c0b15390437c4843,Armin Ronacher,2011-07-16 01:16:29,tests/blueprintapp/apps/admin/__init__.py,3,1
flask,c9a2ad2b8d079c0ecca701f4c0b15390437c4843,Armin Ronacher,2011-07-16 01:16:29,tests/blueprintapp/apps/frontend/__init__.py,1,1
flask,c9a2ad2b8d079c0ecca701f4c0b15390437c4843,Armin Ronacher,2011-07-16 01:16:29,tests/flask_tests.py,6,0
flask,343e678900a9970857f37b53b5d2f069327cd828,Armin Ronacher,2011-07-18 23:06:15,flask/app.py,1,1
flask,290925e13348385cd3508d9ae52ea328ee9990d9,Dan Callahan,2011-07-19 16:42:11,flask/helpers.py,1,1
flask,d5cfcfeba7313d80d7ac29adb8c54960cb594079,Simon Sapin,2011-07-23 11:13:30,flask/app.py,4,3
flask,eba2f70c6b95d9d61b5854feea64f0ba1fb620d2,Armin Ronacher,2011-07-30 02:11:30,flask/wrappers.py,4,0
flask,fafcc02f261e90a006efd5cc4dfa876531af9594,Armin Ronacher,2011-08-04 16:44:42,tests/flask_tests.py,12,0
flask,7155f11a723695352323d484610b9a1c6798eb69,Armin Ronacher,2011-08-05 12:35:41,flask/app.py,29,7
flask,7155f11a723695352323d484610b9a1c6798eb69,Armin Ronacher,2011-08-05 12:35:41,tests/flask_tests.py,35,1
flask,afe5d3cbd44056893aa8c11f4bf17496cee92022,Armin Ronacher,2011-08-05 12:37:57,flask/app.py,2,0
flask,a69b437af705dc8fa4e1b38b86ddad77d6dedb54,Armin Ronacher,2011-08-05 12:40:44,flask/wrappers.py,2,5
flask,2e022cb2727cfa99355261f2c18d1e0fc56e82ee,Armin Ronacher,2011-08-05 16:43:42,flask/debughelpers.py,52,0
flask,2e022cb2727cfa99355261f2c18d1e0fc56e82ee,Armin Ronacher,2011-08-05 16:43:42,flask/wrappers.py,11,0
flask,17a836d49c8d496d50b726132e58749cf2741dd6,Armin Ronacher,2011-08-05 16:47:12,flask/debughelpers.py,5,5
flask,23c1dd8db2a8dc028516a57b6dca47733bb82173,Armin Ronacher,2011-08-05 16:50:02,flask/debughelpers.py,2,2
flask,3400b78db23fbd305cb11368946be1bf280e2696,Armin Ronacher,2011-08-05 16:51:45,flask/wrappers.py,1,1
flask,f3db68c8cee4f48fbc078e1f5a73bb025b425f91,Armin Ronacher,2011-08-05 16:56:43,flask/debughelpers.py,1,1
flask,f3db68c8cee4f48fbc078e1f5a73bb025b425f91,Armin Ronacher,2011-08-05 16:56:43,tests/flask_tests.py,20,0
flask,ac99cd33a827f0694d718dae5f2699430263ed7e,Armin Ronacher,2011-08-05 21:54:12,flask/debughelpers.py,1,1
flask,ac99cd33a827f0694d718dae5f2699430263ed7e,Armin Ronacher,2011-08-05 21:54:12,flask/wrappers.py,2,2
flask,5500986971b28f270a27db633acf19984eee609e,Armin Ronacher,2011-08-07 02:30:34,flask/app.py,35,0
flask,5500986971b28f270a27db633acf19984eee609e,Armin Ronacher,2011-08-07 02:30:34,tests/flask_tests.py,22,0
flask,02a131746074203dc8d747308f4d2c7ece8aa743,Armin Ronacher,2011-08-07 12:43:38,flask/app.py,50,2
flask,02a131746074203dc8d747308f4d2c7ece8aa743,Armin Ronacher,2011-08-07 12:43:38,flask/blueprints.py,7,0
flask,02a131746074203dc8d747308f4d2c7ece8aa743,Armin Ronacher,2011-08-07 12:43:38,tests/flask_tests.py,15,0
flask,ae00f6d149c353e1ecb683ccbf01be221324a646,Armin Ronacher,2011-08-07 14:15:33,docs/conf.py,3,1
flask,ae00f6d149c353e1ecb683ccbf01be221324a646,Armin Ronacher,2011-08-07 14:15:33,docs/flaskdocext.py,16,0
flask,ae00f6d149c353e1ecb683ccbf01be221324a646,Armin Ronacher,2011-08-07 14:15:33,flask/app.py,2,2
flask,505cd663cd75b5593a1c9db0eded5298bd67139a,Armin Ronacher,2011-08-08 01:26:39,scripts/make-release.py,3,2
flask,acac64e36a046cebae07bee7f3e8106b4a80288a,Armin Ronacher,2011-08-08 21:46:53,flask/app.py,4,4
flask,acac64e36a046cebae07bee7f3e8106b4a80288a,Armin Ronacher,2011-08-08 21:46:53,tests/flask_tests.py,1,1
flask,ce701319756abef4d09c585828a630b8fdef89fc,Armin Ronacher,2011-08-08 21:47:26,flask/wrappers.py,16,3
flask,ce701319756abef4d09c585828a630b8fdef89fc,Armin Ronacher,2011-08-08 21:47:26,tests/flask_tests.py,9,0
flask,68473291344629dff3955fdc07776f2fca7b9b69,Armin Ronacher,2011-08-09 14:51:06,flask/app.py,18,2
flask,68473291344629dff3955fdc07776f2fca7b9b69,Armin Ronacher,2011-08-09 14:51:06,flask/debughelpers.py,26,0
flask,68473291344629dff3955fdc07776f2fca7b9b69,Armin Ronacher,2011-08-09 14:51:06,tests/flask_tests.py,24,0
flask,63876614b6734e6404f17c9d3d22b71b3f43d158,Armin Ronacher,2011-08-09 16:16:04,flask/wrappers.py,3,1
flask,153ecbc9202f249c4037602115ed2c2b5785550d,Armin Ronacher,2011-08-10 13:34:58,flask/app.py,71,8
flask,153ecbc9202f249c4037602115ed2c2b5785550d,Armin Ronacher,2011-08-10 13:34:58,tests/flask_tests.py,18,0
flask,187cb80dcc1b087f1a7b7d4d67afbd531ad01cd2,Armin Ronacher,2011-08-10 13:55:57,flask/app.py,11,0
flask,187cb80dcc1b087f1a7b7d4d67afbd531ad01cd2,Armin Ronacher,2011-08-10 13:55:57,flask/helpers.py,4,2
flask,175d43b2f9c7825b0df4c1049ab571cb1877a807,Armin Ronacher,2011-08-10 17:46:20,flask/app.py,35,6
flask,175d43b2f9c7825b0df4c1049ab571cb1877a807,Armin Ronacher,2011-08-10 17:46:20,flask/helpers.py,2,2
flask,175d43b2f9c7825b0df4c1049ab571cb1877a807,Armin Ronacher,2011-08-10 17:46:20,tests/flask_tests.py,56,1
flask,e328eba97cc87a34e846693b62d17bdedaf27134,Armin Ronacher,2011-08-10 17:51:24,flask/app.py,2,0
flask,e328eba97cc87a34e846693b62d17bdedaf27134,Armin Ronacher,2011-08-10 17:51:24,tests/flask_tests.py,3,3
flask,74f4af59f631ef154ffe6f34d8e525a05f97d4a6,Armin Ronacher,2011-08-10 17:51:49,flask/app.py,2,0
flask,fb1a6730cfbf63b6d6ccda93381f0823d8b6c85a,Armin Ronacher,2011-08-10 18:00:16,flask/app.py,5,1
flask,fb1a6730cfbf63b6d6ccda93381f0823d8b6c85a,Armin Ronacher,2011-08-10 18:00:16,tests/flask_tests.py,17,0
flask,b3aaf6d5ca4fa53cc78456b2df01ab4d11cec84a,Armin Ronacher,2011-08-10 23:19:33,flask/app.py,5,29
flask,b3aaf6d5ca4fa53cc78456b2df01ab4d11cec84a,Armin Ronacher,2011-08-10 23:19:33,flask/helpers.py,37,0
flask,b3aaf6d5ca4fa53cc78456b2df01ab4d11cec84a,Armin Ronacher,2011-08-10 23:19:33,tests/flask_tests.py,4,4
flask,c3844d11026f84400d5a088dd5c24c6a4a04dcd1,Armin Ronacher,2011-08-10 23:21:43,flask/helpers.py,7,3
flask,1d6f86bc87253c1dc1cf0c156f421214c38c3202,Armin Ronacher,2011-08-10 23:25:33,flask/helpers.py,10,4
flask,eb9a14e1581fd379f25986bb206fe0d8fdc6b1a3,Armin Ronacher,2011-08-10 23:40:53,tests/flask_tests.py,9,7
flask,45d963d6daa4315388530d58c777b838d5465c65,Armin Ronacher,2011-08-10 23:50:43,flask/app.py,1,1
flask,68ec5a30687a89a56406d8abd603b51a6645856e,Pedro Algarvio,2011-08-25 11:46:05,flask/app.py,2,1
flask,68ec5a30687a89a56406d8abd603b51a6645856e,Pedro Algarvio,2011-08-25 11:46:05,flask/blueprints.py,2,1
flask,68ec5a30687a89a56406d8abd603b51a6645856e,Pedro Algarvio,2011-08-25 11:46:05,tests/flask_tests.py,60,0
flask,04e87a93def1593dd886931e0f9e1d4f37f8d243,Pedro Algarvio,2011-08-25 12:01:41,flask/app.py,3,0
flask,c844d02f1c7558e959891de75494cffd22dc323f,Armin Ronacher,2011-08-25 12:13:55,flask/app.py,1,0
flask,c844d02f1c7558e959891de75494cffd22dc323f,Armin Ronacher,2011-08-25 12:13:55,flask/sessions.py,10,2
flask,c844d02f1c7558e959891de75494cffd22dc323f,Armin Ronacher,2011-08-25 12:13:55,tests/flask_tests.py,22,0
flask,a5da2c98f3ed2f9fe254e3b61799b06fa230a175,Armin Ronacher,2011-08-25 15:18:39,flask/app.py,2,0
flask,a5da2c98f3ed2f9fe254e3b61799b06fa230a175,Armin Ronacher,2011-08-25 15:18:39,flask/testing.py,54,4
flask,a5da2c98f3ed2f9fe254e3b61799b06fa230a175,Armin Ronacher,2011-08-25 15:18:39,tests/flask_tests.py,45,0
flask,001a5128d87e2cb934d14244d901d47e01980873,Armin Ronacher,2011-08-25 15:20:40,tests/flask_tests.py,19,15
flask,f051939d8ba1c5ec585fd4db1f83237a66020c0a,Armin Ronacher,2011-08-25 15:24:10,tests/flask_tests.py,25,17
flask,311ac0f533bf5a308200a51b861a9728b9223276,Armin Ronacher,2011-08-25 15:33:03,flask/testing.py,2,0
flask,03a71e022919a0e1bff6606400e9d5ae234b8244,Pedro Algarvio,2011-08-25 17:26:57,flask/blueprints.py,2,0
flask,03a71e022919a0e1bff6606400e9d5ae234b8244,Pedro Algarvio,2011-08-25 17:26:57,tests/flask_tests.py,51,0
flask,e853a0f73959ad12cdabc2d74324cdc9329ae794,Armin Ronacher,2011-08-25 20:47:50,flask/app.py,7,14
flask,e853a0f73959ad12cdabc2d74324cdc9329ae794,Armin Ronacher,2011-08-25 20:47:50,flask/testing.py,12,14
flask,e853a0f73959ad12cdabc2d74324cdc9329ae794,Armin Ronacher,2011-08-25 20:47:50,tests/flask_tests.py,15,0
flask,8dbd71ef8e16ce64cfcf7c526d584ea2771a28d1,Armin Ronacher,2011-08-25 20:48:38,tests/flask_tests.py,13,0
flask,485a6c332b1cd10495f6f3aafe2690e07f01b422,Armin Ronacher,2011-08-25 20:49:53,tests/flask_tests.py,30,30
flask,d3ca55177a9f39de526143c59edc049d28f4424c,Armin Ronacher,2011-08-25 20:56:43,examples/flaskr/flaskr.py,2,1
flask,d3ca55177a9f39de526143c59edc049d28f4424c,Armin Ronacher,2011-08-25 20:56:43,examples/minitwit/minitwit.py,2,1
flask,8340d3c9f5cb38f23dd16d7d28aa643a121c4236,Armin Ronacher,2011-08-25 21:49:50,flask/helpers.py,7,0
flask,ef0f626f0a916fdced42e05aa2f58dede6c660fd,Armin Ronacher,2011-08-25 22:09:48,flask/views.py,35,0
flask,ef0f626f0a916fdced42e05aa2f58dede6c660fd,Armin Ronacher,2011-08-25 22:09:48,tests/flask_tests.py,21,0
flask,4cb6eea8f1e1edc707874f72cbca43a0f698ec7d,Armin Ronacher,2011-08-26 11:21:26,flask/testsuite/__init__.py,121,0
flask,4cb6eea8f1e1edc707874f72cbca43a0f698ec7d,Armin Ronacher,2011-08-26 11:21:26,flask/testsuite/basic.py,992,0
flask,4cb6eea8f1e1edc707874f72cbca43a0f698ec7d,Armin Ronacher,2011-08-26 11:21:26,flask/testsuite/blueprints.py,423,0
flask,4cb6eea8f1e1edc707874f72cbca43a0f698ec7d,Armin Ronacher,2011-08-26 11:21:26,flask/testsuite/config.py,177,0
flask,4cb6eea8f1e1edc707874f72cbca43a0f698ec7d,Armin Ronacher,2011-08-26 11:21:26,flask/testsuite/deprecations.py,38,0
flask,4cb6eea8f1e1edc707874f72cbca43a0f698ec7d,Armin Ronacher,2011-08-26 11:21:26,flask/testsuite/examples.py,38,0
flask,4cb6eea8f1e1edc707874f72cbca43a0f698ec7d,Armin Ronacher,2011-08-26 11:21:26,flask/testsuite/helpers.py,295,0
flask,4cb6eea8f1e1edc707874f72cbca43a0f698ec7d,Armin Ronacher,2011-08-26 11:21:26,flask/testsuite/signals.py,103,0
flask,4cb6eea8f1e1edc707874f72cbca43a0f698ec7d,Armin Ronacher,2011-08-26 11:21:26,flask/testsuite/templating.py,141,0
flask,4cb6eea8f1e1edc707874f72cbca43a0f698ec7d,Armin Ronacher,2011-08-26 11:21:26,flask/testsuite/test_apps/blueprintapp/__init__.py,0,0
flask,4cb6eea8f1e1edc707874f72cbca43a0f698ec7d,Armin Ronacher,2011-08-26 11:21:26,flask/testsuite/test_apps/blueprintapp/apps/__init__.py,0,0
flask,4cb6eea8f1e1edc707874f72cbca43a0f698ec7d,Armin Ronacher,2011-08-26 11:21:26,flask/testsuite/test_apps/blueprintapp/apps/admin/__init__.py,0,0
flask,4cb6eea8f1e1edc707874f72cbca43a0f698ec7d,Armin Ronacher,2011-08-26 11:21:26,flask/testsuite/test_apps/blueprintapp/apps/frontend/__init__.py,0,0
flask,4cb6eea8f1e1edc707874f72cbca43a0f698ec7d,Armin Ronacher,2011-08-26 11:21:26,flask/testsuite/test_apps/config_module_app.py,4,0
flask,4cb6eea8f1e1edc707874f72cbca43a0f698ec7d,Armin Ronacher,2011-08-26 11:21:26,flask/testsuite/test_apps/config_package_app/__init__.py,4,0
flask,4cb6eea8f1e1edc707874f72cbca43a0f698ec7d,Armin Ronacher,2011-08-26 11:21:26,flask/testsuite/test_apps/moduleapp/__init__.py,0,0
flask,4cb6eea8f1e1edc707874f72cbca43a0f698ec7d,Armin Ronacher,2011-08-26 11:21:26,flask/testsuite/test_apps/moduleapp/apps/__init__.py,0,0
flask,4cb6eea8f1e1edc707874f72cbca43a0f698ec7d,Armin Ronacher,2011-08-26 11:21:26,flask/testsuite/test_apps/moduleapp/apps/admin/__init__.py,0,0
flask,4cb6eea8f1e1edc707874f72cbca43a0f698ec7d,Armin Ronacher,2011-08-26 11:21:26,flask/testsuite/test_apps/moduleapp/apps/frontend/__init__.py,0,0
flask,4cb6eea8f1e1edc707874f72cbca43a0f698ec7d,Armin Ronacher,2011-08-26 11:21:26,flask/testsuite/test_apps/subdomaintestmodule/__init__.py,0,0
flask,4cb6eea8f1e1edc707874f72cbca43a0f698ec7d,Armin Ronacher,2011-08-26 11:21:26,flask/testsuite/testing.py,121,0
flask,4cb6eea8f1e1edc707874f72cbca43a0f698ec7d,Armin Ronacher,2011-08-26 11:21:26,flask/testsuite/views.py,117,0
flask,4cb6eea8f1e1edc707874f72cbca43a0f698ec7d,Armin Ronacher,2011-08-26 11:21:26,scripts/flaskext_test.py,0,0
flask,4cb6eea8f1e1edc707874f72cbca43a0f698ec7d,Armin Ronacher,2011-08-26 11:21:26,setup.py,1,7
flask,4cb6eea8f1e1edc707874f72cbca43a0f698ec7d,Armin Ronacher,2011-08-26 11:21:26,tests/flask_tests.py,0,2329
flask,12d74be7d7f62400663911d94783320bdfba86d4,Armin Ronacher,2011-08-26 11:24:10,run-tests.py,57,0
flask,3069e2d7f73f80ebc342029616a5cbc5381cfdf1,Armin Ronacher,2011-08-26 11:38:43,flask/testsuite/basic.py,106,106
flask,3069e2d7f73f80ebc342029616a5cbc5381cfdf1,Armin Ronacher,2011-08-26 11:38:43,flask/testsuite/blueprints.py,37,37
flask,3069e2d7f73f80ebc342029616a5cbc5381cfdf1,Armin Ronacher,2011-08-26 11:38:43,flask/testsuite/config.py,2,2
flask,3069e2d7f73f80ebc342029616a5cbc5381cfdf1,Armin Ronacher,2011-08-26 11:38:43,flask/testsuite/deprecations.py,2,2
flask,3069e2d7f73f80ebc342029616a5cbc5381cfdf1,Armin Ronacher,2011-08-26 11:38:43,flask/testsuite/helpers.py,39,39
flask,3069e2d7f73f80ebc342029616a5cbc5381cfdf1,Armin Ronacher,2011-08-26 11:38:43,flask/testsuite/signals.py,9,9
flask,3069e2d7f73f80ebc342029616a5cbc5381cfdf1,Armin Ronacher,2011-08-26 11:38:43,flask/testsuite/templating.py,13,13
flask,3069e2d7f73f80ebc342029616a5cbc5381cfdf1,Armin Ronacher,2011-08-26 11:38:43,flask/testsuite/testing.py,4,4
flask,fc2caa4b9c75a6ee8569495008efd1f37c27a8cb,Armin Ronacher,2011-08-26 11:43:27,flask/testsuite/basic.py,40,40
flask,fc2caa4b9c75a6ee8569495008efd1f37c27a8cb,Armin Ronacher,2011-08-26 11:43:27,flask/testsuite/blueprints.py,9,9
flask,fc2caa4b9c75a6ee8569495008efd1f37c27a8cb,Armin Ronacher,2011-08-26 11:43:27,flask/testsuite/config.py,10,10
flask,fc2caa4b9c75a6ee8569495008efd1f37c27a8cb,Armin Ronacher,2011-08-26 11:43:27,flask/testsuite/deprecations.py,1,1
flask,fc2caa4b9c75a6ee8569495008efd1f37c27a8cb,Armin Ronacher,2011-08-26 11:43:27,flask/testsuite/helpers.py,17,17
flask,fc2caa4b9c75a6ee8569495008efd1f37c27a8cb,Armin Ronacher,2011-08-26 11:43:27,flask/testsuite/signals.py,1,1
flask,fc2caa4b9c75a6ee8569495008efd1f37c27a8cb,Armin Ronacher,2011-08-26 11:43:27,flask/testsuite/templating.py,6,6
flask,fc2caa4b9c75a6ee8569495008efd1f37c27a8cb,Armin Ronacher,2011-08-26 11:43:27,flask/testsuite/testing.py,2,2
flask,d5cd4f8d59a4a8e5860c8813b3f5d3f3631e9183,Armin Ronacher,2011-08-26 11:48:09,setup.py,4,1
flask,fbd6776e68a12aa7bf7d646ca03d568cedc616f3,Armin Ronacher,2011-08-26 11:48:33,flask/testsuite/config.py,2,2
flask,fbd6776e68a12aa7bf7d646ca03d568cedc616f3,Armin Ronacher,2011-08-26 11:48:33,flask/testsuite/helpers.py,1,1
flask,29b7efa36bd12234a4086cafbe9b8a4099991d08,Armin Ronacher,2011-08-26 11:59:52,run-tests.py,14,14
flask,f30b1174b85ae44b4d215045ef3361f2c3b3a367,Armin Ronacher,2011-08-26 12:00:26,run-tests.py,2,1
flask,5a496885544989ca702e2c9996372a8ebf2cf00d,Armin Ronacher,2011-08-26 12:02:40,flask/testsuite/__init__.py,52,0
flask,5a496885544989ca702e2c9996372a8ebf2cf00d,Armin Ronacher,2011-08-26 12:02:40,run-tests.py,1,56
flask,a082a5e0ba81af15653fe56501c8d2530d3621dc,Armin Ronacher,2011-08-26 12:07:49,flask/testsuite/__init__.py,27,24
flask,5235c3e37e17b3271e3cac4646eaf97fd1cc071a,Armin Ronacher,2011-08-26 12:09:55,flask/testsuite/__init__.py,1,2
flask,5235c3e37e17b3271e3cac4646eaf97fd1cc071a,Armin Ronacher,2011-08-26 12:09:55,run-tests.py,4,1
flask,c8ec453d860ae4754331170108ef03322f29889b,Armin Ronacher,2011-08-26 13:47:01,flask/testing.py,6,5
flask,c8ec453d860ae4754331170108ef03322f29889b,Armin Ronacher,2011-08-26 13:47:01,flask/testsuite/testing.py,12,0
flask,d49221bf2eeabbfa4a5be4e537b35bae1eb6d272,Armin Ronacher,2011-08-26 14:01:46,flask/testing.py,9,4
flask,d49221bf2eeabbfa4a5be4e537b35bae1eb6d272,Armin Ronacher,2011-08-26 14:01:46,flask/testsuite/testing.py,32,0
flask,b256e9f36c6d170e7209a577efcac2503c8e48e3,Armin Ronacher,2011-08-26 14:05:08,flask/app.py,12,11
flask,67101c8b9331d289b3ae5428127814d0c19d643c,Armin Ronacher,2011-08-26 14:41:25,flask/signals.py,1,1
flask,367b254c787c59b208899f1dfee78904c1784c73,Armin Ronacher,2011-08-26 14:51:28,flask/testsuite/basic.py,11,0
flask,e509d25d32965a8afd7ca98d67ee6f5a6af11cc8,Armin Ronacher,2011-08-26 17:35:47,flask/testsuite/__init__.py,25,6
flask,e509d25d32965a8afd7ca98d67ee6f5a6af11cc8,Armin Ronacher,2011-08-26 17:35:47,run-tests.py,2,6
flask,c0f42a0978d804237d7bd540f81dcdbc1643ea7f,Armin Ronacher,2011-08-26 18:20:33,run-tests.py,1,0
flask,2e4c39199d3c8cdcf459675cba6e04bd30f98120,Armin Ronacher,2011-08-26 21:30:41,flask/app.py,14,4
flask,718ef4d699d1de79117f92ff16feed98c3a1aa11,Armin Ronacher,2011-08-27 00:32:28,flask/ctx.py,1,1
flask,bb1567dae48fed50f9742b9136c8bd1b82b7bd55,Armin Ronacher,2011-08-27 00:42:06,flask/helpers.py,3,0
flask,87f50fdc6f01160d75fcc87569f0754b800fc59f,Armin Ronacher,2011-08-27 00:44:46,flask/debughelpers.py,2,1
flask,23bf2633f67d00418bd31c0c6918c3a99f06dead,Armin Ronacher,2011-08-29 12:18:25,flask/app.py,2,2
flask,4dc1796b1c09961098edc0aaac90a28be2b7fc9d,Michał Bartoszkiewicz,2011-08-29 21:39:31,flask/testing.py,1,1
flask,4dc1796b1c09961098edc0aaac90a28be2b7fc9d,Michał Bartoszkiewicz,2011-08-29 21:39:31,flask/testsuite/testing.py,3,0
flask,ccf464189b116ea4ee458c2ccb24d64f9272e25b,Armin Ronacher,2011-08-30 14:36:50,flask/app.py,5,1
flask,ccf464189b116ea4ee458c2ccb24d64f9272e25b,Armin Ronacher,2011-08-30 14:36:50,flask/sessions.py,24,4
flask,ccf464189b116ea4ee458c2ccb24d64f9272e25b,Armin Ronacher,2011-08-30 14:36:50,flask/testsuite/basic.py,22,0
flask,5f7f3b17dfe2fbeecf82d5745c497b3ea94bf50a,Christopher Currie,2011-08-30 15:09:56,setup.py,1,3
flask,ee8417dac8364f02524edffddff92329f15b95af,Armin Ronacher,2011-09-01 16:57:00,flask/__init__.py,1,1
flask,ee8417dac8364f02524edffddff92329f15b95af,Armin Ronacher,2011-09-01 16:57:00,flask/app.py,1,1
flask,ee8417dac8364f02524edffddff92329f15b95af,Armin Ronacher,2011-09-01 16:57:00,flask/config.py,1,1
flask,ee8417dac8364f02524edffddff92329f15b95af,Armin Ronacher,2011-09-01 16:57:00,flask/ctx.py,1,1
flask,ee8417dac8364f02524edffddff92329f15b95af,Armin Ronacher,2011-09-01 16:57:00,flask/globals.py,1,1
flask,ee8417dac8364f02524edffddff92329f15b95af,Armin Ronacher,2011-09-01 16:57:00,flask/helpers.py,1,1
flask,ee8417dac8364f02524edffddff92329f15b95af,Armin Ronacher,2011-09-01 16:57:00,flask/logging.py,1,1
flask,ee8417dac8364f02524edffddff92329f15b95af,Armin Ronacher,2011-09-01 16:57:00,flask/module.py,1,1
flask,ee8417dac8364f02524edffddff92329f15b95af,Armin Ronacher,2011-09-01 16:57:00,flask/session.py,1,1
flask,ee8417dac8364f02524edffddff92329f15b95af,Armin Ronacher,2011-09-01 16:57:00,flask/sessions.py,1,1
flask,ee8417dac8364f02524edffddff92329f15b95af,Armin Ronacher,2011-09-01 16:57:00,flask/signals.py,1,1
flask,ee8417dac8364f02524edffddff92329f15b95af,Armin Ronacher,2011-09-01 16:57:00,flask/templating.py,1,1
flask,ee8417dac8364f02524edffddff92329f15b95af,Armin Ronacher,2011-09-01 16:57:00,flask/testing.py,1,1
flask,ee8417dac8364f02524edffddff92329f15b95af,Armin Ronacher,2011-09-01 16:57:00,flask/wrappers.py,1,1
flask,37f9cb9ca69176dec36faff4b2138226b479f65f,Ron DuPlain,2011-09-01 12:35:04,flask/testing.py,2,0
flask,37f9cb9ca69176dec36faff4b2138226b479f65f,Ron DuPlain,2011-09-01 12:35:04,flask/testsuite/__init__.py,3,0
flask,37f9cb9ca69176dec36faff4b2138226b479f65f,Ron DuPlain,2011-09-01 12:35:04,flask/testsuite/basic.py,3,0
flask,37f9cb9ca69176dec36faff4b2138226b479f65f,Ron DuPlain,2011-09-01 12:35:04,flask/testsuite/blueprints.py,3,0
flask,37f9cb9ca69176dec36faff4b2138226b479f65f,Ron DuPlain,2011-09-01 12:35:04,flask/testsuite/deprecations.py,3,0
flask,37f9cb9ca69176dec36faff4b2138226b479f65f,Ron DuPlain,2011-09-01 12:35:04,flask/testsuite/helpers.py,3,0
flask,37f9cb9ca69176dec36faff4b2138226b479f65f,Ron DuPlain,2011-09-01 12:35:04,flask/testsuite/templating.py,3,0
flask,37f9cb9ca69176dec36faff4b2138226b479f65f,Ron DuPlain,2011-09-01 12:35:04,flask/testsuite/testing.py,3,0
flask,7331ae3df58bdf322122010e598b7e7bb793daea,Armin Ronacher,2011-09-03 17:13:01,flask/testsuite/basic.py,18,38
flask,88617311dba62992bf5736b35e3da9359ac5fedf,Armin Ronacher,2011-09-05 18:52:28,flask/testsuite/subclassing.py,46,0
flask,7d7d810aea5472101ce04956889dfdb77173a912,Armin Ronacher,2011-09-10 23:20:58,flask/app.py,1,1
flask,f6798885e6cc97bccd1e0fd861b54b01fcdb9605,Ron DuPlain,2011-09-13 21:22:23,flask/app.py,1,1
flask,17a46a4d239a640049081b5cdcc1ff20ef63e38a,Joel Perras,2011-09-14 16:53:05,flask/views.py,1,1
flask,f8caa54d31605f8997698d5c6c295ff4cff9ecdb,Michał Bartoszkiewicz,2011-09-17 00:31:09,flask/blueprints.py,2,2
flask,32c7e43dda6600828ae9b11111d722ab92fb0594,Armin Ronacher,2011-09-17 19:39:10,flask/testsuite/views.py,35,0
flask,32c7e43dda6600828ae9b11111d722ab92fb0594,Armin Ronacher,2011-09-17 19:39:10,flask/views.py,5,1
flask,8f85a3b0d161876de378b35ccac42237a18a5342,Armin Ronacher,2011-09-17 22:11:57,flask/ext/__init__.py,54,0
flask,c72ca16234e4dbea448ea43d002eb500c09f4932,Armin Ronacher,2011-09-18 02:10:10,flask/ext/__init__.py,24,16
flask,c72ca16234e4dbea448ea43d002eb500c09f4932,Armin Ronacher,2011-09-18 02:10:10,flask/testsuite/ext.py,61,0
flask,c72ca16234e4dbea448ea43d002eb500c09f4932,Armin Ronacher,2011-09-18 02:10:10,flask/testsuite/test_apps/flask_newext_package/__init__.py,1,0
flask,c72ca16234e4dbea448ea43d002eb500c09f4932,Armin Ronacher,2011-09-18 02:10:10,flask/testsuite/test_apps/flask_newext_package/submodule.py,2,0
flask,c72ca16234e4dbea448ea43d002eb500c09f4932,Armin Ronacher,2011-09-18 02:10:10,flask/testsuite/test_apps/flask_newext_simple.py,1,0
flask,f80bfcaa28da98972002fb906c2559babe75801e,Armin Ronacher,2011-09-18 03:26:46,flask/testsuite/ext.py,28,5
flask,f80bfcaa28da98972002fb906c2559babe75801e,Armin Ronacher,2011-09-18 03:26:46,flask/testsuite/test_apps/flaskext/__init__.py,0,0
flask,f80bfcaa28da98972002fb906c2559babe75801e,Armin Ronacher,2011-09-18 03:26:46,flask/testsuite/test_apps/flaskext/oldext_package/__init__.py,1,0
flask,f80bfcaa28da98972002fb906c2559babe75801e,Armin Ronacher,2011-09-18 03:26:46,flask/testsuite/test_apps/flaskext/oldext_package/submodule.py,2,0
flask,f80bfcaa28da98972002fb906c2559babe75801e,Armin Ronacher,2011-09-18 03:26:46,flask/testsuite/test_apps/flaskext/oldext_simple.py,1,0
flask,e8020e2c5cd6dca816991845bd439e4524594f83,Armin Ronacher,2011-09-18 12:22:15,flask/ext/__init__.py,5,0
flask,9df2aefd7f0c3c5d0fc47087da2f51b72cad38fc,Armin Ronacher,2011-09-18 12:22:42,flask/ext/__init__.py,2,1
flask,9df2aefd7f0c3c5d0fc47087da2f51b72cad38fc,Armin Ronacher,2011-09-18 12:22:42,flask/testsuite/ext.py,5,0
flask,e94416704d70d64b21afb44569039f2b50db966f,Armin Ronacher,2011-09-18 15:03:35,scripts/flaskext_compat.py,73,0
flask,9c82840f5256e8aca82c26ab4025712e5c928977,Armin Ronacher,2011-09-18 18:16:50,flask/testsuite/ext.py,11,1
flask,d4d6cc8401b94ab7c92b70ca5e5b21d22636dd5d,Priit Laes,2011-09-18 14:57:53,setup.py,7,10
flask,907c24e6ffc436971d437b0b9122b840db9466d7,Simon Sapin,2011-09-18 15:26:29,flask/app.py,4,3
flask,90884a78fbba4068fa93f87626baccd148cd4a57,Ron DuPlain,2011-09-18 15:36:08,flask/app.py,1,0
flask,7997bae5bb048e4623647c57faae447b28da907f,Armin Ronacher,2011-09-19 21:00:28,scripts/flaskext_compat.py,22,34
flask,9a70e62b8d545c8de7e3728e544cebe289a39254,Armin Ronacher,2011-09-21 03:47:36,flask/ext/__init__.py,18,2
flask,9a70e62b8d545c8de7e3728e544cebe289a39254,Armin Ronacher,2011-09-21 03:47:36,scripts/flaskext_compat.py,17,1
flask,ee9b4016323ba0f7a773a5e014bc23bcf1a322cd,Armin Ronacher,2011-09-21 13:01:58,flask/ext/__init__.py,14,0
flask,9691b7f0bf70553e61a88c8c7b6ffcac776b8d26,Armin Ronacher,2011-09-21 21:34:47,flask/ext/__init__.py,11,0
flask,9691b7f0bf70553e61a88c8c7b6ffcac776b8d26,Armin Ronacher,2011-09-21 21:34:47,flask/testsuite/__init__.py,26,0
flask,9691b7f0bf70553e61a88c8c7b6ffcac776b8d26,Armin Ronacher,2011-09-21 21:34:47,flask/testsuite/ext.py,7,0
flask,9691b7f0bf70553e61a88c8c7b6ffcac776b8d26,Armin Ronacher,2011-09-21 21:34:47,flask/testsuite/test_apps/flask_broken/__init__.py,2,0
flask,9691b7f0bf70553e61a88c8c7b6ffcac776b8d26,Armin Ronacher,2011-09-21 21:34:47,flask/testsuite/test_apps/flask_broken/b.py,0,0
flask,9691b7f0bf70553e61a88c8c7b6ffcac776b8d26,Armin Ronacher,2011-09-21 21:34:47,scripts/flaskext_compat.py,3,7
flask,0c75be1172000ad4d0b60920ef5a6fb78880a7d2,Armin Ronacher,2011-09-22 14:08:03,setup.py,1,1
flask,d4d75701bc1ea02a0e9b7e3e0d1aee777bd59116,Armin Ronacher,2011-09-22 14:08:52,setup.py,1,1
flask,56afafae67ff0db8b9994a4c59d978b56327e886,Armin Ronacher,2011-09-23 02:04:21,flask/testsuite/__init__.py,6,8
flask,56afafae67ff0db8b9994a4c59d978b56327e886,Armin Ronacher,2011-09-23 02:04:21,flask/testsuite/ext.py,6,1
flask,56afafae67ff0db8b9994a4c59d978b56327e886,Armin Ronacher,2011-09-23 02:04:21,run-tests.py,2,0
flask,b8ef7360eb80b2018c21384f1f32693ab22595d0,Simon Sapin,2011-09-23 10:34:41,flask/testsuite/__init__.py,1,1
flask,d2eefe25e7fec31a5f4254f6a65934bd00ab0392,Armin Ronacher,2011-09-24 20:25:28,flask/app.py,1,1
flask,c6316132b173f96a6f5a90ff3b62f706f8a62560,Armin Ronacher,2011-09-24 20:27:38,flask/ctx.py,32,3
flask,c6316132b173f96a6f5a90ff3b62f706f8a62560,Armin Ronacher,2011-09-24 20:27:38,flask/globals.py,1,0
flask,c6316132b173f96a6f5a90ff3b62f706f8a62560,Armin Ronacher,2011-09-24 20:27:38,flask/testing.py,12,19
flask,c6316132b173f96a6f5a90ff3b62f706f8a62560,Armin Ronacher,2011-09-24 20:27:38,flask/testsuite/basic.py,17,0
flask,df1dd57045b38ea7dcca44622744ab24e53e399e,Armin Ronacher,2011-09-25 18:49:00,flask/app.py,17,59
flask,6dccf775468ea0a849d3c1c3965e3a1db6a36a3f,Armin Ronacher,2011-09-25 19:12:41,flask/app.py,26,9
flask,8da8a21b69cc06e58b1b28fa0ecec63b5cf3d9b4,Armin Ronacher,2011-09-25 19:17:50,flask/app.py,16,26
flask,8da8a21b69cc06e58b1b28fa0ecec63b5cf3d9b4,Armin Ronacher,2011-09-25 19:17:50,flask/config.py,6,2
flask,8da8a21b69cc06e58b1b28fa0ecec63b5cf3d9b4,Armin Ronacher,2011-09-25 19:17:50,flask/testsuite/config.py,5,0
flask,f01b654ac4c0a4789369440557267b75df55fd59,Armin Ronacher,2011-09-27 12:27:33,flask/testsuite/config.py,1,1
flask,95c4dcb4d50e69b927855cd6a446579d2fe45b4e,Armin Ronacher,2011-09-27 13:33:23,flask/ext/__init__.py,6,86
flask,95c4dcb4d50e69b927855cd6a446579d2fe45b4e,Armin Ronacher,2011-09-27 13:33:23,flask/exthook.py,119,0
flask,95c4dcb4d50e69b927855cd6a446579d2fe45b4e,Armin Ronacher,2011-09-27 13:33:23,flask/testsuite/ext.py,14,2
flask,95c4dcb4d50e69b927855cd6a446579d2fe45b4e,Armin Ronacher,2011-09-27 13:33:23,scripts/flaskext_compat.py,71,20
flask,04b90f5ad47d04bace76c18f634d54b0da4b91ce,Armin Ronacher,2011-09-27 14:36:06,setup.py,2,2
flask,d5e10e4685f54dde5ffc27c4f55a19fb23f7a536,Armin Ronacher,2011-09-29 23:34:02,flask/__init__.py,1,1
flask,d5e10e4685f54dde5ffc27c4f55a19fb23f7a536,Armin Ronacher,2011-09-29 23:34:02,setup.py,1,1
flask,3765cc2e9e6ea2d227f898d5b176aa50680e491c,Armin Ronacher,2011-09-29 23:36:57,flask/__init__.py,1,1
flask,3765cc2e9e6ea2d227f898d5b176aa50680e491c,Armin Ronacher,2011-09-29 23:36:57,setup.py,1,1
flask,766522cb587850f643f3bb6cb011735ae6a98510,Armin Ronacher,2011-10-02 01:06:22,flask/__init__.py,1,1
flask,766522cb587850f643f3bb6cb011735ae6a98510,Armin Ronacher,2011-10-02 01:06:22,setup.py,1,1
flask,0dd9dc37b6618b8091c2a0f849f5f3143dc6eafc,Armin Ronacher,2011-10-02 01:08:54,flask/session.py,1,1
flask,b51fbdc8e00ea777dcfdfa39ae789206ecfdb0a7,Armin Ronacher,2011-10-06 10:49:12,flask/views.py,0,1
flask,1759d8e4d80df3c3dc709c9bace2eb07d5685596,Armin Ronacher,2011-10-06 10:57:03,flask/helpers.py,10,1
flask,1759d8e4d80df3c3dc709c9bace2eb07d5685596,Armin Ronacher,2011-10-06 10:57:03,flask/testsuite/helpers.py,9,0
flask,ebd74688070617a4cb6dd39df616f4691a98666d,Armin Ronacher,2011-10-07 15:09:02,flask/helpers.py,1,0
flask,61a95196ac28771466ada43a1c01effda42040a5,Armin Ronacher,2011-10-11 19:09:37,flask/logging.py,3,1
flask,61a95196ac28771466ada43a1c01effda42040a5,Armin Ronacher,2011-10-11 19:09:37,flask/testsuite/helpers.py,7,0
flask,f52e7a9dc944f425c2f2a77706bc2af98b23295c,Armin Ronacher,2011-11-04 02:46:22,flask/helpers.py,5,2
flask,f52e7a9dc944f425c2f2a77706bc2af98b23295c,Armin Ronacher,2011-11-04 02:46:22,flask/testsuite/helpers.py,26,0
flask,7f4c12b33565c4d0802c4385bb2bbaa6c5735196,Armin Ronacher,2011-11-05 17:43:40,flask/ctx.py,4,0
flask,7f4c12b33565c4d0802c4385bb2bbaa6c5735196,Armin Ronacher,2011-11-05 17:43:40,flask/testsuite/regression.py,83,0
flask,9dd61eea6b49bfe1cc4639f5bc4c1371df938d95,Priit Laes,2011-11-10 10:59:32,flask/testsuite/testing.py,26,0
flask,d628df6ab6c57b34acfb412e135d0d095636c539,Armin Ronacher,2011-11-20 16:54:40,flask/app.py,2,2
flask,d628df6ab6c57b34acfb412e135d0d095636c539,Armin Ronacher,2011-11-20 16:54:40,flask/testsuite/basic.py,17,0
flask,9c8f138a42aa43ee8177ed84df5946f8ef6d0c58,Armin Ronacher,2011-11-25 21:08:19,flask/testsuite/testing.py,18,9
flask,c90858a95d5fbe474ba075c3221de0b6f38c9ef2,Armin Ronacher,2011-11-28 22:48:14,flask/testsuite/testing.py,3,5
flask,26a9c2079d77aba93dde6f95472f3d89d2d9783d,Ron DuPlain,2012-01-07 17:52:38,flask/testsuite/helpers.py,11,0
flask,26a9c2079d77aba93dde6f95472f3d89d2d9783d,Ron DuPlain,2012-01-07 17:52:38,flask/testsuite/test_apps/importerror.py,2,0
flask,d16491145dc553bc30aa9c71fb3647fda8d23534,Ron DuPlain,2012-01-07 17:52:38,flask/helpers.py,16,15
flask,a3b30b7e3b026e821716be63d586e078eaa6ee7f,Ron DuPlain,2012-01-07 17:54:37,flask/helpers.py,24,16
flask,fde6e364a497cd44d049df17c93d1fd05ec09f90,Ron DuPlain,2012-01-07 17:55:02,flask/testsuite/config.py,65,52
flask,fde6e364a497cd44d049df17c93d1fd05ec09f90,Ron DuPlain,2012-01-07 17:55:02,flask/testsuite/test_apps/lib/python2.5/site-packages/site_app.py,3,0
flask,fde6e364a497cd44d049df17c93d1fd05ec09f90,Ron DuPlain,2012-01-07 17:55:02,flask/testsuite/test_apps/lib/python2.5/site-packages/site_package/__init__.py,3,0
flask,fde6e364a497cd44d049df17c93d1fd05ec09f90,Ron DuPlain,2012-01-07 17:55:02,flask/testsuite/test_apps/main_app.py,4,0
flask,fde6e364a497cd44d049df17c93d1fd05ec09f90,Ron DuPlain,2012-01-07 17:55:02,flask/testsuite/test_apps/path/installed_package/__init__.py,3,0
flask,970de5e8b67b6c5bbaac082e888f8ebc6e16cfb7,Ron DuPlain,2012-01-09 10:25:06,flask/testsuite/helpers.py,9,1
flask,1f20a11284e3e9bcfc08939c48e3ab590da7c7a4,Ron DuPlain,2012-01-16 09:23:40,flask/helpers.py,8,1
flask,a59cbd4f5256a356fcb7858bf0a5a0ad535e8e6d,Priit Laes,2012-01-16 13:42:42,flask/views.py,1,1
flask,46651659c29a3ff8fa470e32d3e35f9cc2c7fbc0,Kyle Wild,2012-01-16 13:42:43,flask/ctx.py,3,3
flask,8532bd51a709263907a4604660b8dabf51e39ab2,Kyle Wild,2012-01-16 13:42:43,flask/ctx.py,1,1
flask,2a4d3ef1168e0ea1733898527229961c9ddafced,Reisen,2012-01-16 18:58:43,flask/blueprints.py,11,0
flask,ce4d589d5b7bbda46b9c34211dcd3e1c90ee83c9,Ron DuPlain,2012-01-16 20:16:48,flask/app.py,11,1
flask,ce4d589d5b7bbda46b9c34211dcd3e1c90ee83c9,Ron DuPlain,2012-01-16 20:16:48,flask/blueprints.py,19,6
flask,820d099e82aa8ee01e1e82b85e2c6636d63be98a,Ron DuPlain,2012-01-16 20:21:26,flask/testsuite/blueprints.py,109,0
flask,820d099e82aa8ee01e1e82b85e2c6636d63be98a,Ron DuPlain,2012-01-16 20:21:26,flask/testsuite/templating.py,40,0
flask,b9907b496911d0d8676225151a36c28fe4f4b72f,Ron DuPlain,2012-01-16 22:22:08,flask/testsuite/basic.py,44,5
flask,676b3a4c13986f5743b8e6f3fa4d7c6cc2a401a4,Ron DuPlain,2012-01-16 22:44:06,flask/testsuite/basic.py,27,15
flask,fa069f94dec3aeec4a81a00e7bbd8d95e400bf5f,Steven Osborn,2012-01-16 22:45:42,flask/helpers.py,7,1
flask,81010bf7afb786d3a19ddc2469f9bfdcc9e0d194,Ron DuPlain,2012-01-16 23:10:21,flask/helpers.py,29,2
flask,c93ea5551c6928745414f186ef465e2699a6833b,Ron DuPlain,2012-01-16 23:16:43,flask/helpers.py,1,24
flask,46e7bc70833e803657726aaff7c63ca4f4865c79,Joe Esposito,2012-01-16 23:29:24,flask/app.py,4,0
flask,19d32cb17285e2614d8aecbf4b0f63cfdac629cf,Ron DuPlain,2012-01-16 23:33:13,flask/app.py,5,4
flask,49b77fbc7aa826efbf0b58d6973ef02c50e8fc66,Ron DuPlain,2012-01-17 11:38:00,flask/app.py,2,2
flask,2e5de9829774ca10682b298544bf3ce2bf61bab7,Ron DuPlain,2012-01-17 19:33:48,flask/testsuite/basic.py,13,12
flask,56177bcbd16f9e73252d7af7c78d25dc60ed946d,Ron DuPlain,2012-01-17 19:43:11,flask/app.py,11,0
flask,b786eac5574e478d51314333fb6309456bff7b76,Ron DuPlain,2012-01-18 18:57:05,flask/testsuite/config.py,87,0
flask,76c1a1f7227ca13f3c5952b248af93b75e9a95c9,FND,2012-01-23 20:12:57,flask/views.py,2,2
flask,2792dcf23e848472767a075e7c30e28890fd539d,FND,2012-01-23 20:27:47,flask/views.py,4,4
flask,c5ebf9a97d0443bff59ff6a37aee8afd870ceabb,Jeffrey Finkelstein,2012-01-24 16:48:04,flask/views.py,1,1
flask,4aebc267bc67c5d8a1687c0e5a7ecc949d6e7d20,FND,2012-01-31 13:54:52,flask/views.py,4,4
flask,3de8de1985f46297243eab340abd6c45c82bb9c4,Kenneth Reitz,2012-02-06 20:19:32,setup.py,1,1
flask,0b3369355dadb39ac1ce9580d95004233031a287,Dmitry Shevchenko,2012-02-24 00:46:20,flask/templating.py,5,3
flask,0b3369355dadb39ac1ce9580d95004233031a287,Dmitry Shevchenko,2012-02-24 00:46:20,flask/testsuite/templating.py,19,0
flask,85ad4ffb605eee37cae9ffa1f82c5b6bb95c7820,Dmitry Shevchenko,2012-03-01 02:07:26,examples/blueprintexample/blueprintexample.py,11,0
flask,85ad4ffb605eee37cae9ffa1f82c5b6bb95c7820,Dmitry Shevchenko,2012-03-01 02:07:26,examples/blueprintexample/simple_page/__init__.py,0,0
flask,85ad4ffb605eee37cae9ffa1f82c5b6bb95c7820,Dmitry Shevchenko,2012-03-01 02:07:26,examples/blueprintexample/simple_page/simple_page.py,13,0
flask,62621ccd133ffcbe2c88d18841c0669d03739ac0,Dmitry Shevchenko,2012-03-01 02:24:56,examples/blueprintexample/blueprintexample_test.py,36,0
flask,76773e1d0a8cabbe048bb76f9306185e9d83a85c,Dave Shawley,2012-03-01 08:34:08,flask/config.py,1,2
flask,76773e1d0a8cabbe048bb76f9306185e9d83a85c,Dave Shawley,2012-03-01 08:34:08,flask/testsuite/config.py,18,0
flask,8d7ca29a3554d20324ed9c75d9c095dfa8a8c439,Dave Shawley,2012-03-01 08:53:58,flask/testsuite/config.py,2,2
flask,8445f0d939dc3c4a2e722dc6dd4938d02bc2e094,Thiago de Arruda,2012-03-02 07:46:39,flask/helpers.py,3,1
flask,9711fd402010b2e14a98879f0457174c3ca15a24,Jeffrey Finkelstein,2012-03-08 16:41:39,flask/testsuite/helpers.py,12,0
flask,9711fd402010b2e14a98879f0457174c3ca15a24,Jeffrey Finkelstein,2012-03-08 16:41:39,flask/wrappers.py,52,4
flask,075b6b11c8b1690d946b8839e6dc4eb8a8cb7e3c,James Saryerwinnie,2012-03-11 20:45:58,flask/app.py,15,1
flask,075b6b11c8b1690d946b8839e6dc4eb8a8cb7e3c,James Saryerwinnie,2012-03-11 20:45:58,flask/testsuite/basic.py,29,0
flask,06b224676d2f6c38fbf1f486f636e81a85016d45,Dave Shawley,2012-03-12 11:19:17,flask/helpers.py,9,2
flask,06b224676d2f6c38fbf1f486f636e81a85016d45,Dave Shawley,2012-03-12 11:19:17,flask/testsuite/helpers.py,25,1
flask,8216e036e96594a4932d1f6a3569fcf39fe3c2bd,Thibaud Morel,2012-03-12 11:16:03,setup.py,3,0
flask,cb24646948a8c00c5b39f0d76bf75e153ac502b1,Christoph Heer,2012-03-12 14:27:35,flask/helpers.py,21,0
flask,cb24646948a8c00c5b39f0d76bf75e153ac502b1,Christoph Heer,2012-03-12 14:27:35,flask/testsuite/helpers.py,14,0
flask,09370c3f1c808e9251292bc228b6bef4b1223e93,Ned Jackson Lovely,2012-03-12 15:26:05,flask/helpers.py,10,9
flask,68f93634de2e25afda209b710002e4c9159fd38e,Ned Jackson Lovely,2012-03-12 17:18:27,flask/helpers.py,2,2
flask,71b351173b1440d6ca2dc36284d080fda2a22006,Anton I. Sipos,2012-03-12 14:53:24,flask/exceptions.py,49,0
flask,71b351173b1440d6ca2dc36284d080fda2a22006,Anton I. Sipos,2012-03-12 14:53:24,flask/wrappers.py,1,38
flask,146088d58066f16ef4bc8172f8120402517c34d3,Ron DuPlain,2012-03-13 14:37:48,flask/helpers.py,16,2
flask,146088d58066f16ef4bc8172f8120402517c34d3,Ron DuPlain,2012-03-13 14:37:48,flask/testsuite/helpers.py,1,3
flask,d94efc6db63516b7f72e58c34ae33700f3d9c4fb,Ron DuPlain,2012-03-13 16:34:16,flask/app.py,7,0
flask,d94efc6db63516b7f72e58c34ae33700f3d9c4fb,Ron DuPlain,2012-03-13 16:34:16,flask/helpers.py,9,5
flask,d94efc6db63516b7f72e58c34ae33700f3d9c4fb,Ron DuPlain,2012-03-13 16:34:16,flask/testsuite/blueprints.py,14,0
flask,d94efc6db63516b7f72e58c34ae33700f3d9c4fb,Ron DuPlain,2012-03-13 16:34:16,flask/testsuite/helpers.py,9,4
flask,bb99158c870a2d761f1349af02ef1decf0d10c7b,Jon Parise,2012-03-19 22:33:43,flask/views.py,1,1
flask,b29834dac37a13f82019aa1c7e9d06622cf5790e,Kamil Kisiel,2012-03-24 14:09:43,setup.py,1,1
flask,35383ee83c568ce642ffef6733d8b91ebd206185,Pascal Hartig,2012-03-28 10:33:27,setup.py,1,1
flask,0eb75b317bd62ece31875158fb31262ce7d05e69,Ron DuPlain,2012-04-01 11:33:42,flask/helpers.py,7,0
flask,91efb90fb3d580bad438c353bdfe4d604051a3a4,jfinkels,2012-04-01 13:03:22,flask/wrappers.py,0,1
flask,f46f7155b27a741081fc13fa7fb1db53e54f5683,Kenneth Reitz,2012-04-01 20:57:50,docs/conf.py,1,1
flask,a1305973bfef18a341224ad4f748c35d77a64cdb,Armin Ronacher,2012-04-09 14:19:13,flask/ctx.py,1,1
flask,47288231fe8f9c6b2c413d50160c32c3884d5785,Armin Ronacher,2012-04-09 14:34:12,flask/app.py,16,1
flask,47288231fe8f9c6b2c413d50160c32c3884d5785,Armin Ronacher,2012-04-09 14:34:12,flask/ctx.py,53,1
flask,47288231fe8f9c6b2c413d50160c32c3884d5785,Armin Ronacher,2012-04-09 14:34:12,flask/globals.py,9,1
flask,307d1bc4e51fc35282f2d504b9df3359604b8f8a,Armin Ronacher,2012-04-09 15:04:35,flask/app.py,16,3
flask,307d1bc4e51fc35282f2d504b9df3359604b8f8a,Armin Ronacher,2012-04-09 15:04:35,flask/ctx.py,1,0
flask,307d1bc4e51fc35282f2d504b9df3359604b8f8a,Armin Ronacher,2012-04-09 15:04:35,flask/helpers.py,32,18
flask,307d1bc4e51fc35282f2d504b9df3359604b8f8a,Armin Ronacher,2012-04-09 15:04:35,flask/testsuite/appctx.py,38,0
flask,f8f2e2dff481e55fa9ae7cc3f70f36d61bcf56d7,Armin Ronacher,2012-04-09 15:16:09,flask/__init__.py,2,1
flask,f8f2e2dff481e55fa9ae7cc3f70f36d61bcf56d7,Armin Ronacher,2012-04-09 15:16:09,flask/helpers.py,8,0
flask,f8f2e2dff481e55fa9ae7cc3f70f36d61bcf56d7,Armin Ronacher,2012-04-09 15:16:09,flask/testsuite/appctx.py,23,1
flask,0207e90155abe937568727e4e9eca949b8247cd5,Armin Ronacher,2012-04-09 15:22:36,flask/ctx.py,10,0
flask,cf1641e5beec1ec11f418fa6e775fc44b9410180,Armin Ronacher,2012-04-09 15:56:33,flask/app.py,33,22
flask,cf1641e5beec1ec11f418fa6e775fc44b9410180,Armin Ronacher,2012-04-09 15:56:33,flask/testsuite/basic.py,6,9
flask,34bbd3100bbfb9a406a417a9fe4e8944aa87c629,Armin Ronacher,2012-04-09 16:11:35,flask/helpers.py,3,1
flask,9bed20c07c40a163077b936f740a4e96a6213688,Armin Ronacher,2012-04-09 17:29:00,flask/app.py,62,6
flask,9bed20c07c40a163077b936f740a4e96a6213688,Armin Ronacher,2012-04-09 17:29:00,flask/ctx.py,14,4
flask,9bed20c07c40a163077b936f740a4e96a6213688,Armin Ronacher,2012-04-09 17:29:00,flask/signals.py,1,0
flask,9bed20c07c40a163077b936f740a4e96a6213688,Armin Ronacher,2012-04-09 17:29:00,flask/testsuite/appctx.py,12,0
flask,cb54c462b809e36d12af571fa36affb4af3f7e96,Armin Ronacher,2012-04-09 17:32:37,flask/ctx.py,1,1
flask,d26af4fd6dd71793cf6373c1c18c82349494e0aa,Armin Ronacher,2012-04-09 17:38:08,flask/__init__.py,1,1
flask,bcd00e5070caf6f5ff7639d3758f5595bc5507a1,Armin Ronacher,2012-04-09 17:56:37,flask/ctx.py,1,1
flask,9d09632dbfc0c08ab1a5290fbf282aad7d13e2f8,Sean Vieira,2012-04-09 17:17:52,flask/blueprints.py,1,1
flask,a2eb5efcd8be834ca7e30e6392fa3a2067ad3a55,Florent Xicluna,2012-04-12 19:14:52,scripts/flaskext_compat.py,3,3
flask,a3cb2a33829ee517530d30cd920e5d652b358086,Ron DuPlain,2012-04-19 11:51:38,flask/app.py,1,1
flask,a3cb2a33829ee517530d30cd920e5d652b358086,Ron DuPlain,2012-04-19 11:51:38,flask/helpers.py,5,5
flask,d90f0afe39724040d0be92df054e2b1438886134,Ron DuPlain,2012-04-21 18:40:02,flask/testsuite/helpers.py,5,2
flask,36194697ae8371f42d3041c1f89b6f2e77c34826,ekoka,2012-04-21 23:36:08,flask/app.py,1,1
flask,bb31188ec3882e9a6c6035b7a65ca257d424e31a,Ron DuPlain,2012-04-22 12:30:15,flask/app.py,20,0
flask,bb31188ec3882e9a6c6035b7a65ca257d424e31a,Ron DuPlain,2012-04-22 12:30:15,flask/helpers.py,14,0
flask,bb31188ec3882e9a6c6035b7a65ca257d424e31a,Ron DuPlain,2012-04-22 12:30:15,flask/testsuite/basic.py,12,0
flask,8c8c524ddb791c2f7eed47b6d2e4317faf06a659,Ron DuPlain,2012-04-22 12:51:31,flask/app.py,5,1
flask,8c8c524ddb791c2f7eed47b6d2e4317faf06a659,Ron DuPlain,2012-04-22 12:51:31,flask/testsuite/basic.py,15,0
flask,148c50abf983eb8bbd8ecb565c9f98912048af46,Ron DuPlain,2012-04-23 21:20:47,flask/app.py,1,0
flask,148c50abf983eb8bbd8ecb565c9f98912048af46,Ron DuPlain,2012-04-23 21:20:47,flask/helpers.py,34,0
flask,2262ce4915aec0dfffa8e71244ebe10f72d11111,Ron DuPlain,2012-04-23 21:36:28,flask/testsuite/regression.py,6,3
flask,b31f2d9a640c154e41de6d9631e95cf105e96e1f,Ron DuPlain,2012-04-23 21:46:53,setup.py,1,1
flask,26da6a5365e1fd229932f167a299128f30fae154,Ron DuPlain,2012-04-24 01:48:05,flask/app.py,0,6
flask,26da6a5365e1fd229932f167a299128f30fae154,Ron DuPlain,2012-04-24 01:48:05,flask/helpers.py,32,19
flask,26da6a5365e1fd229932f167a299128f30fae154,Ron DuPlain,2012-04-24 01:48:05,flask/testsuite/blueprints.py,23,0
flask,26da6a5365e1fd229932f167a299128f30fae154,Ron DuPlain,2012-04-24 01:48:05,flask/testsuite/helpers.py,17,8
flask,33bae1a8dcadbf56fb19ad814fa516b6468bb2cb,Ron DuPlain,2012-04-24 02:00:47,flask/app.py,6,1
flask,33bae1a8dcadbf56fb19ad814fa516b6468bb2cb,Ron DuPlain,2012-04-24 02:00:47,flask/ctx.py,2,1
flask,33bae1a8dcadbf56fb19ad814fa516b6468bb2cb,Ron DuPlain,2012-04-24 02:00:47,flask/testsuite/appctx.py,10,0
flask,e78e2a1641e5b7ad538d93154ee59445f4d4eaf7,Ron DuPlain,2012-04-24 02:10:16,flask/app.py,7,0
flask,12dcba8849d153c7e13e99b6bcf57922e1a97240,ekoka,2012-04-24 05:32:52,flask/testsuite/basic.py,23,0
flask,2053d04db0f303430f5f6c5bc6e97b8bec46c399,Armin Ronacher,2012-05-08 11:56:11,flask/app.py,23,20
flask,2053d04db0f303430f5f6c5bc6e97b8bec46c399,Armin Ronacher,2012-05-08 11:56:11,flask/helpers.py,3,2
flask,2053d04db0f303430f5f6c5bc6e97b8bec46c399,Armin Ronacher,2012-05-08 11:56:11,flask/testsuite/basic.py,3,3
flask,dbfd406a21191c26c2987ffd11f7c49b8733cd82,Armin Ronacher,2012-05-08 12:51:26,flask/app.py,8,1
flask,086348e2f2874fb701048d5e1390cfe674de1f70,Armin Ronacher,2012-05-08 13:14:32,flask/__init__.py,2,1
flask,086348e2f2874fb701048d5e1390cfe674de1f70,Armin Ronacher,2012-05-08 13:14:32,flask/app.py,1,1
flask,086348e2f2874fb701048d5e1390cfe674de1f70,Armin Ronacher,2012-05-08 13:14:32,flask/ctx.py,30,0
flask,086348e2f2874fb701048d5e1390cfe674de1f70,Armin Ronacher,2012-05-08 13:14:32,flask/testsuite/basic.py,15,0
flask,444698d42b6cd2bb356d3ac6a7fa9f2be7e0df55,Alex Vykalyuk,2012-05-14 23:39:27,scripts/flaskext_compat.py,1,0
flask,447afc3525b009ed369943e13437d98e07898bdc,Marc Abramowitz,2012-05-27 18:24:27,flask/helpers.py,7,3
flask,4b21e2d38ccf66f236c5f1c8a10bd9d7904f2599,Massimo Santini,2012-06-13 16:43:34,flask/helpers.py,1,1
flask,b04827283ea36cc456367f1ac4e0700b90b71283,Armin Ronacher,2012-06-17 14:17:22,flask/helpers.py,0,26
flask,b04827283ea36cc456367f1ac4e0700b90b71283,Armin Ronacher,2012-06-17 14:17:22,flask/testsuite/helpers.py,1,18
flask,1f3e667b5d9ffb60c218c250df27144793a5acdb,Matt Wright,2012-06-18 18:33:17,flask/ctx.py,1,1
flask,8071f11328ab2b767608c5c63d0bad72d9408120,Armin Ronacher,2012-06-26 17:18:59,flask/helpers.py,13,1
flask,558750494f6f99b1272218c35d86e6452484e77c,Armin Ronacher,2012-06-27 12:08:01,flask/ctx.py,0,1
flask,43c6a1ede87da5c20d8b5c7db995cf2d22eb40b2,Armin Ronacher,2012-06-27 12:22:39,flask/ctx.py,2,1
flask,d5218997d927be869dd55ef04542e1bbc1e69653,Armin Ronacher,2012-06-27 15:06:39,flask/__init__.py,2,1
flask,d5218997d927be869dd55ef04542e1bbc1e69653,Armin Ronacher,2012-06-27 15:06:39,flask/ctx.py,38,26
flask,d5218997d927be869dd55ef04542e1bbc1e69653,Armin Ronacher,2012-06-27 15:06:39,flask/helpers.py,73,0
flask,d5218997d927be869dd55ef04542e1bbc1e69653,Armin Ronacher,2012-06-27 15:06:39,flask/testsuite/appctx.py,20,0
flask,d5218997d927be869dd55ef04542e1bbc1e69653,Armin Ronacher,2012-06-27 15:06:39,flask/testsuite/helpers.py,59,0
flask,19def9606ac50bd308ea283e283cbcf62498d6c7,Armin Ronacher,2012-07-01 12:08:38,flask/__init__.py,1,1
flask,19def9606ac50bd308ea283e283cbcf62498d6c7,Armin Ronacher,2012-07-01 12:08:38,setup.py,1,1
flask,d4415dd6653adb25b89b6276dd140141266ba46b,Armin Ronacher,2012-07-01 12:26:45,flask/helpers.py,1,1
flask,1beb0f2e7f8c60df41cd7b198c1ed1748a0fea3d,Armin Ronacher,2012-07-02 09:11:24,flask/helpers.py,1,1
flask,20a542fc8ac6dadbcbac92e84fb554e00ccc897a,Paul McMillan,2012-07-26 09:56:01,flask/app.py,1,1
flask,ed1619adadc56641b8ab1ba2c03d45023960aaf2,Priit Laes,2012-08-01 11:27:28,flask/helpers.py,3,1
flask,e3b3e05052ea36456cb557b8799b7b0ed00865bd,Priit Laes,2012-08-01 11:29:40,flask/helpers.py,1,1
flask,4df3bf2058954624f9376fd16774a769299dc40a,Armin Ronacher,2012-08-11 02:36:14,flask/sessions.py,79,1
flask,4df3bf2058954624f9376fd16774a769299dc40a,Armin Ronacher,2012-08-11 02:36:14,flask/testsuite/basic.py,26,0
flask,b87919348104774e9c959fc00976966e38161129,Armin Ronacher,2012-08-11 02:37:03,flask/__init__.py,1,1
flask,b87919348104774e9c959fc00976966e38161129,Armin Ronacher,2012-08-11 02:37:03,setup.py,1,1
flask,3f82d1b68ea6f5bf2970c2df8ff5cf991439a9bf,Armin Ronacher,2012-08-11 03:09:14,flask/sessions.py,42,58
flask,3f82d1b68ea6f5bf2970c2df8ff5cf991439a9bf,Armin Ronacher,2012-08-11 03:09:14,setup.py,2,1
flask,c3d38a21c664440fb8284aaaf8fbcce4a1c0849f,Armin Ronacher,2012-08-11 03:11:40,flask/__init__.py,3,3
flask,c3d38a21c664440fb8284aaaf8fbcce4a1c0849f,Armin Ronacher,2012-08-11 03:11:40,flask/helpers.py,4,27
flask,c3d38a21c664440fb8284aaaf8fbcce4a1c0849f,Armin Ronacher,2012-08-11 03:11:40,flask/wrappers.py,1,3
flask,fe85970665ea3a38f9c6a8ef4756ff3a913850b6,Armin Ronacher,2012-08-11 03:38:46,flask/sessions.py,40,15
flask,fe85970665ea3a38f9c6a8ef4756ff3a913850b6,Armin Ronacher,2012-08-11 03:38:46,setup.py,1,1
flask,8d330a368a7f0aa6ba8508cb2b4b64f6415a0c7b,d1ffuz0r,2012-08-29 22:26:39,scripts/flaskext_compat.py,1,1
flask,48f7cdd01699fdc4048b18d827fccfbf9f266c9f,Finbarr O'Callaghan,2012-09-06 18:04:51,flask/app.py,9,9
flask,48f7cdd01699fdc4048b18d827fccfbf9f266c9f,Finbarr O'Callaghan,2012-09-06 18:04:51,flask/exthook.py,1,1
flask,48f7cdd01699fdc4048b18d827fccfbf9f266c9f,Finbarr O'Callaghan,2012-09-06 18:04:51,flask/testsuite/subclassing.py,4,4
flask,48f7cdd01699fdc4048b18d827fccfbf9f266c9f,Finbarr O'Callaghan,2012-09-06 18:04:51,flask/wrappers.py,1,1
flask,e93447f25e5f0cf0c10c32daa10b02e23ba2bc1a,Finbarr O'Callaghan,2012-09-06 18:30:41,flask/app.py,1,1
flask,9ecbd20286aebcd2040cf7463d5288726787c1f3,Ralph Bean,2012-09-13 15:16:38,flask/templating.py,2,2
flask,7233a3e0a223e8d426ff937f5c03d88636b0ade4,Ryan Macy,2012-10-01 14:45:02,flask/app.py,1,1
flask,261c4a6aee88361e0de5d86061d873bbad2cb3a9,Armin Ronacher,2012-10-07 12:40:59,flask/sessions.py,2,3
flask,4f1cb4212376acbbe7ab14fb8caa8a5025b4659e,Armin Ronacher,2012-10-07 12:48:19,flask/testing.py,5,1
flask,4f1cb4212376acbbe7ab14fb8caa8a5025b4659e,Armin Ronacher,2012-10-07 12:48:19,flask/testsuite/testing.py,39,0
flask,f034d8d3451f590fca1badeac5da0230bed9b148,Armin Ronacher,2012-10-07 12:51:46,flask/app.py,38,0
flask,f034d8d3451f590fca1badeac5da0230bed9b148,Armin Ronacher,2012-10-07 12:51:46,flask/blueprints.py,28,0
flask,f034d8d3451f590fca1badeac5da0230bed9b148,Armin Ronacher,2012-10-07 12:51:46,flask/testsuite/blueprints.py,112,4
flask,f034d8d3451f590fca1badeac5da0230bed9b148,Armin Ronacher,2012-10-07 12:51:46,flask/testsuite/templating.py,84,7
flask,7f8709147435bea69fa15ae0de9a2326ab5dfc41,Armin Ronacher,2012-10-07 14:51:26,flask/__init__.py,2,1
flask,de5038f2fb25189e6d2ba8bc479d3d940a8ea43b,Armin Ronacher,2012-10-07 14:56:02,flask/sessions.py,5,1
flask,3bec75d230507335eaf9066605d3893e185b9e11,Armin Ronacher,2012-10-07 15:24:03,flask/helpers.py,1,0
flask,c4f2075f4c4c27856fe0af77250fb75c61c0d86b,Armin Ronacher,2012-10-07 15:33:25,flask/helpers.py,7,5
flask,c4f2075f4c4c27856fe0af77250fb75c61c0d86b,Armin Ronacher,2012-10-07 15:33:25,flask/testsuite/helpers.py,2,0
flask,f8b6033a3b86691470a36db57eba17d996c7d5e8,Armin Ronacher,2012-10-07 16:04:31,flask/testsuite/__init__.py,4,1
flask,661ee54bc2bc1ea0763ac9c226f8e14bb0beb5b1,Armin Ronacher,2012-10-07 17:12:16,flask/app.py,5,0
flask,661ee54bc2bc1ea0763ac9c226f8e14bb0beb5b1,Armin Ronacher,2012-10-07 17:12:16,flask/testsuite/basic.py,1,1
flask,661ee54bc2bc1ea0763ac9c226f8e14bb0beb5b1,Armin Ronacher,2012-10-07 17:12:16,flask/testsuite/views.py,17,0
flask,3afcbf160eff2a5ab6ac35a82e0719f972df8972,Armin Ronacher,2012-10-07 22:58:41,flask/helpers.py,3,1
flask,3afcbf160eff2a5ab6ac35a82e0719f972df8972,Armin Ronacher,2012-10-07 22:58:41,flask/testsuite/regression.py,6,0
flask,301e244df3dc747a73e2564a046976af5d0164eb,Armin Ronacher,2012-10-07 22:59:52,flask/helpers.py,1,1
flask,b146d8277ab90cf6d43ea54113383076e4fd0318,Armin Ronacher,2012-10-07 23:31:48,flask/__init__.py,9,5
flask,b146d8277ab90cf6d43ea54113383076e4fd0318,Armin Ronacher,2012-10-07 23:31:48,flask/app.py,13,3
flask,b146d8277ab90cf6d43ea54113383076e4fd0318,Armin Ronacher,2012-10-07 23:31:48,flask/exceptions.py,1,2
flask,b146d8277ab90cf6d43ea54113383076e4fd0318,Armin Ronacher,2012-10-07 23:31:48,flask/helpers.py,0,46
flask,b146d8277ab90cf6d43ea54113383076e4fd0318,Armin Ronacher,2012-10-07 23:31:48,flask/json.py,146,0
flask,b146d8277ab90cf6d43ea54113383076e4fd0318,Armin Ronacher,2012-10-07 23:31:48,flask/sessions.py,1,2
flask,b146d8277ab90cf6d43ea54113383076e4fd0318,Armin Ronacher,2012-10-07 23:31:48,flask/wrappers.py,1,1
flask,05c6502cbde016f0475233faa0c6364634cccac9,Armin Ronacher,2012-10-07 23:41:41,flask/json.py,12,6
flask,05c6502cbde016f0475233faa0c6364634cccac9,Armin Ronacher,2012-10-07 23:41:41,flask/testsuite/helpers.py,30,0
flask,5e88c8184d19851c4ccc9a74595819bbe374e839,Armin Ronacher,2012-10-08 06:48:13,flask/session.py,0,19
flask,f34c0281252bf1838e2ec24fe8b064b232a098ef,Armin Ronacher,2012-10-08 07:01:49,flask/app.py,7,4
flask,f34c0281252bf1838e2ec24fe8b064b232a098ef,Armin Ronacher,2012-10-08 07:01:49,flask/templating.py,5,4
flask,f34c0281252bf1838e2ec24fe8b064b232a098ef,Armin Ronacher,2012-10-08 07:01:49,flask/testsuite/templating.py,12,0
flask,3e9f4e254b5757d80218c0d8077bd44465365489,Armin Ronacher,2012-10-08 07:05:32,flask/ctx.py,3,2
flask,c2e5799879ed22a4657b75df6da66d6074ae7cc7,Armin Ronacher,2012-10-09 14:02:32,examples/flaskr/flaskr.py,22,19
flask,c2e5799879ed22a4657b75df6da66d6074ae7cc7,Armin Ronacher,2012-10-09 14:02:32,examples/minitwit/minitwit.py,44,37
flask,a15c6c569ab40f0da2d18b1bd338bd03ddb024eb,Mitchell Peabody,2012-10-16 16:57:57,flask/testsuite/views.py,1,1
flask,275f830c8346c29af424b1ed2f2ffabee2408ec8,Mitchell Peabody,2012-10-17 11:56:39,flask/helpers.py,0,2
flask,8339cb35082fc93d3a9c98616aed7fe0c1c642dc,Armin Ronacher,2012-10-18 00:48:15,flask/app.py,2,1
flask,8339cb35082fc93d3a9c98616aed7fe0c1c642dc,Armin Ronacher,2012-10-18 00:48:15,flask/json.py,23,8
flask,8339cb35082fc93d3a9c98616aed7fe0c1c642dc,Armin Ronacher,2012-10-18 00:48:15,flask/testsuite/helpers.py,13,0
flask,1e39871d681bd41451cf8694cd67fffe017fa522,Quentin Roy,2012-10-20 18:21:48,scripts/flaskext_compat.py,1,1
flask,2b885ce4dc3f6b2ea2707a39a8198a84d7ad3991,Armin Ronacher,2012-10-30 14:47:17,flask/debughelpers.py,6,0
flask,2b885ce4dc3f6b2ea2707a39a8198a84d7ad3991,Armin Ronacher,2012-10-30 14:47:17,flask/sessions.py,11,0
flask,82b29c09ac898042d589d852f1ef6f107fec9f71,Gennady Kovshenin,2012-11-05 06:00:46,examples/flaskr/flaskr.py,5,2
flask,1949c4a9abc174bf29620f6dd8ceab9ed3ace2eb,Armin Ronacher,2012-12-21 11:45:42,flask/app.py,19,3
flask,1949c4a9abc174bf29620f6dd8ceab9ed3ace2eb,Armin Ronacher,2012-12-21 11:45:42,flask/ctx.py,9,2
flask,1949c4a9abc174bf29620f6dd8ceab9ed3ace2eb,Armin Ronacher,2012-12-21 11:45:42,flask/globals.py,12,4
flask,1949c4a9abc174bf29620f6dd8ceab9ed3ace2eb,Armin Ronacher,2012-12-21 11:45:42,flask/templating.py,8,7
flask,1949c4a9abc174bf29620f6dd8ceab9ed3ace2eb,Armin Ronacher,2012-12-21 11:45:42,flask/testsuite/appctx.py,3,3
flask,1949c4a9abc174bf29620f6dd8ceab9ed3ace2eb,Armin Ronacher,2012-12-21 11:45:42,flask/testsuite/basic.py,4,1
flask,2af0ffaef63dbd6031d889d28e4d60794becb7b6,Armin Ronacher,2012-12-21 11:47:27,flask/app.py,8,2
flask,ff2e8449ffbb37cb8ebf4d7575c0e9102c78e772,Kenneth Reitz,2012-12-31 18:00:58,docs/conf.py,1,1
flask,2b30900e2c007cf39b3d73a8ad53afe2f29a3a2c,Markus Unterwaditzer,2013-01-11 16:52:38,flask/helpers.py,3,2
flask,f1537a9d7a1e5ab53e38166a2a8fd7bad9278c18,Armin Ronacher,2013-01-21 17:44:32,flask/app.py,6,2
flask,61d3bbf1d237cd8f03e37af88ad4a6b59f27d4e1,Armin Ronacher,2013-01-21 17:55:07,flask/app.py,6,6
flask,61d3bbf1d237cd8f03e37af88ad4a6b59f27d4e1,Armin Ronacher,2013-01-21 17:55:07,flask/testsuite/regression.py,25,0
flask,b5069d07a24a3c3a54fb056aa6f4076a0e7088c7,Max Countryman,2013-01-21 16:18:46,flask/helpers.py,12,0
flask,b5069d07a24a3c3a54fb056aa6f4076a0e7088c7,Max Countryman,2013-01-21 16:18:46,flask/testsuite/helpers.py,22,0
flask,3b393f89f66733f7824a50b33b93eae9999812ad,Armin Ronacher,2013-01-27 00:46:19,flask/app.py,32,0
flask,3b393f89f66733f7824a50b33b93eae9999812ad,Armin Ronacher,2013-01-27 00:46:19,flask/blueprints.py,28,0
flask,3b393f89f66733f7824a50b33b93eae9999812ad,Armin Ronacher,2013-01-27 00:46:19,flask/testsuite/templating.py,12,0
flask,6ab569b0e3791cf04db7c333bbf5b78d33255dad,Armin Ronacher,2013-01-27 00:56:01,flask/app.py,7,0
flask,6bd0080575a3413e349a20a658cc720809782238,Armin Ronacher,2013-01-28 15:08:54,flask/sessions.py,7,1
flask,bfeee756967ba1f6a74a6f2f4c3c617b4c0c4245,Armin Ronacher,2013-01-29 19:31:45,flask/sessions.py,10,0
flask,bfeee756967ba1f6a74a6f2f4c3c617b4c0c4245,Armin Ronacher,2013-01-29 19:31:45,flask/testsuite/basic.py,16,0
flask,b2aae044ca9c9875c594d57a3bd92bd80d8d56ff,Paulo Poiati,2013-02-28 01:19:52,flask/__init__.py,1,1
flask,b2aae044ca9c9875c594d57a3bd92bd80d8d56ff,Paulo Poiati,2013-02-28 01:19:52,flask/helpers.py,3,0
flask,b2aae044ca9c9875c594d57a3bd92bd80d8d56ff,Paulo Poiati,2013-02-28 01:19:52,flask/signals.py,1,0
flask,b2aae044ca9c9875c594d57a3bd92bd80d8d56ff,Paulo Poiati,2013-02-28 01:19:52,flask/testsuite/signals.py,27,0
flask,78ae0ec7f8d436df789d98c64e3579a196f52ada,Tomasz Kalkosiński,2013-03-25 12:29:28,flask/json.py,2,0
flask,b9355a7d5f79cfa06324a72cbaef4b9ec7a299d3,Steve Leonard,2013-04-04 06:56:24,flask/app.py,5,0
flask,f74f446961f9fd8ecb2edffca53b82016cc41343,Trey Long,2013-04-04 12:31:42,flask/app.py,1,1
flask,1358fd9f3e0d1cdfa2a948a1176b276188ea959e,Cenk Altı,2013-04-24 09:42:52,setup.py,2,2
flask,097353695e3178a38403b204ae4889c8a32bf997,Armin Ronacher,2013-05-14 11:00:04,flask/__init__.py,1,1
flask,097353695e3178a38403b204ae4889c8a32bf997,Armin Ronacher,2013-05-14 11:00:04,flask/app.py,6,0
flask,097353695e3178a38403b204ae4889c8a32bf997,Armin Ronacher,2013-05-14 11:00:04,flask/ctx.py,73,4
flask,097353695e3178a38403b204ae4889c8a32bf997,Armin Ronacher,2013-05-14 11:00:04,flask/testsuite/basic.py,1,109
flask,097353695e3178a38403b204ae4889c8a32bf997,Armin Ronacher,2013-05-14 11:00:04,flask/testsuite/reqctx.py,187,0
flask,2ba37d2b85ac2c6cacb62055162e2e7b5e9cc55e,Armin Ronacher,2013-05-14 11:33:13,flask/app.py,5,5
flask,18673ba370e6744049aa2622b5973506d80659e0,Armin Ronacher,2013-05-14 11:33:36,flask/sessions.py,5,0
flask,18673ba370e6744049aa2622b5973506d80659e0,Armin Ronacher,2013-05-14 11:33:36,flask/testsuite/basic.py,4,0
flask,c349c91affd1d2123f50ab7a3d8c571da489338e,Armin Ronacher,2013-05-14 11:35:45,flask/json.py,6,3
flask,574a97cd701df65ef1b4aff3f3e0549d69ce5419,Armin Ronacher,2013-05-14 11:51:38,flask/testsuite/regression.py,3,2
flask,6caaa8a527134dc9aff6d5c442969e96f9c00f21,Thomas Waldmann,2013-05-18 16:24:40,flask/app.py,5,5
flask,6caaa8a527134dc9aff6d5c442969e96f9c00f21,Thomas Waldmann,2013-05-18 16:24:40,flask/config.py,1,1
flask,6caaa8a527134dc9aff6d5c442969e96f9c00f21,Thomas Waldmann,2013-05-18 16:24:40,flask/ctx.py,1,1
flask,6caaa8a527134dc9aff6d5c442969e96f9c00f21,Thomas Waldmann,2013-05-18 16:24:40,flask/debughelpers.py,1,1
flask,6caaa8a527134dc9aff6d5c442969e96f9c00f21,Thomas Waldmann,2013-05-18 16:24:40,flask/helpers.py,1,1
flask,6caaa8a527134dc9aff6d5c442969e96f9c00f21,Thomas Waldmann,2013-05-18 16:24:40,flask/testsuite/__init__.py,1,1
flask,6caaa8a527134dc9aff6d5c442969e96f9c00f21,Thomas Waldmann,2013-05-18 16:24:40,flask/testsuite/basic.py,10,10
flask,6caaa8a527134dc9aff6d5c442969e96f9c00f21,Thomas Waldmann,2013-05-18 16:24:40,flask/testsuite/blueprints.py,2,2
flask,6caaa8a527134dc9aff6d5c442969e96f9c00f21,Thomas Waldmann,2013-05-18 16:24:40,flask/testsuite/config.py,4,4
flask,6caaa8a527134dc9aff6d5c442969e96f9c00f21,Thomas Waldmann,2013-05-18 16:24:40,flask/testsuite/reqctx.py,3,3
flask,6caaa8a527134dc9aff6d5c442969e96f9c00f21,Thomas Waldmann,2013-05-18 16:24:40,flask/testsuite/testing.py,2,2
flask,6caaa8a527134dc9aff6d5c442969e96f9c00f21,Thomas Waldmann,2013-05-18 16:24:40,flask/wrappers.py,1,1
flask,b52b7b1f9322e7ab3e69a387dbfe9fe14de4c401,Thomas Waldmann,2013-05-18 16:31:40,flask/config.py,1,1
flask,b8b769ad41edeb2320774d88502dd998df272397,Thomas Waldmann,2013-05-18 16:39:39,flask/app.py,1,1
flask,40fad2ece80e8bf6784e137028645fa66a3cd9c2,Thomas Waldmann,2013-05-18 17:06:25,flask/json.py,1,2
flask,40fad2ece80e8bf6784e137028645fa66a3cd9c2,Thomas Waldmann,2013-05-18 17:06:25,flask/wrappers.py,0,2
flask,40fad2ece80e8bf6784e137028645fa66a3cd9c2,Thomas Waldmann,2013-05-18 17:06:25,scripts/flask-07-upgrade.py,1,3
flask,40fad2ece80e8bf6784e137028645fa66a3cd9c2,Thomas Waldmann,2013-05-18 17:06:25,setup.py,0,1
flask,1b753cb1b1764de5bf3afe1f96032362208febc6,Thomas Waldmann,2013-05-18 17:47:40,flask/_compat.py,13,0
flask,1b753cb1b1764de5bf3afe1f96032362208febc6,Thomas Waldmann,2013-05-18 17:47:40,setup.py,1,0
flask,cfbfff2d2692a94bdb29133c2e7bb6b792cb337d,Thomas Waldmann,2013-05-18 17:57:43,flask/testsuite/__init__.py,2,1
flask,cfbfff2d2692a94bdb29133c2e7bb6b792cb337d,Thomas Waldmann,2013-05-18 17:57:43,flask/testsuite/config.py,1,1
flask,0f8c47c988fbecc30785959065a53e00861c8558,Thomas Waldmann,2013-05-18 18:00:15,flask/sessions.py,2,1
flask,0f8c47c988fbecc30785959065a53e00861c8558,Thomas Waldmann,2013-05-18 18:00:15,flask/templating.py,3,2
flask,dcd052366b43df7bfe730c2e991ff37c617ba52b,Thomas Waldmann,2013-05-18 18:03:37,flask/helpers.py,2,1
flask,dcd052366b43df7bfe730c2e991ff37c617ba52b,Thomas Waldmann,2013-05-18 18:03:37,flask/sessions.py,1,1
flask,dcd052366b43df7bfe730c2e991ff37c617ba52b,Thomas Waldmann,2013-05-18 18:03:37,flask/testsuite/helpers.py,2,1
flask,522cd0009367d1f775b0e978681426773f51ce14,Thomas Waldmann,2013-05-18 18:12:30,flask/json.py,2,1
flask,522cd0009367d1f775b0e978681426773f51ce14,Thomas Waldmann,2013-05-18 18:12:30,flask/sessions.py,2,2
flask,522cd0009367d1f775b0e978681426773f51ce14,Thomas Waldmann,2013-05-18 18:12:30,flask/testsuite/basic.py,2,1
flask,522cd0009367d1f775b0e978681426773f51ce14,Thomas Waldmann,2013-05-18 18:12:30,flask/testsuite/blueprints.py,2,1
flask,522cd0009367d1f775b0e978681426773f51ce14,Thomas Waldmann,2013-05-18 18:12:30,flask/testsuite/helpers.py,3,3
flask,522cd0009367d1f775b0e978681426773f51ce14,Thomas Waldmann,2013-05-18 18:12:30,flask/testsuite/testing.py,2,1
flask,287905e67c2f22df3c3055a0cca025931726cd02,Thomas Waldmann,2013-05-18 18:39:10,flask/testsuite/ext.py,2,2
flask,c618db92d6059ab1262ea2450b0f81a94cdad901,Daniel Neuhäuser,2013-05-18 18:55:36,flask/testsuite/ext.py,1,1
flask,506db0eab2bf9e514177d8b46e2708f10601cf36,Daniel Neuhäuser,2013-05-18 19:00:06,setup.py,4,3
flask,aecc41deb8d5cb8a1505be52648c78432e9238ae,Armin Ronacher,2013-05-20 09:47:07,flask/ctx.py,2,0
flask,a503520ac51d16558ce91f7d7fc9d30a910d928c,Thomas Waldmann,2013-05-21 23:34:25,flask/_compat.py,100,4
flask,e1d356fb713f3272db2a23f9f898c34c5dc79dc0,Thomas Waldmann,2013-05-22 01:33:04,examples/flaskr/flaskr.py,1,1
flask,e1d356fb713f3272db2a23f9f898c34c5dc79dc0,Thomas Waldmann,2013-05-22 01:33:04,examples/minitwit/minitwit.py,1,1
flask,e1d356fb713f3272db2a23f9f898c34c5dc79dc0,Thomas Waldmann,2013-05-22 01:33:04,flask/_compat.py,6,0
flask,e1d356fb713f3272db2a23f9f898c34c5dc79dc0,Thomas Waldmann,2013-05-22 01:33:04,flask/app.py,9,24
flask,e1d356fb713f3272db2a23f9f898c34c5dc79dc0,Thomas Waldmann,2013-05-22 01:33:04,flask/config.py,2,3
flask,e1d356fb713f3272db2a23f9f898c34c5dc79dc0,Thomas Waldmann,2013-05-22 01:33:04,flask/exthook.py,2,1
flask,e1d356fb713f3272db2a23f9f898c34c5dc79dc0,Thomas Waldmann,2013-05-22 01:33:04,flask/helpers.py,4,5
flask,e1d356fb713f3272db2a23f9f898c34c5dc79dc0,Thomas Waldmann,2013-05-22 01:33:04,flask/testing.py,1,3
flask,e1d356fb713f3272db2a23f9f898c34c5dc79dc0,Thomas Waldmann,2013-05-22 01:33:04,flask/testsuite/__init__.py,2,3
flask,e1d356fb713f3272db2a23f9f898c34c5dc79dc0,Thomas Waldmann,2013-05-22 01:33:04,flask/testsuite/appctx.py,0,2
flask,e1d356fb713f3272db2a23f9f898c34c5dc79dc0,Thomas Waldmann,2013-05-22 01:33:04,flask/testsuite/basic.py,1,3
flask,e1d356fb713f3272db2a23f9f898c34c5dc79dc0,Thomas Waldmann,2013-05-22 01:33:04,flask/testsuite/blueprints.py,0,2
flask,e1d356fb713f3272db2a23f9f898c34c5dc79dc0,Thomas Waldmann,2013-05-22 01:33:04,flask/testsuite/config.py,0,1
flask,e1d356fb713f3272db2a23f9f898c34c5dc79dc0,Thomas Waldmann,2013-05-22 01:33:04,flask/testsuite/deprecations.py,1,18
flask,e1d356fb713f3272db2a23f9f898c34c5dc79dc0,Thomas Waldmann,2013-05-22 01:33:04,flask/testsuite/ext.py,2,3
flask,e1d356fb713f3272db2a23f9f898c34c5dc79dc0,Thomas Waldmann,2013-05-22 01:33:04,flask/testsuite/helpers.py,1,3
flask,e1d356fb713f3272db2a23f9f898c34c5dc79dc0,Thomas Waldmann,2013-05-22 01:33:04,flask/testsuite/regression.py,1,3
flask,e1d356fb713f3272db2a23f9f898c34c5dc79dc0,Thomas Waldmann,2013-05-22 01:33:04,flask/testsuite/reqctx.py,0,2
flask,e1d356fb713f3272db2a23f9f898c34c5dc79dc0,Thomas Waldmann,2013-05-22 01:33:04,flask/testsuite/signals.py,0,1
flask,e1d356fb713f3272db2a23f9f898c34c5dc79dc0,Thomas Waldmann,2013-05-22 01:33:04,flask/testsuite/subclassing.py,1,1
flask,e1d356fb713f3272db2a23f9f898c34c5dc79dc0,Thomas Waldmann,2013-05-22 01:33:04,flask/testsuite/templating.py,0,2
flask,e1d356fb713f3272db2a23f9f898c34c5dc79dc0,Thomas Waldmann,2013-05-22 01:33:04,flask/testsuite/testing.py,0,2
flask,e1d356fb713f3272db2a23f9f898c34c5dc79dc0,Thomas Waldmann,2013-05-22 01:33:04,flask/testsuite/views.py,1,1
flask,e1d356fb713f3272db2a23f9f898c34c5dc79dc0,Thomas Waldmann,2013-05-22 01:33:04,scripts/flaskext_test.py,0,2
flask,3f51a09db4673c45f19cf1dcdbe04212ac7de890,Daniel Neuhäuser,2013-05-22 16:33:50,flask/json.py,1,1
flask,05f66ad73543db207791ea5d6a2de2e8eaaf1640,Markus Unterwaditzer,2013-05-22 17:09:37,flask/testsuite/basic.py,55,56
flask,05f66ad73543db207791ea5d6a2de2e8eaaf1640,Markus Unterwaditzer,2013-05-22 17:09:37,flask/testsuite/blueprints.py,37,37
flask,05f66ad73543db207791ea5d6a2de2e8eaaf1640,Markus Unterwaditzer,2013-05-22 17:09:37,flask/testsuite/helpers.py,8,8
flask,05f66ad73543db207791ea5d6a2de2e8eaaf1640,Markus Unterwaditzer,2013-05-22 17:09:37,flask/testsuite/regression.py,2,2
flask,05f66ad73543db207791ea5d6a2de2e8eaaf1640,Markus Unterwaditzer,2013-05-22 17:09:37,flask/testsuite/reqctx.py,2,2
flask,05f66ad73543db207791ea5d6a2de2e8eaaf1640,Markus Unterwaditzer,2013-05-22 17:09:37,flask/testsuite/signals.py,2,2
flask,05f66ad73543db207791ea5d6a2de2e8eaaf1640,Markus Unterwaditzer,2013-05-22 17:09:37,flask/testsuite/templating.py,8,8
flask,05f66ad73543db207791ea5d6a2de2e8eaaf1640,Markus Unterwaditzer,2013-05-22 17:09:37,flask/testsuite/testing.py,4,4
flask,05f66ad73543db207791ea5d6a2de2e8eaaf1640,Markus Unterwaditzer,2013-05-22 17:09:37,flask/testsuite/views.py,7,7
flask,5b89355b1c9771431fb8a011094591ad43461b0a,Daniel Neuhäuser,2013-05-22 17:14:07,flask/testsuite/basic.py,4,4
flask,5b89355b1c9771431fb8a011094591ad43461b0a,Daniel Neuhäuser,2013-05-22 17:14:07,flask/testsuite/blueprints.py,17,17
flask,5b89355b1c9771431fb8a011094591ad43461b0a,Daniel Neuhäuser,2013-05-22 17:14:07,flask/testsuite/helpers.py,1,1
flask,5b89355b1c9771431fb8a011094591ad43461b0a,Daniel Neuhäuser,2013-05-22 17:14:07,flask/testsuite/subclassing.py,1,1
flask,5b89355b1c9771431fb8a011094591ad43461b0a,Daniel Neuhäuser,2013-05-22 17:14:07,flask/testsuite/templating.py,11,11
flask,5b89355b1c9771431fb8a011094591ad43461b0a,Daniel Neuhäuser,2013-05-22 17:14:07,flask/testsuite/testing.py,7,7
flask,239780be289efd365c07be2f60bab9223388399e,Daniel Neuhäuser,2013-05-22 17:23:38,flask/testsuite/__init__.py,5,2
flask,239780be289efd365c07be2f60bab9223388399e,Daniel Neuhäuser,2013-05-22 17:23:38,flask/testsuite/appctx.py,1,1
flask,239780be289efd365c07be2f60bab9223388399e,Daniel Neuhäuser,2013-05-22 17:23:38,flask/testsuite/basic.py,46,46
flask,239780be289efd365c07be2f60bab9223388399e,Daniel Neuhäuser,2013-05-22 17:23:38,flask/testsuite/blueprints.py,22,22
flask,239780be289efd365c07be2f60bab9223388399e,Daniel Neuhäuser,2013-05-22 17:23:38,flask/testsuite/config.py,12,12
flask,239780be289efd365c07be2f60bab9223388399e,Daniel Neuhäuser,2013-05-22 17:23:38,flask/testsuite/ext.py,4,4
flask,239780be289efd365c07be2f60bab9223388399e,Daniel Neuhäuser,2013-05-22 17:23:38,flask/testsuite/helpers.py,19,19
flask,239780be289efd365c07be2f60bab9223388399e,Daniel Neuhäuser,2013-05-22 17:23:38,flask/testsuite/reqctx.py,12,12
flask,239780be289efd365c07be2f60bab9223388399e,Daniel Neuhäuser,2013-05-22 17:23:38,flask/testsuite/signals.py,1,1
flask,239780be289efd365c07be2f60bab9223388399e,Daniel Neuhäuser,2013-05-22 17:23:38,flask/testsuite/subclassing.py,1,1
flask,239780be289efd365c07be2f60bab9223388399e,Daniel Neuhäuser,2013-05-22 17:23:38,flask/testsuite/templating.py,18,18
flask,239780be289efd365c07be2f60bab9223388399e,Daniel Neuhäuser,2013-05-22 17:23:38,flask/testsuite/testing.py,6,6
flask,8e9f0bdedca3edd5ba2e8902f05406acff8b8b44,Daniel Neuhäuser,2013-05-22 17:30:37,flask/testsuite/testing.py,4,4
flask,4d73ef1a194a4280d437db5cbc9ceb8850e99e1f,Daniel Neuhäuser,2013-05-22 19:19:46,flask/testsuite/__init__.py,2,2
flask,9f8a2075c79fec1b5481f5a5a95bb23b40bf68f2,Daniel Neuhäuser,2013-05-22 20:12:50,flask/testsuite/__init__.py,7,1
flask,9f8a2075c79fec1b5481f5a5a95bb23b40bf68f2,Daniel Neuhäuser,2013-05-22 20:12:50,flask/testsuite/basic.py,27,27
flask,9f8a2075c79fec1b5481f5a5a95bb23b40bf68f2,Daniel Neuhäuser,2013-05-22 20:12:50,flask/testsuite/blueprints.py,13,13
flask,9f8a2075c79fec1b5481f5a5a95bb23b40bf68f2,Daniel Neuhäuser,2013-05-22 20:12:50,flask/testsuite/config.py,2,2
flask,9f8a2075c79fec1b5481f5a5a95bb23b40bf68f2,Daniel Neuhäuser,2013-05-22 20:12:50,flask/testsuite/ext.py,2,2
flask,9f8a2075c79fec1b5481f5a5a95bb23b40bf68f2,Daniel Neuhäuser,2013-05-22 20:12:50,flask/testsuite/helpers.py,14,14
flask,9f8a2075c79fec1b5481f5a5a95bb23b40bf68f2,Daniel Neuhäuser,2013-05-22 20:12:50,flask/testsuite/subclassing.py,1,1
flask,9f8a2075c79fec1b5481f5a5a95bb23b40bf68f2,Daniel Neuhäuser,2013-05-22 20:12:50,flask/testsuite/templating.py,13,13
flask,9f8a2075c79fec1b5481f5a5a95bb23b40bf68f2,Daniel Neuhäuser,2013-05-22 20:12:50,flask/testsuite/testing.py,3,3
flask,62e7275bdf2bce19eb9fcfd31780e9314f96f092,Daniel Neuhäuser,2013-05-22 20:17:29,flask/testsuite/__init__.py,3,0
flask,62e7275bdf2bce19eb9fcfd31780e9314f96f092,Daniel Neuhäuser,2013-05-22 20:17:29,flask/testsuite/basic.py,4,4
flask,62e7275bdf2bce19eb9fcfd31780e9314f96f092,Daniel Neuhäuser,2013-05-22 20:17:29,flask/testsuite/config.py,2,2
flask,62e7275bdf2bce19eb9fcfd31780e9314f96f092,Daniel Neuhäuser,2013-05-22 20:17:29,flask/testsuite/reqctx.py,5,5
flask,62e7275bdf2bce19eb9fcfd31780e9314f96f092,Daniel Neuhäuser,2013-05-22 20:17:29,flask/testsuite/testing.py,1,1
flask,8f73c552a96cc54e6abefcfc0c4e9d4cdd7dc040,Daniel Neuhäuser,2013-05-22 20:53:32,flask/testsuite/__init__.py,7,0
flask,3f80b0fd6c054d924c41a3c91152ec1984d8c28c,Daniel Neuhäuser,2013-05-22 21:03:01,flask/testsuite/ext.py,6,1
flask,4bea6bbe6d2200dfdbcca3dfc2fe561488c82a8e,Daniel Neuhäuser,2013-05-22 21:07:53,flask/debughelpers.py,3,1
flask,3d36d6efb9371be92f6f22c844ed6a17c87f4a88,Markus Unterwaditzer,2013-05-22 21:09:32,flask/testsuite/__init__.py,4,1
flask,135c53a5f2f990512d2be348dc16ef719233a314,Daniel Neuhäuser,2013-05-22 21:30:45,flask/sessions.py,5,5
flask,a0801719f8f24a0e3192eca203bbd341c4e557ec,Daniel Neuhäuser,2013-05-22 21:40:30,flask/helpers.py,1,2
flask,a0801719f8f24a0e3192eca203bbd341c4e557ec,Daniel Neuhäuser,2013-05-22 21:40:30,flask/json.py,2,2
flask,a0801719f8f24a0e3192eca203bbd341c4e557ec,Daniel Neuhäuser,2013-05-22 21:40:30,flask/templating.py,3,3
flask,a0801719f8f24a0e3192eca203bbd341c4e557ec,Daniel Neuhäuser,2013-05-22 21:40:30,flask/testsuite/basic.py,2,2
flask,a0801719f8f24a0e3192eca203bbd341c4e557ec,Daniel Neuhäuser,2013-05-22 21:40:30,flask/testsuite/blueprints.py,2,2
flask,a0801719f8f24a0e3192eca203bbd341c4e557ec,Daniel Neuhäuser,2013-05-22 21:40:30,flask/testsuite/ext.py,4,1
flask,a0801719f8f24a0e3192eca203bbd341c4e557ec,Daniel Neuhäuser,2013-05-22 21:40:30,flask/testsuite/helpers.py,5,6
flask,a0801719f8f24a0e3192eca203bbd341c4e557ec,Daniel Neuhäuser,2013-05-22 21:40:30,flask/testsuite/testing.py,2,2
flask,a0801719f8f24a0e3192eca203bbd341c4e557ec,Daniel Neuhäuser,2013-05-22 21:40:30,setup.py,0,1
flask,43b6d0a6d062ace75cc2b0f7200b770eac23edcd,Daniel Neuhäuser,2013-05-22 22:49:25,flask/config.py,2,1
flask,79ec3d81c1c0e4db7eb800e69f2c7aab3d8d02b3,Daniel Neuhäuser,2013-05-22 22:58:12,flask/testsuite/basic.py,2,2
flask,eb023bcfad7741248705f6715055ffe46928b7fe,Armin Ronacher,2013-05-23 13:46:51,flask/json.py,5,2
flask,4c27f7a8c4bbe6621681178be716e6270067a3ad,Armin Ronacher,2013-05-23 13:59:10,flask/exceptions.py,0,48
flask,4c27f7a8c4bbe6621681178be716e6270067a3ad,Armin Ronacher,2013-05-23 13:59:10,flask/testsuite/helpers.py,1,13
flask,4c27f7a8c4bbe6621681178be716e6270067a3ad,Armin Ronacher,2013-05-23 13:59:10,flask/wrappers.py,7,12
flask,85ba8c96e9371368cff772e4e270cf685d015e03,Armin Ronacher,2013-05-23 14:07:25,flask/testsuite/ext.py,2,1
flask,12c08c03fb9e58d83094021a559329a7985e93c6,Tobias Bieniek,2013-05-25 09:10:41,flask/app.py,1,1
flask,8bb972e5ae647650457bc4e94ff51cb5e34951dd,Thomas Waldmann,2013-05-25 19:13:48,examples/flaskr/flaskr.py,1,1
flask,8bb972e5ae647650457bc4e94ff51cb5e34951dd,Thomas Waldmann,2013-05-25 19:13:48,examples/flaskr/flaskr_tests.py,8,8
flask,8bb972e5ae647650457bc4e94ff51cb5e34951dd,Thomas Waldmann,2013-05-25 19:13:48,examples/minitwit/minitwit.py,1,1
flask,8bb972e5ae647650457bc4e94ff51cb5e34951dd,Thomas Waldmann,2013-05-25 19:13:48,examples/minitwit/minitwit_tests.py,28,28
flask,8bb972e5ae647650457bc4e94ff51cb5e34951dd,Thomas Waldmann,2013-05-25 19:13:48,flask/app.py,1,0
flask,8bb972e5ae647650457bc4e94ff51cb5e34951dd,Thomas Waldmann,2013-05-25 19:13:48,flask/helpers.py,1,0
flask,af5576a6c50ec849a824c1ace15f187d378db771,Thomas Waldmann,2013-05-25 19:46:26,flask/testsuite/helpers.py,3,2
flask,83f76585725fd380b61f35576bb1c307fe2a1a5e,Thomas Waldmann,2013-05-25 20:19:17,flask/views.py,2,3
flask,96b8ffbb29eaba834a30352554e42cf2406c7e06,Thomas Waldmann,2013-05-25 20:24:14,flask/app.py,1,1
flask,96b8ffbb29eaba834a30352554e42cf2406c7e06,Thomas Waldmann,2013-05-25 20:24:14,flask/config.py,1,1
flask,96b8ffbb29eaba834a30352554e42cf2406c7e06,Thomas Waldmann,2013-05-25 20:24:14,flask/debughelpers.py,1,1
flask,96b8ffbb29eaba834a30352554e42cf2406c7e06,Thomas Waldmann,2013-05-25 20:24:14,flask/exthook.py,1,1
flask,96b8ffbb29eaba834a30352554e42cf2406c7e06,Thomas Waldmann,2013-05-25 20:24:14,flask/helpers.py,1,1
flask,96b8ffbb29eaba834a30352554e42cf2406c7e06,Thomas Waldmann,2013-05-25 20:24:14,flask/testing.py,1,1
flask,f9e9e774646ff7cbd2df6386c7055760936a9fcd,Thomas Waldmann,2013-05-25 20:58:12,flask/testsuite/basic.py,2,2
flask,13cc69911c6b5c742489ffe6e8c6458dec32e230,Thomas Waldmann,2013-05-25 22:01:14,flask/_compat.py,1,1
flask,13cc69911c6b5c742489ffe6e8c6458dec32e230,Thomas Waldmann,2013-05-25 22:01:14,flask/app.py,5,5
flask,13cc69911c6b5c742489ffe6e8c6458dec32e230,Thomas Waldmann,2013-05-25 22:01:14,flask/ctx.py,1,1
flask,13cc69911c6b5c742489ffe6e8c6458dec32e230,Thomas Waldmann,2013-05-25 22:01:14,flask/helpers.py,1,1
flask,13cc69911c6b5c742489ffe6e8c6458dec32e230,Thomas Waldmann,2013-05-25 22:01:14,flask/testsuite/blueprints.py,2,2
flask,bb2e20f53fd66981190658a58e206a3f8aa4f3e3,Daniel Neuhäuser,2013-05-26 15:37:52,setup.py,1,1
flask,ac04bc78361d5562f8289e8efe16a2e9a97b0d01,Thomas Waldmann,2013-05-26 20:33:22,flask/testsuite/basic.py,3,3
flask,ac04bc78361d5562f8289e8efe16a2e9a97b0d01,Thomas Waldmann,2013-05-26 20:33:22,flask/testsuite/helpers.py,5,5
flask,ac04bc78361d5562f8289e8efe16a2e9a97b0d01,Thomas Waldmann,2013-05-26 20:33:22,flask/testsuite/signals.py,1,1
flask,ac04bc78361d5562f8289e8efe16a2e9a97b0d01,Thomas Waldmann,2013-05-26 20:33:22,flask/testsuite/subclassing.py,1,1
flask,ac04bc78361d5562f8289e8efe16a2e9a97b0d01,Thomas Waldmann,2013-05-26 20:33:22,flask/testsuite/testing.py,1,1
flask,ac04bc78361d5562f8289e8efe16a2e9a97b0d01,Thomas Waldmann,2013-05-26 20:33:22,flask/testsuite/views.py,2,2
flask,404265110ab52ffd2a5d4991f115913aacba94a3,Daniel Neuhäuser,2013-05-26 21:46:22,flask/helpers.py,1,1
flask,775c76ac5c4365deb31061d0a8ef942d0585f81d,Armin Ronacher,2013-05-30 12:48:04,flask/testsuite/helpers.py,1,0
flask,ffd9296507db6bfad1339b75c0ccdc7fa030cb67,Armin Ronacher,2013-05-30 12:51:12,flask/ctx.py,3,0
flask,47572c5b4006c54f0991587d5c07d599d0ad3325,Armin Ronacher,2013-05-30 14:24:29,flask/helpers.py,1,0
flask,47572c5b4006c54f0991587d5c07d599d0ad3325,Armin Ronacher,2013-05-30 14:24:29,flask/testsuite/basic.py,1,0
flask,eb622fb34f0b2433b21b6b5454273a597b77a6d4,Armin Ronacher,2013-05-30 14:31:36,flask/testsuite/basic.py,1,0
flask,eb622fb34f0b2433b21b6b5454273a597b77a6d4,Armin Ronacher,2013-05-30 14:31:36,flask/testsuite/blueprints.py,5,0
flask,eb622fb34f0b2433b21b6b5454273a597b77a6d4,Armin Ronacher,2013-05-30 14:31:36,flask/testsuite/helpers.py,16,0
flask,8aaf3025864acbb803b652495d282bc5aa7a8128,Armin Ronacher,2013-05-30 14:35:23,flask/testsuite/helpers.py,2,0
flask,51042f4c9f2c68a63ad5b8ee3000a52518a4b87b,Thomas Waldmann,2013-05-30 16:00:43,flask/testsuite/appctx.py,2,1
flask,bbfef4c406506d89c662038c11c6c67bc97b67e3,Thomas Waldmann,2013-05-30 16:02:28,flask/app.py,1,1
flask,abc1505196ba3bc9517ec142ced7c1204c3ac21b,Armin Ronacher,2013-05-30 15:07:18,flask/_compat.py,0,4
flask,abc1505196ba3bc9517ec142ced7c1204c3ac21b,Armin Ronacher,2013-05-30 15:07:18,flask/json.py,30,4
flask,abc1505196ba3bc9517ec142ced7c1204c3ac21b,Armin Ronacher,2013-05-30 15:07:18,flask/testing.py,6,2
flask,9ae8487330e0dc3a8d169d89cadf85fb11ded1ea,Armin Ronacher,2013-05-30 16:16:39,flask/helpers.py,1,1
flask,90e3906d02780c47e813649b1e282bfd279d7cb1,Armin Ronacher,2013-05-30 17:58:27,flask/testsuite/basic.py,4,2
flask,90e3906d02780c47e813649b1e282bfd279d7cb1,Armin Ronacher,2013-05-30 17:58:27,flask/testsuite/blueprints.py,1,0
flask,90e3906d02780c47e813649b1e282bfd279d7cb1,Armin Ronacher,2013-05-30 17:58:27,flask/testsuite/helpers.py,2,0
flask,f1918093ac70d589a4d67af0d77140734c06c13d,Armin Ronacher,2013-05-30 18:15:17,flask/app.py,19,1
flask,f1918093ac70d589a4d67af0d77140734c06c13d,Armin Ronacher,2013-05-30 18:15:17,flask/ctx.py,8,5
flask,e07dcb5562c336975e31ce014aa33d2ab1f5ac98,Armin Ronacher,2013-05-30 18:17:04,flask/testsuite/ext.py,3,0
flask,3d9055b3b73b1d09f933bfd070f704e9e8bdff2a,Armin Ronacher,2013-06-01 00:20:00,flask/app.py,2,1
flask,3d9055b3b73b1d09f933bfd070f704e9e8bdff2a,Armin Ronacher,2013-06-01 00:20:00,flask/json.py,9,1
flask,77d293cf49e586f03fbea96d0bae237bc7ed230f,Armin Ronacher,2013-06-01 19:24:03,flask/app.py,1,0
flask,77d293cf49e586f03fbea96d0bae237bc7ed230f,Armin Ronacher,2013-06-01 19:24:03,flask/json.py,2,0
flask,77d293cf49e586f03fbea96d0bae237bc7ed230f,Armin Ronacher,2013-06-01 19:24:03,flask/testsuite/helpers.py,40,0
flask,c629f69e698fd815969e91e5c8c59323c61a256c,Armin Ronacher,2013-06-02 11:54:22,flask/json.py,5,1
flask,0190b770a1e3339c2cd96e6a44f44083aeeebb54,Armin Ronacher,2013-06-02 17:23:53,flask/_compat.py,2,40
flask,0190b770a1e3339c2cd96e6a44f44083aeeebb54,Armin Ronacher,2013-06-02 17:23:53,flask/helpers.py,4,1
flask,0190b770a1e3339c2cd96e6a44f44083aeeebb54,Armin Ronacher,2013-06-02 17:23:53,flask/testsuite/helpers.py,2,2
flask,6dfe9332606a497a1931f9cad4a150f2866e3cda,Armin Ronacher,2013-06-02 17:25:04,flask/_compat.py,1,1
flask,1b40b3b573f5d98cf9fbc453305cd535c0b2578d,Armin Ronacher,2013-06-02 21:47:32,flask/app.py,7,0
flask,1b40b3b573f5d98cf9fbc453305cd535c0b2578d,Armin Ronacher,2013-06-02 21:47:32,flask/ctx.py,15,1
flask,1b40b3b573f5d98cf9fbc453305cd535c0b2578d,Armin Ronacher,2013-06-02 21:47:32,flask/testsuite/basic.py,34,0
flask,56d3b74488346a03b74fb4a9fd633cc5f79191d8,Armin Ronacher,2013-06-02 23:24:28,flask/testsuite/basic.py,12,0
flask,ef72b78042d7feffc864e7f2da3f62835fc63ee8,Armin Ronacher,2013-06-03 12:25:08,flask/app.py,1,8
flask,ef72b78042d7feffc864e7f2da3f62835fc63ee8,Armin Ronacher,2013-06-03 12:25:08,flask/json.py,20,7
flask,ef72b78042d7feffc864e7f2da3f62835fc63ee8,Armin Ronacher,2013-06-03 12:25:08,flask/testsuite/helpers.py,11,6
flask,fd99abea57cfa3e72aee2116c58f962ec155a29c,Armin Ronacher,2013-06-05 09:47:31,flask/testsuite/basic.py,2,2
flask,0676bb8ab54a575616cd65d3c2ef1cc31fb82a84,Armin Ronacher,2013-06-05 09:53:26,flask/__init__.py,2,1
flask,0676bb8ab54a575616cd65d3c2ef1cc31fb82a84,Armin Ronacher,2013-06-05 09:53:26,flask/ctx.py,3,0
flask,0676bb8ab54a575616cd65d3c2ef1cc31fb82a84,Armin Ronacher,2013-06-05 09:53:26,flask/signals.py,2,0
flask,0676bb8ab54a575616cd65d3c2ef1cc31fb82a84,Armin Ronacher,2013-06-05 09:53:26,flask/testsuite/signals.py,24,0
flask,93073489a0321225090bb21548521c2047219937,Armin Ronacher,2013-06-05 10:02:33,flask/testsuite/basic.py,13,0
flask,05479eb95424ca6bd2b88b9895858b19ea58af7d,Armin Ronacher,2013-06-05 10:35:41,flask/app.py,3,3
flask,62dbe0e1ca8b0fc4a0d5384948db6112cfaf91d2,Armin Ronacher,2013-06-07 00:46:30,flask/app.py,11,2
flask,94c6ae51d70156bc23a400635d60ae3b99df3e73,Armin Ronacher,2013-06-07 00:56:21,flask/app.py,2,2
flask,e17024e85a30eefa2f491f980c954224f7544867,Armin Ronacher,2013-06-08 12:57:15,flask/testsuite/blueprints.py,19,0
flask,5f648a8eb801e4ee6038a87cec11b416e0763a61,Armin Ronacher,2013-06-09 01:30:15,examples/persona/persona.py,59,0
flask,5f648a8eb801e4ee6038a87cec11b416e0763a61,Armin Ronacher,2013-06-09 01:30:15,examples/persona/static/persona.js,50,0
flask,23d8d66256dcf2eddd3531858ff1580e95ce2d44,Armin Ronacher,2013-06-09 01:39:51,examples/persona/static/persona.js,3,1
flask,efd6e468aefbf977704aa9aff52e84686c00958b,Armin Ronacher,2013-06-09 11:46:43,flask/app.py,0,2
flask,c889fbc231af08a0cd28a9694b60ffde9e1ff650,Armin Ronacher,2013-06-09 12:06:33,flask/ctx.py,6,9
flask,c889fbc231af08a0cd28a9694b60ffde9e1ff650,Armin Ronacher,2013-06-09 12:06:33,flask/testsuite/basic.py,15,6
flask,6565bd848e68097fd827040af6c9e712f759d07b,Mark Steve Samson,2013-06-12 22:04:49,flask/app.py,1,1
flask,964174931d29370c286d13ccc44689ae0fb4dff5,Armin Ronacher,2013-06-12 16:27:48,flask/testsuite/helpers.py,5,4
flask,964174931d29370c286d13ccc44689ae0fb4dff5,Armin Ronacher,2013-06-12 16:27:48,flask/wrappers.py,57,12
flask,3b9574fec988fca790ffe78b64ef30b22dd3386a,Armin Ronacher,2013-06-13 09:35:35,flask/__init__.py,1,1
flask,3b9574fec988fca790ffe78b64ef30b22dd3386a,Armin Ronacher,2013-06-13 09:35:35,setup.py,1,1
flask,ac187bded7339dbf88baa2c6c7d8adddef657cac,Armin Ronacher,2013-06-13 09:36:03,flask/__init__.py,1,1
flask,ac187bded7339dbf88baa2c6c7d8adddef657cac,Armin Ronacher,2013-06-13 09:36:03,setup.py,1,1
flask,41171d11ae37c4dfae79f17e1477b7bf8bdc034a,Daniel Neuhäuser,2013-06-13 22:16:14,setup.py,1,0
flask,5886925ff34db3d9e913a4bc44891876a7fe65d5,Armin Ronacher,2013-06-13 23:36:50,flask/__init__.py,1,1
flask,5886925ff34db3d9e913a4bc44891876a7fe65d5,Armin Ronacher,2013-06-13 23:36:50,setup.py,1,1
flask,2713ea98cb0fc22952ba6ddf88209da1a2efa270,Armin Ronacher,2013-06-13 23:46:20,setup.py,1,2
flask,c502dfbbfbee49c15ce4a57f7d417b71a73a10b6,Armin Ronacher,2013-06-14 00:05:09,flask/json.py,17,2
flask,c502dfbbfbee49c15ce4a57f7d417b71a73a10b6,Armin Ronacher,2013-06-14 00:05:09,flask/testsuite/helpers.py,6,0
flask,58ad83f37c8f643d6b573ebbedf03a1fc3677c51,Armin Ronacher,2013-06-14 00:24:17,flask/sessions.py,5,0
flask,58ad83f37c8f643d6b573ebbedf03a1fc3677c51,Armin Ronacher,2013-06-14 00:24:17,flask/testsuite/basic.py,3,0
flask,44e39ab0713566bd91363f19ed09921df5db0196,Serge S. Koval,2013-06-14 10:28:37,flask/app.py,1,1
flask,44e39ab0713566bd91363f19ed09921df5db0196,Serge S. Koval,2013-06-14 10:28:37,flask/testsuite/basic.py,29,0
flask,298334fffc8288b5a9a45ef4150e3c4292e45318,Armin Ronacher,2013-06-14 09:54:07,flask/__init__.py,1,1
flask,298334fffc8288b5a9a45ef4150e3c4292e45318,Armin Ronacher,2013-06-14 09:54:07,setup.py,1,1
flask,d94b1bec24f47e5997787f5ee762d8b2566d81b4,Armin Ronacher,2013-06-14 09:54:27,flask/__init__.py,1,1
flask,d94b1bec24f47e5997787f5ee762d8b2566d81b4,Armin Ronacher,2013-06-14 09:54:27,setup.py,1,1
flask,977e7660accc6b31bdd002b74f0a29b2846c84ba,Armin Ronacher,2013-06-14 09:55:08,flask/__init__.py,1,1
flask,977e7660accc6b31bdd002b74f0a29b2846c84ba,Armin Ronacher,2013-06-14 09:55:08,setup.py,1,1
flask,dfdcac22927f8027f393e66d78345106cdbbfae5,Armin Ronacher,2013-06-14 10:54:16,flask/blueprints.py,1,1
flask,ec5b182f15d711aa92fe16480011fbe0fb9d3a63,Karol Kuczmarski,2013-06-22 22:09:30,flask/app.py,10,1
flask,ec5b182f15d711aa92fe16480011fbe0fb9d3a63,Karol Kuczmarski,2013-06-22 22:09:30,flask/testsuite/__init__.py,3,0
flask,ec5b182f15d711aa92fe16480011fbe0fb9d3a63,Karol Kuczmarski,2013-06-22 22:09:30,flask/testsuite/config.py,10,0
flask,f88cc2d2f9d14d97e33ddd2bbaa4b1885db06e1c,Daniel Neuhäuser,2013-06-27 16:49:27,flask/testsuite/signals.py,1,1
flask,b6116c1de3f3556f6ae18d87348355d2545ce314,Robert Picard,2013-07-29 13:42:04,flask/app.py,0,5
flask,d1d835c02302884b2db1cab099b3ea6a84f41d32,Armin Ronacher,2013-07-30 16:43:54,flask/app.py,1,0
flask,d1d835c02302884b2db1cab099b3ea6a84f41d32,Armin Ronacher,2013-07-30 16:43:54,flask/sessions.py,33,0
flask,d1d835c02302884b2db1cab099b3ea6a84f41d32,Armin Ronacher,2013-07-30 16:43:54,flask/testsuite/basic.py,43,0
flask,3e4dbf93d9ef2b64d32b291aa6f7620bdbc6576a,Armin Ronacher,2013-07-30 16:56:40,flask/testsuite/basic.py,4,4
flask,af5a0853bfe36d547af93b904729a43fcf8cc55d,Markus Unterwaditzer,2013-07-31 00:38:03,flask/app.py,3,0
flask,af5a0853bfe36d547af93b904729a43fcf8cc55d,Markus Unterwaditzer,2013-07-31 00:38:03,flask/testsuite/basic.py,7,0
flask,5e8dd8b2872584483e7fb7506337a7d940ea8cc0,Chason Chaffin,2013-08-04 01:42:23,flask/testsuite/helpers.py,32,2
flask,9e5ab21c8e503a3e5a29b4ca77fd63663ec6e44a,Kevin Burke,2013-08-04 22:33:17,flask/app.py,1,1
flask,b290bf4079bc325d6b13f9043afb17c4aee48df0,Matt Wright,2013-08-07 18:03:37,flask/config.py,27,0
flask,b290bf4079bc325d6b13f9043afb17c4aee48df0,Matt Wright,2013-08-07 18:03:37,flask/testsuite/config.py,19,0
flask,94f436013792249a9bb7206c2868d4c6c21fd887,Daniel Neuhäuser,2013-08-13 15:53:58,flask/helpers.py,7,2
flask,94f436013792249a9bb7206c2868d4c6c21fd887,Daniel Neuhäuser,2013-08-13 15:53:58,flask/testsuite/config.py,13,0
flask,f5d38dc4fcdf1d8edb3e42c67b6e0e1127cd00c7,enkore,2013-08-17 21:32:52,flask/sessions.py,1,1
flask,17e5fb365d7bde8fc795311bb37fe6358e258dc5,Maximilian Hils,2013-08-19 10:56:08,flask/app.py,1,1
flask,3e90de2e10cfde5803fab87768430cffff7c78a0,Will Bowlin,2013-08-23 00:22:57,flask/wrappers.py,2,2
flask,42cf782ee36a7cebb4b499a15e344017fede2c38,Armin Ronacher,2013-08-30 19:50:45,examples/flaskr/flaskr.py,1,1
flask,05161d35844ba7cc1f46c08a51de632b5f3c5269,Armin Ronacher,2013-09-01 01:32:41,examples/flaskr/flaskr.py,24,20
flask,8f1dada542d9e9cc9af0eada3e99eb7ceda2e873,Armin Ronacher,2013-09-02 04:57:01,flask/app.py,1,2
flask,8f1dada542d9e9cc9af0eada3e99eb7ceda2e873,Armin Ronacher,2013-09-02 04:57:01,flask/debughelpers.py,1,1
flask,8f1dada542d9e9cc9af0eada3e99eb7ceda2e873,Armin Ronacher,2013-09-02 04:57:01,flask/json.py,1,1
flask,b03181363bd78ab0934af3badd9b4845e454fbb3,Wouter Van Hemel,2013-09-04 12:42:35,flask/blueprints.py,11,0
flask,079ae20f24e23ba4ab32faeca88705b247fd3eb2,Wouter Van Hemel,2013-09-06 11:17:30,flask/testsuite/blueprints.py,33,0
flask,cff35237efea11c4bbc8c2fc75e24cbea30b26ce,Michael Bikovitsky,2013-09-07 18:21:15,flask/testsuite/ext.py,3,1
flask,b7337080e48990393cf960890504710bc7cbc136,Michael Bikovitsky,2013-09-07 18:29:49,flask/testsuite/helpers.py,1,1
flask,bb882454a0c7b161a2ac29126a74b25dc8e12940,Oliver Beattie,2013-09-09 15:13:42,flask/views.py,1,1
flask,3d67736e090f55fcdc476452ac89a79fdd14cc23,Daniel Richman,2013-09-21 21:16:24,flask/app.py,3,2
flask,3d67736e090f55fcdc476452ac89a79fdd14cc23,Daniel Richman,2013-09-21 21:16:24,flask/testsuite/basic.py,40,1
flask,3e485009a8ca606c742c88c92cfd178547b708cd,defuz,2013-09-30 21:06:49,flask/app.py,7,0
flask,3e485009a8ca606c742c88c92cfd178547b708cd,defuz,2013-09-30 21:06:49,flask/testsuite/templating.py,8,0
flask,5ecca4c0dae52c7645f9dbda6cbfc32ec76a3498,Hyunjun Kim,2013-10-02 15:10:27,flask/blueprints.py,1,1
flask,e31a2a80ec4254e8ac8127558bc29cfd23d05511,John Hobbs,2013-10-11 17:03:54,flask/helpers.py,7,7
flask,46b5754d97d11327efac22618ad5994851656937,Adrian,2013-10-15 21:47:42,flask/app.py,2,2
flask,a3a2f521f14ba90689efc661afe7a0375409c83e,Daniel Neuhäuser,2013-10-16 20:12:20,flask/ctx.py,5,0
flask,a3a2f521f14ba90689efc661afe7a0375409c83e,Daniel Neuhäuser,2013-10-16 20:12:20,flask/testsuite/appctx.py,17,0
flask,a3a2f521f14ba90689efc661afe7a0375409c83e,Daniel Neuhäuser,2013-10-16 20:12:20,flask/testsuite/reqctx.py,16,0
flask,c021e58775eaf8e2dc7a91c903dc1c95dc18e829,Day Barr,2013-10-25 16:51:29,flask/app.py,1,1
flask,5addabfbddbb0f620d81adc7bcafbf8bd5f12a3e,Zachary Wright Heller,2013-12-24 20:12:34,flask/helpers.py,1,1
flask,70f8b39c52527573e65e7066024a187867564c01,Mikael Åhlén,2013-12-31 22:16:13,flask/app.py,14,9
flask,70f8b39c52527573e65e7066024a187867564c01,Mikael Åhlén,2013-12-31 22:16:13,flask/testsuite/basic.py,22,0
flask,dbc40961913381ecf1513fa2467aefeef6d4d41b,Mikael Åhlén,2013-12-31 22:59:00,flask/testsuite/basic.py,17,9
flask,52098e1e4fc4d9c962e9ecb09dfbbcc6ac80a4d7,Daniel Neuhäuser,2014-01-02 19:21:07,examples/flaskr/flaskr.py,1,1
flask,52098e1e4fc4d9c962e9ecb09dfbbcc6ac80a4d7,Daniel Neuhäuser,2014-01-02 19:21:07,examples/flaskr/flaskr_tests.py,1,1
flask,52098e1e4fc4d9c962e9ecb09dfbbcc6ac80a4d7,Daniel Neuhäuser,2014-01-02 19:21:07,examples/jqueryexample/jqueryexample.py,1,1
flask,52098e1e4fc4d9c962e9ecb09dfbbcc6ac80a4d7,Daniel Neuhäuser,2014-01-02 19:21:07,examples/minitwit/minitwit.py,1,1
flask,52098e1e4fc4d9c962e9ecb09dfbbcc6ac80a4d7,Daniel Neuhäuser,2014-01-02 19:21:07,examples/minitwit/minitwit_tests.py,1,1
flask,52098e1e4fc4d9c962e9ecb09dfbbcc6ac80a4d7,Daniel Neuhäuser,2014-01-02 19:21:07,flask/__init__.py,1,1
flask,52098e1e4fc4d9c962e9ecb09dfbbcc6ac80a4d7,Daniel Neuhäuser,2014-01-02 19:21:07,flask/_compat.py,1,1
flask,52098e1e4fc4d9c962e9ecb09dfbbcc6ac80a4d7,Daniel Neuhäuser,2014-01-02 19:21:07,flask/app.py,1,1
flask,52098e1e4fc4d9c962e9ecb09dfbbcc6ac80a4d7,Daniel Neuhäuser,2014-01-02 19:21:07,flask/blueprints.py,1,1
flask,52098e1e4fc4d9c962e9ecb09dfbbcc6ac80a4d7,Daniel Neuhäuser,2014-01-02 19:21:07,flask/config.py,1,1
flask,52098e1e4fc4d9c962e9ecb09dfbbcc6ac80a4d7,Daniel Neuhäuser,2014-01-02 19:21:07,flask/ctx.py,1,1
flask,52098e1e4fc4d9c962e9ecb09dfbbcc6ac80a4d7,Daniel Neuhäuser,2014-01-02 19:21:07,flask/debughelpers.py,1,1
flask,52098e1e4fc4d9c962e9ecb09dfbbcc6ac80a4d7,Daniel Neuhäuser,2014-01-02 19:21:07,flask/ext/__init__.py,1,1
flask,52098e1e4fc4d9c962e9ecb09dfbbcc6ac80a4d7,Daniel Neuhäuser,2014-01-02 19:21:07,flask/exthook.py,1,1
flask,52098e1e4fc4d9c962e9ecb09dfbbcc6ac80a4d7,Daniel Neuhäuser,2014-01-02 19:21:07,flask/globals.py,1,1
flask,52098e1e4fc4d9c962e9ecb09dfbbcc6ac80a4d7,Daniel Neuhäuser,2014-01-02 19:21:07,flask/helpers.py,1,1
flask,52098e1e4fc4d9c962e9ecb09dfbbcc6ac80a4d7,Daniel Neuhäuser,2014-01-02 19:21:07,flask/json.py,1,1
flask,52098e1e4fc4d9c962e9ecb09dfbbcc6ac80a4d7,Daniel Neuhäuser,2014-01-02 19:21:07,flask/logging.py,1,1
flask,52098e1e4fc4d9c962e9ecb09dfbbcc6ac80a4d7,Daniel Neuhäuser,2014-01-02 19:21:07,flask/module.py,1,1
flask,52098e1e4fc4d9c962e9ecb09dfbbcc6ac80a4d7,Daniel Neuhäuser,2014-01-02 19:21:07,flask/sessions.py,1,1
flask,52098e1e4fc4d9c962e9ecb09dfbbcc6ac80a4d7,Daniel Neuhäuser,2014-01-02 19:21:07,flask/signals.py,1,1
flask,52098e1e4fc4d9c962e9ecb09dfbbcc6ac80a4d7,Daniel Neuhäuser,2014-01-02 19:21:07,flask/templating.py,1,1
flask,52098e1e4fc4d9c962e9ecb09dfbbcc6ac80a4d7,Daniel Neuhäuser,2014-01-02 19:21:07,flask/testing.py,1,1
flask,52098e1e4fc4d9c962e9ecb09dfbbcc6ac80a4d7,Daniel Neuhäuser,2014-01-02 19:21:07,flask/testsuite/__init__.py,1,1
flask,52098e1e4fc4d9c962e9ecb09dfbbcc6ac80a4d7,Daniel Neuhäuser,2014-01-02 19:21:07,flask/testsuite/appctx.py,1,1
flask,52098e1e4fc4d9c962e9ecb09dfbbcc6ac80a4d7,Daniel Neuhäuser,2014-01-02 19:21:07,flask/testsuite/basic.py,1,1
flask,52098e1e4fc4d9c962e9ecb09dfbbcc6ac80a4d7,Daniel Neuhäuser,2014-01-02 19:21:07,flask/testsuite/blueprints.py,1,1
flask,52098e1e4fc4d9c962e9ecb09dfbbcc6ac80a4d7,Daniel Neuhäuser,2014-01-02 19:21:07,flask/testsuite/config.py,1,1
flask,52098e1e4fc4d9c962e9ecb09dfbbcc6ac80a4d7,Daniel Neuhäuser,2014-01-02 19:21:07,flask/testsuite/deprecations.py,1,1
flask,52098e1e4fc4d9c962e9ecb09dfbbcc6ac80a4d7,Daniel Neuhäuser,2014-01-02 19:21:07,flask/testsuite/examples.py,1,1
flask,52098e1e4fc4d9c962e9ecb09dfbbcc6ac80a4d7,Daniel Neuhäuser,2014-01-02 19:21:07,flask/testsuite/ext.py,1,1
flask,52098e1e4fc4d9c962e9ecb09dfbbcc6ac80a4d7,Daniel Neuhäuser,2014-01-02 19:21:07,flask/testsuite/helpers.py,1,1
flask,52098e1e4fc4d9c962e9ecb09dfbbcc6ac80a4d7,Daniel Neuhäuser,2014-01-02 19:21:07,flask/testsuite/regression.py,1,1
flask,52098e1e4fc4d9c962e9ecb09dfbbcc6ac80a4d7,Daniel Neuhäuser,2014-01-02 19:21:07,flask/testsuite/reqctx.py,1,1
flask,52098e1e4fc4d9c962e9ecb09dfbbcc6ac80a4d7,Daniel Neuhäuser,2014-01-02 19:21:07,flask/testsuite/signals.py,1,1
flask,52098e1e4fc4d9c962e9ecb09dfbbcc6ac80a4d7,Daniel Neuhäuser,2014-01-02 19:21:07,flask/testsuite/subclassing.py,1,1
flask,52098e1e4fc4d9c962e9ecb09dfbbcc6ac80a4d7,Daniel Neuhäuser,2014-01-02 19:21:07,flask/testsuite/templating.py,1,1
flask,52098e1e4fc4d9c962e9ecb09dfbbcc6ac80a4d7,Daniel Neuhäuser,2014-01-02 19:21:07,flask/testsuite/testing.py,1,1
flask,52098e1e4fc4d9c962e9ecb09dfbbcc6ac80a4d7,Daniel Neuhäuser,2014-01-02 19:21:07,flask/testsuite/views.py,1,1
flask,52098e1e4fc4d9c962e9ecb09dfbbcc6ac80a4d7,Daniel Neuhäuser,2014-01-02 19:21:07,flask/views.py,1,1
flask,52098e1e4fc4d9c962e9ecb09dfbbcc6ac80a4d7,Daniel Neuhäuser,2014-01-02 19:21:07,flask/wrappers.py,1,1
flask,52098e1e4fc4d9c962e9ecb09dfbbcc6ac80a4d7,Daniel Neuhäuser,2014-01-02 19:21:07,scripts/flask-07-upgrade.py,1,1
flask,52098e1e4fc4d9c962e9ecb09dfbbcc6ac80a4d7,Daniel Neuhäuser,2014-01-02 19:21:07,scripts/flaskext_compat.py,1,1
flask,52098e1e4fc4d9c962e9ecb09dfbbcc6ac80a4d7,Daniel Neuhäuser,2014-01-02 19:21:07,scripts/flaskext_test.py,1,1
flask,52098e1e4fc4d9c962e9ecb09dfbbcc6ac80a4d7,Daniel Neuhäuser,2014-01-02 19:21:07,scripts/make-release.py,1,1
flask,cf0953619e2fa3a79e93b6195ca3b39f25552c3d,skeuomorf,2014-01-06 17:58:54,docs/conf.py,1,1
flask,f0f654537490011c9aa5bd6db91450d126e53cdf,Tommaso Allevi,2014-01-11 01:09:30,examples/persona/persona.py,1,1
flask,b81b040110d18d6aa3633c1132420bf29be00c6b,Tommaso Allevi,2014-01-11 01:13:32,examples/persona/persona.py,1,1
flask,90a50f8b51bdd71d9f2b1fd82352628cfd681898,Matt Wright,2014-01-23 15:05:37,flask/config.py,34,0
flask,90a50f8b51bdd71d9f2b1fd82352628cfd681898,Matt Wright,2014-01-23 15:05:37,flask/testsuite/config.py,15,0
flask,21aa620b6bd65e8368f86a37e55de8e56fccf917,Guriec Corbel,2014-01-24 12:43:23,flask/debughelpers.py,1,1
flask,6ec83e18dca497a8fbfca6caca5999984bd32f2e,Armin Ronacher,2014-01-26 17:34:37,flask/_compat.py,24,0
flask,6ec83e18dca497a8fbfca6caca5999984bd32f2e,Armin Ronacher,2014-01-26 17:34:37,flask/ctx.py,7,0
flask,52e1c383faf44b88407f3b9a36293c8ab98b78a3,Armin Ronacher,2014-01-26 17:47:16,flask/ctx.py,2,2
flask,e78961c812f0a81792bb9e1eae26fd96a10069c0,Armin Ronacher,2014-01-26 18:08:02,flask/ctx.py,1,1
flask,e5bba9deb5c9ab9c66bea5c17e96741777fe46ab,Armin Ronacher,2014-02-08 17:01:13,flask/testsuite/helpers.py,9,0
flask,e5bba9deb5c9ab9c66bea5c17e96741777fe46ab,Armin Ronacher,2014-02-08 17:01:13,flask/wrappers.py,16,1
flask,e7c587789ae22a626196cea26340253dd9b70bf1,Armin Ronacher,2014-02-08 17:19:00,flask/testing.py,2,0
flask,e7c587789ae22a626196cea26340253dd9b70bf1,Armin Ronacher,2014-02-08 17:19:00,flask/testsuite/testing.py,14,0
flask,6de9484c97a9965ba2373015d28ab79280b85abe,Armin Ronacher,2014-02-08 17:32:54,flask/testsuite/testing.py,1,1
flask,ae45aed8d6802fbea8f3693d82b6e89c4e51429d,Armin Ronacher,2014-02-08 17:36:12,flask/app.py,0,1
flask,46c24da0162208ddc82ea755347967e4162b97c3,Armin Ronacher,2014-02-08 17:39:26,flask/app.py,1,0
flask,2506c0b9a96d48f14624acfa552fc88e38a542ae,Armin Ronacher,2014-02-08 17:45:27,flask/helpers.py,13,8
flask,2506c0b9a96d48f14624acfa552fc88e38a542ae,Armin Ronacher,2014-02-08 17:45:27,flask/testsuite/helpers.py,11,0
flask,9074bc46af69f168e059dc977f90bbeb6d250077,Armin Ronacher,2014-02-08 22:07:13,examples/flaskr/flaskr.py,2,1
flask,d094d5b6fc86a26680a8c496f719c4d711fcd766,Armin Ronacher,2014-02-08 22:29:46,flask/testsuite/helpers.py,3,2
flask,d094d5b6fc86a26680a8c496f719c4d711fcd766,Armin Ronacher,2014-02-08 22:29:46,flask/testsuite/testing.py,2,2
flask,76e2f9cd0396c71eedf7e3b1dabf60f36585722e,Armin Ronacher,2014-02-09 13:01:54,flask/helpers.py,2,0
flask,8cb79fd026038fc63c8525a0aa0602a0f2a7e409,Armin Ronacher,2014-02-09 13:06:54,flask/testsuite/helpers.py,10,0
flask,001100bc0b3a700540024c410a985c7f9e09f565,Armin Ronacher,2014-02-09 13:13:31,flask/testsuite/helpers.py,5,2
flask,964c4a37c071aa312770c4ef51c025516d28a646,Armin Ronacher,2014-02-09 13:14:15,flask/testsuite/helpers.py,1,0
flask,280d8659601a5e3b8dab77231d9f9fc16f5cd1ce,Alexis Svinartchouk,2014-02-09 13:22:05,flask/app.py,1,1
flask,280d8659601a5e3b8dab77231d9f9fc16f5cd1ce,Alexis Svinartchouk,2014-02-09 13:22:05,flask/testsuite/basic.py,18,0
flask,75f2af7a6afdf620d7afdccee876b06f8c39373b,Armin Ronacher,2014-02-09 13:25:36,flask/testsuite/basic.py,6,3
flask,fb622380d07372cc8c24b117bae53f45acfd1878,Armin Ronacher,2014-02-09 13:28:57,flask/testsuite/helpers.py,1,1
flask,ddb5f9dc490879236cf20a7fa1cb75d7f787a0f0,Armin Ronacher,2014-02-09 16:07:56,flask/testsuite/basic.py,6,6
flask,97411295e3b46080f8976f14e73a6493ca17a2db,Daniel Neuhäuser,2014-02-12 23:53:51,flask/config.py,2,0
flask,19baae3d3445344679b68436322de08b5babf9a1,Joe Friedl,2014-02-13 10:28:21,docs/conf.py,1,1
flask,3f8e29b12cd2b909d4dbbc3964339fd3f56c3203,Daniel Neuhäuser,2014-02-20 19:15:42,flask/app.py,2,0
flask,d43bfb261a0cb562fdfec6d94768c80d95844578,Daniel Neuhäuser,2014-02-20 19:17:59,flask/testsuite/__init__.py,3,0
flask,dfae2679a6be1d3e61eaa9f83e85e0daf655187c,Charles-Axel Dein,2014-03-05 15:22:59,flask/app.py,5,3
flask,ba80e1e33bd93fd895d1b88853f47fb30cd0b670,Daniel Neuhäuser,2014-03-13 20:22:18,flask/config.py,2,2
flask,06857c9ba58fb3b93daa3604538ccd3fd2f1d07e,Daniel Neuhäuser,2014-03-13 20:23:43,flask/config.py,2,0
flask,cb25c42316690860fd928d9ec6fc997eea3f062b,max demian,2014-03-15 14:35:21,flask/json.py,1,1
flask,f3f7b640b979a3d9f298c25ee42c72e7bb44b479,max demian,2014-03-15 14:38:19,flask/sessions.py,1,1
flask,2eef63a3208ebc5ee69a7feebb57090de3982110,max demian,2014-03-15 14:42:21,flask/signals.py,2,2
flask,6974d52815da9a1a00b49191b161e3bd12051bac,max demian,2014-03-15 14:44:27,flask/views.py,4,4
flask,db12a8f5e4285cda4e7440b6a4c015632cb2b345,max demian,2014-03-15 14:45:37,flask/wrappers.py,6,6
flask,2aa26fff04a98f2435e8e3015e92ef6108d3b485,Kenneth Reitz,2014-03-21 17:12:26,flask/blueprints.py,0,11
flask,2aa26fff04a98f2435e8e3015e92ef6108d3b485,Kenneth Reitz,2014-03-21 17:12:26,flask/testsuite/blueprints.py,0,33
flask,d4fec1454488687b574c545761c2869d3bb97ca6,Kenneth Reitz,2014-03-21 17:15:31,flask/blueprints.py,11,0
flask,d4fec1454488687b574c545761c2869d3bb97ca6,Kenneth Reitz,2014-03-21 17:15:31,flask/testsuite/blueprints.py,33,0
flask,54688b26a9562c9a9c31541dbf32e0d8ee7a5926,Markus Unterwaditzer,2014-04-05 11:39:31,scripts/make-release.py,3,2
flask,9554844e2ac3e50872aab6f7b54c277ff582cd13,Armin Ronacher,2014-04-11 13:31:17,flask/helpers.py,30,8
flask,a293b99b219c13ea94b33a2470a545e07c73b804,Armin Ronacher,2014-04-11 13:31:57,flask/helpers.py,2,2
flask,d4b3d16c142e2189c6faf8f784a195e7f827c596,Armin Ronacher,2014-04-11 19:59:54,flask/app.py,12,2
flask,d4b3d16c142e2189c6faf8f784a195e7f827c596,Armin Ronacher,2014-04-11 19:59:54,flask/blueprints.py,4,2
flask,d4b3d16c142e2189c6faf8f784a195e7f827c596,Armin Ronacher,2014-04-11 19:59:54,flask/helpers.py,19,3
flask,fbda3f94baa6d7dba8f773309121284c6e6c5a6d,raimu,2014-04-11 22:40:21,flask/json.py,1,1
flask,fbda3f94baa6d7dba8f773309121284c6e6c5a6d,raimu,2014-04-11 22:40:21,flask/wrappers.py,1,1
flask,15d8af52dbb091f198664bedc5dfc3d5d9ffdea0,mjfroehlich,2014-04-13 22:25:10,flask/app.py,1,1
flask,671c67aac96ae2cdf9c554ba4e52c167862be6fe,Mihir Singh,2014-04-16 17:38:41,flask/sessions.py,40,18
flask,5935ee495c3e51d26fa2b33de09d532b310cd263,Mihir Singh,2014-04-16 17:39:11,flask/testsuite/basic.py,50,0
flask,42c28c3758fc1612a5a1e89a36092580344c4578,Armin Ronacher,2014-04-21 15:58:27,flask/__init__.py,2,2
flask,7503bde2235c28853d4c4e53087090d8c42041aa,Armin Ronacher,2014-04-21 16:34:17,flask/run.py,220,0
flask,7503bde2235c28853d4c4e53087090d8c42041aa,Armin Ronacher,2014-04-21 16:34:17,setup.py,4,0
flask,e46bca4051e51f3812d4a0b25f60f7b7959668c2,Armin Ronacher,2014-04-21 16:39:22,flask/run.py,16,3
flask,1b06c8a41119f8c93078e85f6474cb85d7e30b43,Armin Ronacher,2014-04-21 17:52:04,flask/__main__.py,15,0
flask,1b06c8a41119f8c93078e85f6474cb85d7e30b43,Armin Ronacher,2014-04-21 17:52:04,flask/run.py,15,1
flask,e21afed0bba82668c6e4f5f433d0ccfcf54b3577,Zak Johnson,2014-04-21 15:37:23,flask/run.py,7,7
flask,52fa195d459a70f8ef73e954b20a9512b2f5001b,Carlos E. Garcia,2014-04-23 10:46:38,flask/_compat.py,1,1
flask,52fa195d459a70f8ef73e954b20a9512b2f5001b,Carlos E. Garcia,2014-04-23 10:46:38,flask/helpers.py,1,1
flask,b5e78425be985eeec4c91ea8277368a9fae9411a,Daniel Neuhäuser,2014-04-26 01:24:07,docs/conf.py,1,1
flask,0ac492a0acda40208e6c613644fe9e779dc3d937,Armin Ronacher,2014-04-28 13:26:14,setup.py,7,4
flask,3bdb90f06b9d3167320180d4a5055dcd949bf72f,Armin Ronacher,2014-04-28 13:26:23,flask/__main__.py,1,1
flask,3bdb90f06b9d3167320180d4a5055dcd949bf72f,Armin Ronacher,2014-04-28 13:26:23,flask/app.py,44,3
flask,3bdb90f06b9d3167320180d4a5055dcd949bf72f,Armin Ronacher,2014-04-28 13:26:23,flask/cli.py,347,0
flask,3bdb90f06b9d3167320180d4a5055dcd949bf72f,Armin Ronacher,2014-04-28 13:26:23,flask/run.py,0,247
flask,ff034e42cfb665dc9123c95e51ad3d1455322bd5,Armin Ronacher,2014-04-28 13:54:13,flask/cli.py,4,2
flask,bacdd076bd544ca82d05111e3a427e98e4d4c996,Armin Ronacher,2014-04-28 15:15:58,flask/cli.py,2,0
flask,a3a5075a942a321ccf67c7511822e62dc1d5858f,Armin Ronacher,2014-04-28 15:18:27,examples/flaskr/flaskr.py,8,12
flask,ed9e458850a548ceb6027bf25a657f26595656ff,Erik Rose,2014-04-28 11:26:18,flask/cli.py,1,1
flask,a3ad5405a68f312f077e8d6271e694f6925c0864,Armin Ronacher,2014-04-29 01:03:32,flask/cli.py,5,0
flask,9ab59871007c12fad03f43ac08f889e4c080e64d,Armin Ronacher,2014-04-29 01:48:31,examples/blueprintexample/blueprintexample.py,1,5
flask,9ab59871007c12fad03f43ac08f889e4c080e64d,Armin Ronacher,2014-04-29 01:48:31,examples/jqueryexample/jqueryexample.py,0,4
flask,9ab59871007c12fad03f43ac08f889e4c080e64d,Armin Ronacher,2014-04-29 01:48:31,examples/minitwit/minitwit.py,7,12
flask,9ab59871007c12fad03f43ac08f889e4c080e64d,Armin Ronacher,2014-04-29 01:48:31,examples/persona/persona.py,0,4
flask,e059bf311c6a75150275b434c53544f7528749bc,Armin Ronacher,2014-05-01 13:44:11,flask/cli.py,6,6
flask,d2d8e66130f8aabf8e0e4b80a42352f8ef93c347,Armin Ronacher,2014-05-02 11:46:04,examples/flaskr/flaskr.py,8,3
flask,d2d8e66130f8aabf8e0e4b80a42352f8ef93c347,Armin Ronacher,2014-05-02 11:46:04,examples/flaskr/flaskr_tests.py,2,1
flask,d2d8e66130f8aabf8e0e4b80a42352f8ef93c347,Armin Ronacher,2014-05-02 11:46:04,examples/minitwit/minitwit.py,9,3
flask,d2d8e66130f8aabf8e0e4b80a42352f8ef93c347,Armin Ronacher,2014-05-02 11:46:04,examples/minitwit/minitwit_tests.py,2,1
flask,d2d8e66130f8aabf8e0e4b80a42352f8ef93c347,Armin Ronacher,2014-05-02 11:46:04,flask/cli.py,2,2
flask,4532e89efe9ef1161d4cdbd12687dac0c19c49b7,Armin Ronacher,2014-05-07 11:34:20,flask/cli.py,43,17
flask,ed7b4ccac1b646aa725007db7fd3ec2d359beaf4,Armin Ronacher,2014-05-07 11:36:49,flask/cli.py,31,28
flask,81576c236a4dde33aeed13c84abed0ad2e796c2f,Armin Ronacher,2014-05-07 13:27:41,flask/cli.py,115,73
flask,44b0aeb048c1019e3cdd42fd2bdf9c2c8ffb7429,Marc Schlaich,2014-05-07 15:53:19,flask/cli.py,1,1
flask,3569fc24415f8bac7b269ec041bd1f6bc23038ce,Armin Ronacher,2014-05-07 21:35:51,flask/cli.py,108,80
flask,3569fc24415f8bac7b269ec041bd1f6bc23038ce,Armin Ronacher,2014-05-07 21:35:51,setup.py,1,1
flask,2639a23b8875abb6c1dd2889728920cce5d09632,Armin Ronacher,2014-05-07 21:51:18,setup.py,4,0
flask,1b77a3fb11a0819114804e4f88233b2dc215b653,Armin Ronacher,2014-05-07 22:26:50,flask/globals.py,20,3
flask,fa6eded6f572dd4bc23b030f025156cdd1e63305,Armin Ronacher,2014-05-08 22:33:58,flask/cli.py,16,4
flask,224367fe98a056ffda7452eddd8f7c33fa2214c1,Miguel Grinberg,2014-05-09 07:48:08,flask/__main__.py,1,1
flask,7321a480ea60ee212b06cd6698e1e3ab62b5e7f5,Armin Ronacher,2014-05-12 02:16:38,flask/app.py,2,2
flask,7321a480ea60ee212b06cd6698e1e3ab62b5e7f5,Armin Ronacher,2014-05-12 02:16:38,flask/cli.py,12,26
flask,937ad10275af3e190dcb63df926812a57d1e3e7e,Armin Ronacher,2014-05-12 02:16:38,flask/cli.py,1,6
flask,1f5927eee2288b4aaf508af5dc1f148aa2140d91,Shalabh Aggarwal,2014-05-14 09:15:34,flask/app.py,1,1
flask,4541910381e5c3836e4c00b480653f058b149f6f,Jakub Stasiak,2014-06-04 14:47:26,flask/sessions.py,26,24
flask,bf3708609a3a0a2bd03f60e9075ce9e2720156fb,Shipeng Feng,2014-06-15 12:42:34,flask/_compat.py,1,1
flask,eb0c8a6beea766812fb94712c27ed6e1e99d6249,Suraj Patil,2014-07-03 18:19:09,examples/blueprintexample/blueprintexample.py,3,0
flask,aa40b1731e09e839502994b3b0c22d3f2361d045,Daniel Neuhäuser,2014-07-27 13:09:14,flask/config.py,22,0
flask,aa40b1731e09e839502994b3b0c22d3f2361d045,Daniel Neuhäuser,2014-07-27 13:09:14,flask/testsuite/config.py,28,0
flask,486c1089b0ce968b74e81649cdceb0e158157036,Daniel Neuhäuser,2014-07-27 13:21:14,flask/config.py,4,6
flask,b49074eb6b19d8f5fdb3301a6e50f11845dd530d,Markus Unterwaditzer,2014-08-11 11:56:55,flask/helpers.py,4,1
flask,f6d25bbc4f95112e9f5f85096d12a61ed43b38b8,Armin Ronacher,2014-08-12 23:23:52,flask/cli.py,2,2
flask,f6d25bbc4f95112e9f5f85096d12a61ed43b38b8,Armin Ronacher,2014-08-12 23:23:52,setup.py,1,1
flask,66ef55ce0a9a1caa66a4d955d831f7eb8a207993,Armin Ronacher,2014-08-25 15:43:27,flask/cli.py,1,1
flask,932f7d7cbb5a4e04fd0922c3272a6e32d408abe8,Armin Ronacher,2014-08-25 16:50:22,flask/app.py,2,2
flask,932f7d7cbb5a4e04fd0922c3272a6e32d408abe8,Armin Ronacher,2014-08-25 16:50:22,flask/cli.py,38,31
flask,20645d9b86d6a0e4969d71d2d36300659861de35,James Brewer,2014-08-25 22:18:08,flask/app.py,1,1
flask,d1821b3a076043c350af77e69f8280d0c6695145,Armin Ronacher,2014-08-26 10:03:08,docs/conf.py,4,2
flask,2f601248941c7a90ed62f2bd5adbb04c402e2d4e,Armin Ronacher,2014-08-26 10:09:17,flask/cli.py,0,3
flask,9123fa3b8ff7f5fe159344b7dc11e9a4d727e2be,Armin Ronacher,2014-08-26 10:14:27,flask/cli.py,1,1
flask,9bf36151d956d9560f68f3789ee438233d530a86,Armin Ronacher,2014-08-26 10:29:07,flask/app.py,0,1
flask,662b1053a437cd4ce5ce6ad71f6a8f8a8039d5d6,Armin Ronacher,2014-08-26 12:07:09,flask/cli.py,12,1
flask,84ad89ffa4390d3327b4d35983dbb4d84293b8e2,Armin Ronacher,2014-08-27 01:08:19,flask/app.py,1,12
flask,84ad89ffa4390d3327b4d35983dbb4d84293b8e2,Armin Ronacher,2014-08-27 01:08:19,flask/logging.py,36,7
flask,84ad89ffa4390d3327b4d35983dbb4d84293b8e2,Armin Ronacher,2014-08-27 01:08:19,flask/testsuite/basic.py,5,1
flask,84ad89ffa4390d3327b4d35983dbb4d84293b8e2,Armin Ronacher,2014-08-27 01:08:19,flask/testsuite/blueprints.py,1,0
flask,84ad89ffa4390d3327b4d35983dbb4d84293b8e2,Armin Ronacher,2014-08-27 01:08:19,flask/testsuite/helpers.py,2,0
flask,84ad89ffa4390d3327b4d35983dbb4d84293b8e2,Armin Ronacher,2014-08-27 01:08:19,flask/testsuite/testing.py,1,0
flask,817b72d484d353800d907b3580c899314bf7f3c6,Armin Ronacher,2014-08-27 01:12:33,flask/__init__.py,0,1
flask,817b72d484d353800d907b3580c899314bf7f3c6,Armin Ronacher,2014-08-27 01:12:33,flask/app.py,0,32
flask,817b72d484d353800d907b3580c899314bf7f3c6,Armin Ronacher,2014-08-27 01:12:33,flask/ctx.py,0,11
flask,817b72d484d353800d907b3580c899314bf7f3c6,Armin Ronacher,2014-08-27 01:12:33,flask/module.py,0,42
flask,817b72d484d353800d907b3580c899314bf7f3c6,Armin Ronacher,2014-08-27 01:12:33,flask/templating.py,1,11
flask,817b72d484d353800d907b3580c899314bf7f3c6,Armin Ronacher,2014-08-27 01:12:33,flask/testsuite/basic.py,0,34
flask,817b72d484d353800d907b3580c899314bf7f3c6,Armin Ronacher,2014-08-27 01:12:33,flask/testsuite/blueprints.py,1,240
flask,817b72d484d353800d907b3580c899314bf7f3c6,Armin Ronacher,2014-08-27 01:12:33,flask/testsuite/test_apps/moduleapp/__init__.py,0,7
flask,817b72d484d353800d907b3580c899314bf7f3c6,Armin Ronacher,2014-08-27 01:12:33,flask/testsuite/test_apps/moduleapp/apps/__init__.py,0,0
flask,817b72d484d353800d907b3580c899314bf7f3c6,Armin Ronacher,2014-08-27 01:12:33,flask/testsuite/test_apps/moduleapp/apps/admin/__init__.py,0,14
flask,817b72d484d353800d907b3580c899314bf7f3c6,Armin Ronacher,2014-08-27 01:12:33,flask/testsuite/test_apps/moduleapp/apps/frontend/__init__.py,0,9
flask,817b72d484d353800d907b3580c899314bf7f3c6,Armin Ronacher,2014-08-27 01:12:33,scripts/testproj/test.py,0,46
flask,7c16054d81ce9af44a4875650b506c9ec2403588,Armin Ronacher,2014-08-27 01:22:01,flask/logging.py,20,4
flask,7183aefd6271fb9d9398b8d721dea15a699ed501,Markus Unterwaditzer,2014-08-27 13:34:10,flask/helpers.py,2,1
flask,9641f07d9159cd4289a3b89fbf5cf0bfc0102050,Armin Ronacher,2014-08-28 08:56:58,flask/cli.py,30,30
flask,a94e767acb499bc7c86844d502fd799e3360c534,Armin Ronacher,2014-08-28 09:35:06,flask/cli.py,8,0
flask,b81f72070ec0dc2bede09eedea3d0b0360887720,Paulo Bu,2014-08-28 16:51:53,flask/testing.py,2,0
flask,05ad436201f8c835ac2a5a317e5cb5fe5e0f3e21,Aaron Schumacher,2014-08-28 13:35:53,flask/sessions.py,1,1
flask,9eb59b0bef176aa227edc8970d4b2ac420af9293,Armin Ronacher,2014-09-02 16:20:46,flask/cli.py,25,4
flask,ed49fe3db1babe0273e295067db9716a69bfbf88,Armin Ronacher,2014-09-03 14:58:32,flask/templating.py,0,8
flask,f17ad953dd2e563f91cc9ed2bca19ea23464b5dc,Markus Unterwaditzer,2014-09-03 15:27:06,flask/cli.py,2,2
flask,bafc13981002dee4610234c7c97ac176766181c1,Armin Ronacher,2014-09-03 17:57:51,flask/app.py,1,0
flask,bafc13981002dee4610234c7c97ac176766181c1,Armin Ronacher,2014-09-03 17:57:51,flask/debughelpers.py,69,1
flask,bafc13981002dee4610234c7c97ac176766181c1,Armin Ronacher,2014-09-03 17:57:51,flask/sessions.py,1,3
flask,bafc13981002dee4610234c7c97ac176766181c1,Armin Ronacher,2014-09-03 17:57:51,flask/templating.py,20,6
flask,bafc13981002dee4610234c7c97ac176766181c1,Armin Ronacher,2014-09-03 17:57:51,flask/testsuite/templating.py,42,0
flask,bafc13981002dee4610234c7c97ac176766181c1,Armin Ronacher,2014-09-03 17:57:51,flask/testsuite/test_apps/blueprintapp/__init__.py,1,0
flask,bafc13981002dee4610234c7c97ac176766181c1,Armin Ronacher,2014-09-03 17:57:51,flask/testsuite/test_apps/blueprintapp/apps/frontend/__init__.py,5,0
flask,bafc13981002dee4610234c7c97ac176766181c1,Armin Ronacher,2014-09-03 17:57:51,flask/wrappers.py,1,1
flask,84f57b6bda5469a7ed1f18ad1c7b167225326796,Armin Ronacher,2014-09-03 18:31:30,flask/templating.py,1,1
flask,bb0084f5bef9b871a82f0451ed71131ffb7a43b3,Markus Unterwaditzer,2014-09-03 19:17:43,flask/testsuite/templating.py,1,1
flask,750ab16364e12387a58061e5895b20fdcdcef003,Armin Ronacher,2014-09-03 19:28:44,flask/testsuite/__init__.py,1,0
flask,c09a4317e4cfa64bf59e712405aded84157756a1,Armin Ronacher,2014-09-03 20:12:06,flask/app.py,9,0
flask,c09a4317e4cfa64bf59e712405aded84157756a1,Armin Ronacher,2014-09-03 20:12:06,flask/templating.py,2,3
flask,0a7cc2b113a6785006699b5b2bedcc50d0aa4a1a,Markus Unterwaditzer,2014-09-06 02:20:44,flask/helpers.py,1,1
flask,013d8ad3d9fa1697c4dc5648376c98dbd537eb28,cgar,2014-09-09 20:12:38,scripts/flaskext_test.py,1,1
flask,077d06df5498d51c98983562cff876aff4ab862b,Markus Unterwaditzer,2014-09-11 22:09:50,run-tests.py,0,5
flask,3550b26071e0f392ad67ece2ea5057a292bdc528,Markus Unterwaditzer,2014-09-11 22:09:50,setup.py,1,2
flask,3550b26071e0f392ad67ece2ea5057a292bdc528,Markus Unterwaditzer,2014-09-11 22:09:50,tests/__init__.py,0,0
flask,3550b26071e0f392ad67ece2ea5057a292bdc528,Markus Unterwaditzer,2014-09-11 22:09:50,tests/appctx.py,0,0
flask,3550b26071e0f392ad67ece2ea5057a292bdc528,Markus Unterwaditzer,2014-09-11 22:09:50,tests/basic.py,0,0
flask,3550b26071e0f392ad67ece2ea5057a292bdc528,Markus Unterwaditzer,2014-09-11 22:09:50,tests/blueprints.py,0,0
flask,3550b26071e0f392ad67ece2ea5057a292bdc528,Markus Unterwaditzer,2014-09-11 22:09:50,tests/config.py,0,0
flask,3550b26071e0f392ad67ece2ea5057a292bdc528,Markus Unterwaditzer,2014-09-11 22:09:50,tests/deprecations.py,0,0
flask,3550b26071e0f392ad67ece2ea5057a292bdc528,Markus Unterwaditzer,2014-09-11 22:09:50,tests/examples.py,0,0
flask,3550b26071e0f392ad67ece2ea5057a292bdc528,Markus Unterwaditzer,2014-09-11 22:09:50,tests/ext.py,0,0
flask,3550b26071e0f392ad67ece2ea5057a292bdc528,Markus Unterwaditzer,2014-09-11 22:09:50,tests/helpers.py,0,0
flask,3550b26071e0f392ad67ece2ea5057a292bdc528,Markus Unterwaditzer,2014-09-11 22:09:50,tests/regression.py,0,0
flask,3550b26071e0f392ad67ece2ea5057a292bdc528,Markus Unterwaditzer,2014-09-11 22:09:50,tests/reqctx.py,0,0
flask,3550b26071e0f392ad67ece2ea5057a292bdc528,Markus Unterwaditzer,2014-09-11 22:09:50,tests/signals.py,0,0
flask,3550b26071e0f392ad67ece2ea5057a292bdc528,Markus Unterwaditzer,2014-09-11 22:09:50,tests/subclassing.py,0,0
flask,3550b26071e0f392ad67ece2ea5057a292bdc528,Markus Unterwaditzer,2014-09-11 22:09:50,tests/templating.py,0,0
flask,3550b26071e0f392ad67ece2ea5057a292bdc528,Markus Unterwaditzer,2014-09-11 22:09:50,tests/test_apps/blueprintapp/__init__.py,0,0
flask,3550b26071e0f392ad67ece2ea5057a292bdc528,Markus Unterwaditzer,2014-09-11 22:09:50,tests/test_apps/blueprintapp/apps/__init__.py,0,0
flask,3550b26071e0f392ad67ece2ea5057a292bdc528,Markus Unterwaditzer,2014-09-11 22:09:50,tests/test_apps/blueprintapp/apps/admin/__init__.py,0,0
flask,3550b26071e0f392ad67ece2ea5057a292bdc528,Markus Unterwaditzer,2014-09-11 22:09:50,tests/test_apps/blueprintapp/apps/frontend/__init__.py,0,0
flask,3550b26071e0f392ad67ece2ea5057a292bdc528,Markus Unterwaditzer,2014-09-11 22:09:50,tests/test_apps/config_module_app.py,0,0
flask,3550b26071e0f392ad67ece2ea5057a292bdc528,Markus Unterwaditzer,2014-09-11 22:09:50,tests/test_apps/config_package_app/__init__.py,0,0
flask,3550b26071e0f392ad67ece2ea5057a292bdc528,Markus Unterwaditzer,2014-09-11 22:09:50,tests/test_apps/flask_broken/__init__.py,0,0
flask,3550b26071e0f392ad67ece2ea5057a292bdc528,Markus Unterwaditzer,2014-09-11 22:09:50,tests/test_apps/flask_broken/b.py,0,0
flask,3550b26071e0f392ad67ece2ea5057a292bdc528,Markus Unterwaditzer,2014-09-11 22:09:50,tests/test_apps/flask_newext_package/__init__.py,0,0
flask,3550b26071e0f392ad67ece2ea5057a292bdc528,Markus Unterwaditzer,2014-09-11 22:09:50,tests/test_apps/flask_newext_package/submodule.py,0,0
flask,3550b26071e0f392ad67ece2ea5057a292bdc528,Markus Unterwaditzer,2014-09-11 22:09:50,tests/test_apps/flask_newext_simple.py,0,0
flask,3550b26071e0f392ad67ece2ea5057a292bdc528,Markus Unterwaditzer,2014-09-11 22:09:50,tests/test_apps/flaskext/__init__.py,0,0
flask,3550b26071e0f392ad67ece2ea5057a292bdc528,Markus Unterwaditzer,2014-09-11 22:09:50,tests/test_apps/flaskext/oldext_package/__init__.py,0,0
flask,3550b26071e0f392ad67ece2ea5057a292bdc528,Markus Unterwaditzer,2014-09-11 22:09:50,tests/test_apps/flaskext/oldext_package/submodule.py,0,0
flask,3550b26071e0f392ad67ece2ea5057a292bdc528,Markus Unterwaditzer,2014-09-11 22:09:50,tests/test_apps/flaskext/oldext_simple.py,0,0
flask,3550b26071e0f392ad67ece2ea5057a292bdc528,Markus Unterwaditzer,2014-09-11 22:09:50,tests/test_apps/importerror.py,0,0
flask,3550b26071e0f392ad67ece2ea5057a292bdc528,Markus Unterwaditzer,2014-09-11 22:09:50,tests/test_apps/lib/python2.5/site-packages/site_app.py,0,0
flask,3550b26071e0f392ad67ece2ea5057a292bdc528,Markus Unterwaditzer,2014-09-11 22:09:50,tests/test_apps/lib/python2.5/site-packages/site_package/__init__.py,0,0
flask,3550b26071e0f392ad67ece2ea5057a292bdc528,Markus Unterwaditzer,2014-09-11 22:09:50,tests/test_apps/main_app.py,0,0
flask,3550b26071e0f392ad67ece2ea5057a292bdc528,Markus Unterwaditzer,2014-09-11 22:09:50,tests/test_apps/path/installed_package/__init__.py,0,0
flask,3550b26071e0f392ad67ece2ea5057a292bdc528,Markus Unterwaditzer,2014-09-11 22:09:50,tests/test_apps/subdomaintestmodule/__init__.py,0,0
flask,3550b26071e0f392ad67ece2ea5057a292bdc528,Markus Unterwaditzer,2014-09-11 22:09:50,tests/testing.py,0,0
flask,3550b26071e0f392ad67ece2ea5057a292bdc528,Markus Unterwaditzer,2014-09-11 22:09:50,tests/views.py,0,0
flask,961db8ad7290f1bd91058b11a5de31e27bf28563,Markus Unterwaditzer,2014-09-11 22:09:50,tests/__init__.py,1,1
flask,961db8ad7290f1bd91058b11a5de31e27bf28563,Markus Unterwaditzer,2014-09-11 22:09:50,tests/test_appctx.py,2,2
flask,961db8ad7290f1bd91058b11a5de31e27bf28563,Markus Unterwaditzer,2014-09-11 22:09:50,tests/test_basic.py,2,2
flask,961db8ad7290f1bd91058b11a5de31e27bf28563,Markus Unterwaditzer,2014-09-11 22:09:50,tests/test_blueprints.py,2,2
flask,961db8ad7290f1bd91058b11a5de31e27bf28563,Markus Unterwaditzer,2014-09-11 22:09:50,tests/test_config.py,2,2
flask,961db8ad7290f1bd91058b11a5de31e27bf28563,Markus Unterwaditzer,2014-09-11 22:09:50,tests/test_deprecations.py,2,2
flask,961db8ad7290f1bd91058b11a5de31e27bf28563,Markus Unterwaditzer,2014-09-11 22:09:50,tests/test_examples.py,2,2
flask,961db8ad7290f1bd91058b11a5de31e27bf28563,Markus Unterwaditzer,2014-09-11 22:09:50,tests/test_ext.py,2,2
flask,961db8ad7290f1bd91058b11a5de31e27bf28563,Markus Unterwaditzer,2014-09-11 22:09:50,tests/test_helpers.py,2,2
flask,961db8ad7290f1bd91058b11a5de31e27bf28563,Markus Unterwaditzer,2014-09-11 22:09:50,tests/test_regression.py,2,2
flask,961db8ad7290f1bd91058b11a5de31e27bf28563,Markus Unterwaditzer,2014-09-11 22:09:50,tests/test_reqctx.py,2,2
flask,961db8ad7290f1bd91058b11a5de31e27bf28563,Markus Unterwaditzer,2014-09-11 22:09:50,tests/test_signals.py,2,2
flask,961db8ad7290f1bd91058b11a5de31e27bf28563,Markus Unterwaditzer,2014-09-11 22:09:50,tests/test_subclassing.py,2,2
flask,961db8ad7290f1bd91058b11a5de31e27bf28563,Markus Unterwaditzer,2014-09-11 22:09:50,tests/test_templating.py,2,2
flask,961db8ad7290f1bd91058b11a5de31e27bf28563,Markus Unterwaditzer,2014-09-11 22:09:50,tests/test_testing.py,2,2
flask,961db8ad7290f1bd91058b11a5de31e27bf28563,Markus Unterwaditzer,2014-09-11 22:09:50,tests/test_views.py,2,2
flask,8fa5e32d9a1fdf042632bd8fcd0b44dd8031b639,Markus Unterwaditzer,2014-09-11 22:09:50,examples/blueprintexample/blueprintexample_test.py,0,36
flask,8fa5e32d9a1fdf042632bd8fcd0b44dd8031b639,Markus Unterwaditzer,2014-09-11 22:09:50,examples/blueprintexample/test_blueprintexample.py,33,0
flask,8fa5e32d9a1fdf042632bd8fcd0b44dd8031b639,Markus Unterwaditzer,2014-09-11 22:09:50,examples/flaskr/flaskr_tests.py,0,76
flask,8fa5e32d9a1fdf042632bd8fcd0b44dd8031b639,Markus Unterwaditzer,2014-09-11 22:09:50,examples/flaskr/test_flaskr.py,77,0
flask,8fa5e32d9a1fdf042632bd8fcd0b44dd8031b639,Markus Unterwaditzer,2014-09-11 22:09:50,examples/minitwit/minitwit_tests.py,0,150
flask,8fa5e32d9a1fdf042632bd8fcd0b44dd8031b639,Markus Unterwaditzer,2014-09-11 22:09:50,examples/minitwit/test_minitwit.py,151,0
flask,8fa5e32d9a1fdf042632bd8fcd0b44dd8031b639,Markus Unterwaditzer,2014-09-11 22:09:50,tests/__init__.py,33,136
flask,8fa5e32d9a1fdf042632bd8fcd0b44dd8031b639,Markus Unterwaditzer,2014-09-11 22:09:50,tests/test_appctx.py,4,4
flask,8fa5e32d9a1fdf042632bd8fcd0b44dd8031b639,Markus Unterwaditzer,2014-09-11 22:09:50,tests/test_apps/importerror.py,1,1
flask,8fa5e32d9a1fdf042632bd8fcd0b44dd8031b639,Markus Unterwaditzer,2014-09-11 22:09:50,tests/test_basic.py,20,27
flask,8fa5e32d9a1fdf042632bd8fcd0b44dd8031b639,Markus Unterwaditzer,2014-09-11 22:09:50,tests/test_blueprints.py,11,11
flask,8fa5e32d9a1fdf042632bd8fcd0b44dd8031b639,Markus Unterwaditzer,2014-09-11 22:09:50,tests/test_config.py,8,8
flask,8fa5e32d9a1fdf042632bd8fcd0b44dd8031b639,Markus Unterwaditzer,2014-09-11 22:09:50,tests/test_deprecations.py,3,3
flask,8fa5e32d9a1fdf042632bd8fcd0b44dd8031b639,Markus Unterwaditzer,2014-09-11 22:09:50,tests/test_examples.py,4,4
flask,8fa5e32d9a1fdf042632bd8fcd0b44dd8031b639,Markus Unterwaditzer,2014-09-11 22:09:50,tests/test_ext.py,3,3
flask,8fa5e32d9a1fdf042632bd8fcd0b44dd8031b639,Markus Unterwaditzer,2014-09-11 22:09:50,tests/test_helpers.py,17,17
flask,8fa5e32d9a1fdf042632bd8fcd0b44dd8031b639,Markus Unterwaditzer,2014-09-11 22:09:50,tests/test_regression.py,13,14
flask,8fa5e32d9a1fdf042632bd8fcd0b44dd8031b639,Markus Unterwaditzer,2014-09-11 22:09:50,tests/test_reqctx.py,3,3
flask,8fa5e32d9a1fdf042632bd8fcd0b44dd8031b639,Markus Unterwaditzer,2014-09-11 22:09:50,tests/test_signals.py,3,3
flask,8fa5e32d9a1fdf042632bd8fcd0b44dd8031b639,Markus Unterwaditzer,2014-09-11 22:09:50,tests/test_subclassing.py,3,3
flask,8fa5e32d9a1fdf042632bd8fcd0b44dd8031b639,Markus Unterwaditzer,2014-09-11 22:09:50,tests/test_templating.py,3,3
flask,8fa5e32d9a1fdf042632bd8fcd0b44dd8031b639,Markus Unterwaditzer,2014-09-11 22:09:50,tests/test_testing.py,25,25
flask,8fa5e32d9a1fdf042632bd8fcd0b44dd8031b639,Markus Unterwaditzer,2014-09-11 22:09:50,tests/test_views.py,3,3
flask,b93ab41ed12c3dd0c37fb7a85f1aa93966b46d77,Markus Unterwaditzer,2014-09-11 22:09:50,setup.py,1,1
flask,8d97d7143079dd862564a1e119ad44817ba176d6,Markus Unterwaditzer,2014-09-11 22:09:51,scripts/flaskext_tester.py,0,0
flask,df711eac90223db990eae05a60ee1f6b403443e1,Markus Unterwaditzer,2014-09-11 22:09:51,tests/test_config.py,8,8
flask,ba82bac3d80400b5520cac7d0a8915414325bcf6,Markus Unterwaditzer,2014-09-11 22:09:51,tests/test_config.py,161,168
flask,b1c0951ad690a83e49bfd005853a7b09cdb44cb0,Markus Unterwaditzer,2014-09-11 22:09:51,tests/conftest.py,105,0
flask,b1c0951ad690a83e49bfd005853a7b09cdb44cb0,Markus Unterwaditzer,2014-09-11 22:09:51,tests/test_config.py,0,86
flask,dd6b2574c9d40c4777da71d576f6e5eea1712404,Markus Unterwaditzer,2014-09-11 22:09:51,tests/test_signals.py,18,10
flask,5da2c00419d09ce2d3488263036ffd14563fb05a,Markus Unterwaditzer,2014-09-11 22:09:51,tests/__init__.py,3,31
flask,5da2c00419d09ce2d3488263036ffd14563fb05a,Markus Unterwaditzer,2014-09-11 22:09:51,tests/test_appctx.py,18,15
flask,5da2c00419d09ce2d3488263036ffd14563fb05a,Markus Unterwaditzer,2014-09-11 22:09:51,tests/test_basic.py,257,248
flask,5da2c00419d09ce2d3488263036ffd14563fb05a,Markus Unterwaditzer,2014-09-11 22:09:51,tests/test_blueprints.py,75,75
flask,5da2c00419d09ce2d3488263036ffd14563fb05a,Markus Unterwaditzer,2014-09-11 22:09:51,tests/test_config.py,33,33
flask,5da2c00419d09ce2d3488263036ffd14563fb05a,Markus Unterwaditzer,2014-09-11 22:09:51,tests/test_ext.py,28,25
flask,5da2c00419d09ce2d3488263036ffd14563fb05a,Markus Unterwaditzer,2014-09-11 22:09:51,tests/test_helpers.py,94,100
flask,5da2c00419d09ce2d3488263036ffd14563fb05a,Markus Unterwaditzer,2014-09-11 22:09:51,tests/test_regression.py,5,5
flask,5da2c00419d09ce2d3488263036ffd14563fb05a,Markus Unterwaditzer,2014-09-11 22:09:51,tests/test_reqctx.py,45,50
flask,5da2c00419d09ce2d3488263036ffd14563fb05a,Markus Unterwaditzer,2014-09-11 22:09:51,tests/test_signals.py,16,17
flask,5da2c00419d09ce2d3488263036ffd14563fb05a,Markus Unterwaditzer,2014-09-11 22:09:51,tests/test_subclassing.py,3,3
flask,5da2c00419d09ce2d3488263036ffd14563fb05a,Markus Unterwaditzer,2014-09-11 22:09:51,tests/test_templating.py,63,65
flask,5da2c00419d09ce2d3488263036ffd14563fb05a,Markus Unterwaditzer,2014-09-11 22:09:51,tests/test_testing.py,37,37
flask,5da2c00419d09ce2d3488263036ffd14563fb05a,Markus Unterwaditzer,2014-09-11 22:09:51,tests/test_views.py,17,15
flask,7e8f1053bb07f4f73914b5784a87de6dcaea6bcb,Markus Unterwaditzer,2014-09-11 22:09:51,tests/test_appctx.py,1,1
flask,e77bc2d86c215ae0d86981630450988407728c5d,Markus Unterwaditzer,2014-09-11 22:09:51,tests/test_views.py,142,150
flask,d0cf5ef394264faf87729c06517c79b9a4b6f8dd,Markus Unterwaditzer,2014-09-11 22:09:51,tests/__init__.py,0,19
flask,d0cf5ef394264faf87729c06517c79b9a4b6f8dd,Markus Unterwaditzer,2014-09-11 22:09:51,tests/conftest.py,23,1
flask,d0cf5ef394264faf87729c06517c79b9a4b6f8dd,Markus Unterwaditzer,2014-09-11 22:09:51,tests/test_appctx.py,92,100
flask,d0cf5ef394264faf87729c06517c79b9a4b6f8dd,Markus Unterwaditzer,2014-09-11 22:09:51,tests/test_ext.py,110,112
flask,d0cf5ef394264faf87729c06517c79b9a4b6f8dd,Markus Unterwaditzer,2014-09-11 22:09:51,tests/test_subclassing.py,20,28
flask,d0cf5ef394264faf87729c06517c79b9a4b6f8dd,Markus Unterwaditzer,2014-09-11 22:09:51,tests/test_templating.py,323,331
flask,af41dbe0c479769402c46c0b99b841e781a8fa87,Markus Unterwaditzer,2014-09-11 22:09:51,tests/test_basic.py,2,2
flask,af41dbe0c479769402c46c0b99b841e781a8fa87,Markus Unterwaditzer,2014-09-11 22:09:51,tests/test_blueprints.py,512,519
flask,af41dbe0c479769402c46c0b99b841e781a8fa87,Markus Unterwaditzer,2014-09-11 22:09:51,tests/test_config.py,2,2
flask,af41dbe0c479769402c46c0b99b841e781a8fa87,Markus Unterwaditzer,2014-09-11 22:09:51,tests/test_deprecations.py,1,11
flask,af41dbe0c479769402c46c0b99b841e781a8fa87,Markus Unterwaditzer,2014-09-11 22:09:51,tests/test_examples.py,0,38
flask,af41dbe0c479769402c46c0b99b841e781a8fa87,Markus Unterwaditzer,2014-09-11 22:09:51,tests/test_helpers.py,5,16
flask,af41dbe0c479769402c46c0b99b841e781a8fa87,Markus Unterwaditzer,2014-09-11 22:09:51,tests/test_regression.py,2,2
flask,af41dbe0c479769402c46c0b99b841e781a8fa87,Markus Unterwaditzer,2014-09-11 22:09:51,tests/test_reqctx.py,149,160
flask,af41dbe0c479769402c46c0b99b841e781a8fa87,Markus Unterwaditzer,2014-09-11 22:09:51,tests/test_signals.py,130,132
flask,af41dbe0c479769402c46c0b99b841e781a8fa87,Markus Unterwaditzer,2014-09-11 22:09:51,tests/test_testing.py,2,2
flask,af4cb0ff2bb77c0c2f03227b17cc6ef67f28e63b,Markus Unterwaditzer,2014-09-11 22:09:51,tests/__init__.py,0,21
flask,af4cb0ff2bb77c0c2f03227b17cc6ef67f28e63b,Markus Unterwaditzer,2014-09-11 22:09:51,tests/test_appctx.py,1,1
flask,af4cb0ff2bb77c0c2f03227b17cc6ef67f28e63b,Markus Unterwaditzer,2014-09-11 22:09:51,tests/test_basic.py,1,1
flask,af4cb0ff2bb77c0c2f03227b17cc6ef67f28e63b,Markus Unterwaditzer,2014-09-11 22:09:51,tests/test_blueprints.py,1,1
flask,af4cb0ff2bb77c0c2f03227b17cc6ef67f28e63b,Markus Unterwaditzer,2014-09-11 22:09:51,tests/test_config.py,1,1
flask,af4cb0ff2bb77c0c2f03227b17cc6ef67f28e63b,Markus Unterwaditzer,2014-09-11 22:09:51,tests/test_deprecations.py,1,1
flask,af4cb0ff2bb77c0c2f03227b17cc6ef67f28e63b,Markus Unterwaditzer,2014-09-11 22:09:51,tests/test_ext.py,1,1
flask,af4cb0ff2bb77c0c2f03227b17cc6ef67f28e63b,Markus Unterwaditzer,2014-09-11 22:09:51,tests/test_helpers.py,1,1
flask,af4cb0ff2bb77c0c2f03227b17cc6ef67f28e63b,Markus Unterwaditzer,2014-09-11 22:09:51,tests/test_regression.py,1,1
flask,af4cb0ff2bb77c0c2f03227b17cc6ef67f28e63b,Markus Unterwaditzer,2014-09-11 22:09:51,tests/test_reqctx.py,1,1
flask,af4cb0ff2bb77c0c2f03227b17cc6ef67f28e63b,Markus Unterwaditzer,2014-09-11 22:09:51,tests/test_signals.py,1,1
flask,af4cb0ff2bb77c0c2f03227b17cc6ef67f28e63b,Markus Unterwaditzer,2014-09-11 22:09:51,tests/test_subclassing.py,1,1
flask,af4cb0ff2bb77c0c2f03227b17cc6ef67f28e63b,Markus Unterwaditzer,2014-09-11 22:09:51,tests/test_templating.py,1,1
flask,af4cb0ff2bb77c0c2f03227b17cc6ef67f28e63b,Markus Unterwaditzer,2014-09-11 22:09:51,tests/test_testing.py,1,1
flask,af4cb0ff2bb77c0c2f03227b17cc6ef67f28e63b,Markus Unterwaditzer,2014-09-11 22:09:51,tests/test_views.py,1,1
flask,03339501ab53794b363df9838978d15631821afe,Markus Unterwaditzer,2014-09-11 22:09:51,tests/test_apps/config_module_app.py,0,4
flask,03339501ab53794b363df9838978d15631821afe,Markus Unterwaditzer,2014-09-11 22:09:51,tests/test_apps/config_package_app/__init__.py,0,4
flask,03339501ab53794b363df9838978d15631821afe,Markus Unterwaditzer,2014-09-11 22:09:51,tests/test_apps/lib/python2.5/site-packages/site_app.py,0,3
flask,03339501ab53794b363df9838978d15631821afe,Markus Unterwaditzer,2014-09-11 22:09:51,tests/test_apps/lib/python2.5/site-packages/site_package/__init__.py,0,3
flask,03339501ab53794b363df9838978d15631821afe,Markus Unterwaditzer,2014-09-11 22:09:51,tests/test_apps/main_app.py,0,4
flask,03339501ab53794b363df9838978d15631821afe,Markus Unterwaditzer,2014-09-11 22:09:51,tests/test_apps/path/installed_package/__init__.py,0,3
flask,588cfa9c91c841f4bb3f5a9c91d1c1331f5b8ad3,Markus Unterwaditzer,2014-09-11 22:09:51,tests/test_regression.py,2,0
flask,861aa0db1fdbc52602b8d502153a0a0b8490f124,Markus Unterwaditzer,2014-09-11 22:09:51,tests/conftest.py,2,2
flask,861aa0db1fdbc52602b8d502153a0a0b8490f124,Markus Unterwaditzer,2014-09-11 22:09:51,tests/test_blueprints.py,2,2
flask,861aa0db1fdbc52602b8d502153a0a0b8490f124,Markus Unterwaditzer,2014-09-11 22:09:51,tests/test_ext.py,14,14
flask,861aa0db1fdbc52602b8d502153a0a0b8490f124,Markus Unterwaditzer,2014-09-11 22:09:51,tests/test_templating.py,1,1
flask,4ea4ea7f93c97043887a280f2cceaad06d615621,Markus Unterwaditzer,2014-09-11 22:09:51,tests/__init__.py,0,20
flask,b88a837674421f492f879c0a0122b0bb921d038e,Markus Unterwaditzer,2014-09-11 22:09:51,tests/test_apps/flask_broken/__init__.py,0,2
flask,b88a837674421f492f879c0a0122b0bb921d038e,Markus Unterwaditzer,2014-09-11 22:09:51,tests/test_apps/flask_broken/b.py,0,0
flask,b88a837674421f492f879c0a0122b0bb921d038e,Markus Unterwaditzer,2014-09-11 22:09:51,tests/test_apps/flask_newext_package/__init__.py,0,1
flask,b88a837674421f492f879c0a0122b0bb921d038e,Markus Unterwaditzer,2014-09-11 22:09:51,tests/test_apps/flask_newext_package/submodule.py,0,2
flask,b88a837674421f492f879c0a0122b0bb921d038e,Markus Unterwaditzer,2014-09-11 22:09:51,tests/test_apps/flask_newext_simple.py,0,1
flask,b88a837674421f492f879c0a0122b0bb921d038e,Markus Unterwaditzer,2014-09-11 22:09:51,tests/test_apps/flaskext/__init__.py,0,0
flask,b88a837674421f492f879c0a0122b0bb921d038e,Markus Unterwaditzer,2014-09-11 22:09:51,tests/test_apps/flaskext/oldext_package/__init__.py,0,1
flask,b88a837674421f492f879c0a0122b0bb921d038e,Markus Unterwaditzer,2014-09-11 22:09:51,tests/test_apps/flaskext/oldext_package/submodule.py,0,2
flask,b88a837674421f492f879c0a0122b0bb921d038e,Markus Unterwaditzer,2014-09-11 22:09:51,tests/test_apps/flaskext/oldext_simple.py,0,1
flask,b88a837674421f492f879c0a0122b0bb921d038e,Markus Unterwaditzer,2014-09-11 22:09:51,tests/test_ext.py,88,38
flask,a00ccdce9429188d349cad5a2f5d6f21b2a84c39,Markus Unterwaditzer,2014-09-11 22:09:52,tests/test_apps/importerror.py,0,2
flask,a00ccdce9429188d349cad5a2f5d6f21b2a84c39,Markus Unterwaditzer,2014-09-11 22:09:52,tests/test_helpers.py,2,1
flask,77d887526d9776b15acbb43f31d00148debf0db9,Markus Unterwaditzer,2014-09-11 22:09:52,tests/conftest.py,12,12
flask,77d887526d9776b15acbb43f31d00148debf0db9,Markus Unterwaditzer,2014-09-11 22:09:52,tests/test_config.py,24,24
flask,77d887526d9776b15acbb43f31d00148debf0db9,Markus Unterwaditzer,2014-09-11 22:09:52,tests/test_ext.py,10,10
flask,77d887526d9776b15acbb43f31d00148debf0db9,Markus Unterwaditzer,2014-09-11 22:09:52,tests/test_helpers.py,2,2
flask,f8a778deaeb9fd63d3aaa004fce27d07751a9d59,Markus Unterwaditzer,2014-09-11 22:09:52,tests/test_testing.py,208,222
flask,71dae377330109455ed26d1eb912e243125e3007,Markus Unterwaditzer,2014-09-11 22:09:52,tests/test_regression.py,43,53
flask,a4931ff3a74d9fcd8766bee69a01b62a75a5e131,Markus Unterwaditzer,2014-09-11 22:09:52,tests/test_basic.py,1340,1198
flask,be42d5665e89c7fd57352c0e6b97355d6b3500f3,Markus Unterwaditzer,2014-09-11 22:09:52,tests/test_config.py,146,253
flask,be42d5665e89c7fd57352c0e6b97355d6b3500f3,Markus Unterwaditzer,2014-09-11 22:09:52,tests/test_instance_config.py,132,0
flask,4fca38c078142744922a8c763bc1468e680a830d,Markus Unterwaditzer,2014-09-11 22:09:52,setup.py,1,38
flask,56db3ddf4e77a9c2184bf9580a67bcb2dd8ca4d7,Markus Unterwaditzer,2014-09-11 22:09:52,tests/test_deprecations.py,1,5
flask,192da325f8b171e7512bea13edd4ddd3330a6ca8,Markus Unterwaditzer,2014-09-11 22:09:52,tests/__init__.py,0,62
flask,192da325f8b171e7512bea13edd4ddd3330a6ca8,Markus Unterwaditzer,2014-09-11 22:09:52,tests/conftest.py,7,0
flask,192da325f8b171e7512bea13edd4ddd3330a6ca8,Markus Unterwaditzer,2014-09-11 22:09:52,tests/test_helpers.py,19,27
flask,192da325f8b171e7512bea13edd4ddd3330a6ca8,Markus Unterwaditzer,2014-09-11 22:09:52,tests/test_instance_config.py,9,7
flask,3f67fe94f1e46908e53283a54f4bf74c524efd94,Paulo Bu,2014-09-14 17:27:19,tests/test_basic.py,28,0
flask,c6795eb626096ce8a14c594b27b61f3917b5e810,Markus Unterwaditzer,2014-09-21 16:47:38,tests/test_appctx.py,1,3
flask,c6795eb626096ce8a14c594b27b61f3917b5e810,Markus Unterwaditzer,2014-09-21 16:47:38,tests/test_blueprints.py,1,2
flask,c6795eb626096ce8a14c594b27b61f3917b5e810,Markus Unterwaditzer,2014-09-21 16:47:38,tests/test_reqctx.py,2,3
flask,c6795eb626096ce8a14c594b27b61f3917b5e810,Markus Unterwaditzer,2014-09-21 16:47:38,tests/test_subclassing.py,1,2
flask,c6795eb626096ce8a14c594b27b61f3917b5e810,Markus Unterwaditzer,2014-09-21 16:47:38,tests/test_templating.py,1,4
flask,c6795eb626096ce8a14c594b27b61f3917b5e810,Markus Unterwaditzer,2014-09-21 16:47:38,tests/test_testing.py,1,2
flask,c6795eb626096ce8a14c594b27b61f3917b5e810,Markus Unterwaditzer,2014-09-21 16:47:38,tests/test_views.py,1,2
flask,93c190a8fd81355dd4ac4f567821ff28ad021d5b,Davide Ceretti,2014-10-07 07:34:19,tests/test_signals.py,21,0
flask,61097c47a35ad8883c77fc49b93c1314f7819464,INADA Naoki,2014-10-15 02:21:52,flask/wrappers.py,3,1
flask,4d4a639ba46cf72454497bc100b3e811e66af4b2,INADA Naoki,2014-10-15 03:32:04,tests/test_deprecations.py,40,0
flask,709289037ae149444b18a59975cf9dc6e93cd05a,Augustus D'Souza,2014-10-18 13:14:04,flask/wrappers.py,2,2
flask,fed6fd32d80458219c7d167d529c0a2681858587,Matt Wright,2014-10-20 21:21:30,flask/app.py,2,2
flask,44c025f552075175fc8335f327c0e825e05527dc,Matt Wright,2014-10-20 21:21:30,flask/app.py,14,0
flask,986b92203a53c735527e53cbe4f6f6f64aa9e9f8,Matt Wright,2014-10-20 21:21:30,flask/app.py,4,0
flask,d425279650b392faf679db3245b8ac7f8c84cf54,Gilman Callsen,2014-10-21 19:11:06,flask/json.py,8,1
flask,d425279650b392faf679db3245b8ac7f8c84cf54,Gilman Callsen,2014-10-21 19:11:06,tests/test_basic.py,28,0
flask,bd232e5c82cca0c4445b3fed1a460c0bb0a66082,Markus Unterwaditzer,2014-10-21 19:11:54,tests/test_basic.py,2,0
flask,56a7e8361d978c9ae2981167f3b4d959f2cf21e2,Bryan Stitt,2014-10-24 13:11:10,flask/config.py,5,2
flask,bbd9c2f10011be9f9e2b1857bc863d923459154f,Bryan Stitt,2014-10-24 13:11:10,flask/config.py,2,0
flask,5e8d503098747e0297f17978c23f5fd64106124b,defuz,2014-10-24 13:11:10,tests/test_config.py,8,0
flask,f88765d504ce2fa9bc3926c76910b11510522892,defuz,2014-10-26 18:28:12,flask/app.py,5,3
flask,f88765d504ce2fa9bc3926c76910b11510522892,defuz,2014-10-26 18:28:12,tests/test_templating.py,27,3
flask,47d7f20d9b291778992920e0a4e3d9ac85b139c4,Petr Zemek,2014-10-27 11:03:07,flask/cli.py,2,2
flask,e41bf1e18104bfc2e482aa9f066c3ee7793666b4,Petr Zemek,2014-10-27 11:13:03,tests/conftest.py,0,1
flask,e41bf1e18104bfc2e482aa9f066c3ee7793666b4,Petr Zemek,2014-10-27 11:13:03,tests/test_signals.py,0,1
flask,4840fc0edc6609d51342d4c5e21b7843109e3c16,Petr Zemek,2014-10-27 11:17:49,tests/test_appctx.py,2,2
flask,ec3d5800f2c8d6803c426babb0b6df0fa36f866f,Petr Zemek,2014-10-27 11:24:15,flask/app.py,1,1
flask,ec3d5800f2c8d6803c426babb0b6df0fa36f866f,Petr Zemek,2014-10-27 11:24:15,flask/helpers.py,1,1
flask,ec3d5800f2c8d6803c426babb0b6df0fa36f866f,Petr Zemek,2014-10-27 11:24:15,tests/test_templating.py,2,2
flask,ebab6718f7dbafaa2e893f2347e6fdc6acad8504,Petr Zemek,2014-10-27 11:31:01,flask/ctx.py,1,1
flask,d1423b3e16c17519d2d8841ea2547244cc6aa944,Petr Zemek,2014-10-27 11:33:45,flask/app.py,1,1
flask,3767e7ba4f333e5347a6e7b06e6261b8a579c3e5,Petr Zemek,2014-10-27 11:36:23,flask/helpers.py,2,2
flask,0f3f476dcfd2974aa73a3c741e0f6d94d662885e,Petr Zemek,2014-10-27 11:54:27,flask/sessions.py,1,1
flask,92854cb3861f33bff7949be94b5d70ed9262b26d,Petr Zemek,2014-10-27 11:54:27,flask/signals.py,1,1
flask,3159c861664eed1a3f82b4b4313ba15b7436a18c,Petr Zemek,2014-10-27 11:54:28,flask/signals.py,1,1
flask,3159c861664eed1a3f82b4b4313ba15b7436a18c,Petr Zemek,2014-10-27 11:54:28,flask/templating.py,1,1
flask,6b9fd4a968dc314ec03c6e5c08c5939667f1634c,Petr Zemek,2014-10-27 11:54:28,flask/views.py,1,1
flask,d4f6734741929f7532c03b00e732bf7db42f7c01,Petr Zemek,2014-10-27 11:54:30,flask/helpers.py,1,1
flask,28e30322fa14418219910a364395aaa7dfbd364c,Mieszko,2014-11-04 08:51:06,flask/debughelpers.py,1,1
flask,8284217593d5ea3d4bdeaed1e146fa94578b7999,defuz,2014-11-05 06:04:58,flask/app.py,26,26
flask,8284217593d5ea3d4bdeaed1e146fa94578b7999,defuz,2014-11-05 06:04:58,flask/blueprints.py,1,1
flask,8284217593d5ea3d4bdeaed1e146fa94578b7999,defuz,2014-11-05 06:04:58,flask/config.py,4,4
flask,8284217593d5ea3d4bdeaed1e146fa94578b7999,defuz,2014-11-05 06:04:58,flask/ctx.py,1,1
flask,8284217593d5ea3d4bdeaed1e146fa94578b7999,defuz,2014-11-05 06:04:58,flask/helpers.py,14,14
flask,8284217593d5ea3d4bdeaed1e146fa94578b7999,defuz,2014-11-05 06:04:58,flask/sessions.py,9,9
flask,8284217593d5ea3d4bdeaed1e146fa94578b7999,defuz,2014-11-05 06:04:58,flask/wrappers.py,7,7
flask,3fa4fd0908fcd2300b568171a285726d19a976e1,defuz,2014-11-05 06:13:01,flask/app.py,10,10
flask,a8f570cc6225e22d0411cf20b0102a92f319e4e3,defuz,2014-11-05 06:45:22,flask/app.py,3,3
flask,a8f570cc6225e22d0411cf20b0102a92f319e4e3,defuz,2014-11-05 06:45:22,flask/helpers.py,1,1
flask,02694d609f7ae43e023872a2f20b835590e10c0a,defuz,2014-11-05 07:03:55,flask/app.py,2,2
flask,02694d609f7ae43e023872a2f20b835590e10c0a,defuz,2014-11-05 07:03:55,flask/cli.py,2,2
flask,ad011bc32d7b9160354efafcd43e20f7042a6a13,defuz,2014-11-05 07:10:49,flask/app.py,8,8
flask,ad011bc32d7b9160354efafcd43e20f7042a6a13,defuz,2014-11-05 07:10:49,flask/ctx.py,1,1
flask,ad011bc32d7b9160354efafcd43e20f7042a6a13,defuz,2014-11-05 07:10:49,flask/helpers.py,1,1
flask,ad011bc32d7b9160354efafcd43e20f7042a6a13,defuz,2014-11-05 07:10:49,flask/wrappers.py,1,1
flask,17eee81da085e979029180895da2d1887182264d,defuz,2014-11-05 07:23:47,flask/helpers.py,4,4
flask,663802e9768d7862ae30aabf7b68f6e381fd59a3,defuz,2014-11-05 07:39:54,flask/app.py,7,7
flask,d4b9b9854c7afb32c4c2ee27c4d98def1c8e22ca,defuz,2014-11-05 07:43:00,flask/json.py,1,1
flask,d4b9b9854c7afb32c4c2ee27c4d98def1c8e22ca,defuz,2014-11-05 07:43:00,flask/wrappers.py,3,3
flask,d338dc8a1369d56cc998c9688ae9e818ba9a5df5,defuz,2014-11-05 07:52:04,flask/app.py,1,1
flask,d338dc8a1369d56cc998c9688ae9e818ba9a5df5,defuz,2014-11-05 07:52:04,flask/helpers.py,1,1
flask,1501b79293b9441509d1911ad3da5b0e1871b1dd,defuz,2014-11-05 08:16:27,flask/app.py,1,1
flask,1501b79293b9441509d1911ad3da5b0e1871b1dd,defuz,2014-11-05 08:16:27,flask/helpers.py,1,1
flask,1501b79293b9441509d1911ad3da5b0e1871b1dd,defuz,2014-11-05 08:16:27,flask/json.py,1,1
flask,5c7557917b86d3f2a88816fee00d3b84ee65cad6,Mieszko,2014-11-06 08:58:24,flask/sessions.py,2,2
flask,d9402fc0c03353b6d2659297682e578d695476ce,Marc Abramowitz,2014-12-07 14:37:26,flask/json.py,9,4
flask,d9402fc0c03353b6d2659297682e578d695476ce,Marc Abramowitz,2014-12-07 14:37:26,tests/test_basic.py,3,3
flask,98b155c65da62077dc5f277a3ec15d3af78333af,Michael Hall,2014-12-26 08:58:35,flask/app.py,1,1
flask,98b155c65da62077dc5f277a3ec15d3af78333af,Michael Hall,2014-12-26 08:58:35,tests/test_basic.py,12,0
flask,d931216adebf441dc7431f1a073baed8b4a1b20a,Armin Ronacher,2014-12-27 12:25:03,flask/cli.py,6,0
flask,33534bb4a9937e6faba5ecec4586519f453369b6,Parkayun,2015-01-02 11:35:00,docs/conf.py,1,1
flask,33534bb4a9937e6faba5ecec4586519f453369b6,Parkayun,2015-01-02 11:35:00,examples/flaskr/flaskr.py,1,1
flask,33534bb4a9937e6faba5ecec4586519f453369b6,Parkayun,2015-01-02 11:35:00,examples/flaskr/test_flaskr.py,1,1
flask,33534bb4a9937e6faba5ecec4586519f453369b6,Parkayun,2015-01-02 11:35:00,examples/jqueryexample/jqueryexample.py,1,1
flask,33534bb4a9937e6faba5ecec4586519f453369b6,Parkayun,2015-01-02 11:35:00,examples/minitwit/minitwit.py,1,1
flask,33534bb4a9937e6faba5ecec4586519f453369b6,Parkayun,2015-01-02 11:35:00,examples/minitwit/test_minitwit.py,1,1
flask,33534bb4a9937e6faba5ecec4586519f453369b6,Parkayun,2015-01-02 11:35:00,flask/__init__.py,1,1
flask,33534bb4a9937e6faba5ecec4586519f453369b6,Parkayun,2015-01-02 11:35:00,flask/__main__.py,1,1
flask,33534bb4a9937e6faba5ecec4586519f453369b6,Parkayun,2015-01-02 11:35:00,flask/_compat.py,1,1
flask,33534bb4a9937e6faba5ecec4586519f453369b6,Parkayun,2015-01-02 11:35:00,flask/app.py,1,1
flask,33534bb4a9937e6faba5ecec4586519f453369b6,Parkayun,2015-01-02 11:35:00,flask/blueprints.py,1,1
flask,33534bb4a9937e6faba5ecec4586519f453369b6,Parkayun,2015-01-02 11:35:00,flask/cli.py,1,1
flask,33534bb4a9937e6faba5ecec4586519f453369b6,Parkayun,2015-01-02 11:35:00,flask/config.py,1,1
flask,33534bb4a9937e6faba5ecec4586519f453369b6,Parkayun,2015-01-02 11:35:00,flask/ctx.py,1,1
flask,33534bb4a9937e6faba5ecec4586519f453369b6,Parkayun,2015-01-02 11:35:00,flask/debughelpers.py,1,1
flask,33534bb4a9937e6faba5ecec4586519f453369b6,Parkayun,2015-01-02 11:35:00,flask/ext/__init__.py,1,1
flask,33534bb4a9937e6faba5ecec4586519f453369b6,Parkayun,2015-01-02 11:35:00,flask/exthook.py,1,1
flask,33534bb4a9937e6faba5ecec4586519f453369b6,Parkayun,2015-01-02 11:35:00,flask/globals.py,1,1
flask,33534bb4a9937e6faba5ecec4586519f453369b6,Parkayun,2015-01-02 11:35:00,flask/helpers.py,1,1
flask,33534bb4a9937e6faba5ecec4586519f453369b6,Parkayun,2015-01-02 11:35:00,flask/json.py,1,1
flask,33534bb4a9937e6faba5ecec4586519f453369b6,Parkayun,2015-01-02 11:35:00,flask/logging.py,1,1
flask,33534bb4a9937e6faba5ecec4586519f453369b6,Parkayun,2015-01-02 11:35:00,flask/sessions.py,1,1
flask,33534bb4a9937e6faba5ecec4586519f453369b6,Parkayun,2015-01-02 11:35:00,flask/signals.py,1,1
flask,33534bb4a9937e6faba5ecec4586519f453369b6,Parkayun,2015-01-02 11:35:00,flask/templating.py,1,1
flask,33534bb4a9937e6faba5ecec4586519f453369b6,Parkayun,2015-01-02 11:35:00,flask/testing.py,1,1
flask,33534bb4a9937e6faba5ecec4586519f453369b6,Parkayun,2015-01-02 11:35:00,flask/views.py,1,1
flask,33534bb4a9937e6faba5ecec4586519f453369b6,Parkayun,2015-01-02 11:35:00,flask/wrappers.py,1,1
flask,33534bb4a9937e6faba5ecec4586519f453369b6,Parkayun,2015-01-02 11:35:00,scripts/flask-07-upgrade.py,1,1
flask,33534bb4a9937e6faba5ecec4586519f453369b6,Parkayun,2015-01-02 11:35:00,scripts/flaskext_compat.py,1,1
flask,33534bb4a9937e6faba5ecec4586519f453369b6,Parkayun,2015-01-02 11:35:00,scripts/flaskext_tester.py,1,1
flask,33534bb4a9937e6faba5ecec4586519f453369b6,Parkayun,2015-01-02 11:35:00,scripts/make-release.py,1,1
flask,33534bb4a9937e6faba5ecec4586519f453369b6,Parkayun,2015-01-02 11:35:00,tests/conftest.py,1,1
flask,33534bb4a9937e6faba5ecec4586519f453369b6,Parkayun,2015-01-02 11:35:00,tests/test_appctx.py,1,1
flask,33534bb4a9937e6faba5ecec4586519f453369b6,Parkayun,2015-01-02 11:35:00,tests/test_basic.py,1,1
flask,33534bb4a9937e6faba5ecec4586519f453369b6,Parkayun,2015-01-02 11:35:00,tests/test_blueprints.py,1,1
flask,33534bb4a9937e6faba5ecec4586519f453369b6,Parkayun,2015-01-02 11:35:00,tests/test_config.py,1,1
flask,33534bb4a9937e6faba5ecec4586519f453369b6,Parkayun,2015-01-02 11:35:00,tests/test_deprecations.py,1,1
flask,33534bb4a9937e6faba5ecec4586519f453369b6,Parkayun,2015-01-02 11:35:00,tests/test_ext.py,1,1
flask,33534bb4a9937e6faba5ecec4586519f453369b6,Parkayun,2015-01-02 11:35:00,tests/test_helpers.py,1,1
flask,33534bb4a9937e6faba5ecec4586519f453369b6,Parkayun,2015-01-02 11:35:00,tests/test_instance_config.py,1,1
flask,33534bb4a9937e6faba5ecec4586519f453369b6,Parkayun,2015-01-02 11:35:00,tests/test_regression.py,1,1
flask,33534bb4a9937e6faba5ecec4586519f453369b6,Parkayun,2015-01-02 11:35:00,tests/test_reqctx.py,1,1
flask,33534bb4a9937e6faba5ecec4586519f453369b6,Parkayun,2015-01-02 11:35:00,tests/test_signals.py,1,1
flask,33534bb4a9937e6faba5ecec4586519f453369b6,Parkayun,2015-01-02 11:35:00,tests/test_subclassing.py,1,1
flask,33534bb4a9937e6faba5ecec4586519f453369b6,Parkayun,2015-01-02 11:35:00,tests/test_templating.py,1,1
flask,33534bb4a9937e6faba5ecec4586519f453369b6,Parkayun,2015-01-02 11:35:00,tests/test_testing.py,1,1
flask,33534bb4a9937e6faba5ecec4586519f453369b6,Parkayun,2015-01-02 11:35:00,tests/test_views.py,1,1
flask,61263e08f9c763a6c2b3fec6428c972dea2f7cad,Ben Jones,2015-01-23 07:44:17,flask/json.py,3,3
flask,61263e08f9c763a6c2b3fec6428c972dea2f7cad,Ben Jones,2015-01-23 07:44:17,tests/test_helpers.py,20,0
flask,d60e13436dbe144b603eed686adcdbfb0788ac9c,Christopher Bunn,2015-01-28 21:04:43,flask/app.py,1,1
flask,a45fce84960e3b97fe3ecc2f11de1ba613b8c5c4,Chris Rebert,2015-02-05 12:35:25,flask/app.py,3,2
flask,eccee36964832577aad8d8a3108b7f39958ba8b0,Chris Rebert,2015-02-05 12:38:34,flask/app.py,7,1
flask,6a2524634dec3a7bc71a8b7076ab937d77253c6a,Chris Rebert,2015-02-05 12:45:11,flask/app.py,4,0
flask,fe6bcffdad73fc8f683dadf1a86229fdfd3a571c,Chris Rebert,2015-02-05 12:45:59,flask/app.py,3,0
flask,5fa76f6800fb81a621b63c42725c5502e2520302,Markus Unterwaditzer,2015-02-05 22:13:19,tests/test_basic.py,18,0
flask,ddf0dfa8952852fb5365a794c4fe998a8ff6ba8f,ThiefMaster,2015-02-06 17:05:08,flask/__init__.py,1,1
flask,ddf0dfa8952852fb5365a794c4fe998a8ff6ba8f,ThiefMaster,2015-02-06 17:05:08,setup.py,1,1
flask,85b20f8d491ae02278e720c961024e837cc64b0e,Markus Unterwaditzer,2015-02-06 18:06:16,setup.py,11,3
flask,1158e229589f39a140829bbd02e2f721ea9b5d26,Markus Unterwaditzer,2015-02-06 18:20:17,tests/test_basic.py,1,1
flask,9d64ff420fdde3c6eaa6d573d41da3b2f587422c,Keyan Pishdadian,2015-02-06 14:38:33,scripts/flaskext_migrate.py,30,0
flask,9d64ff420fdde3c6eaa6d573d41da3b2f587422c,Keyan Pishdadian,2015-02-06 14:38:33,scripts/temp.py,19,0
flask,6d2c076a3bfafc39eed12a5bca41067c60184c77,Chris Rebert,2015-02-06 13:11:23,tests/test_basic.py,12,2
flask,29f7c10a5dea499f64188e29a4e08161dbf14eff,Edward Z. Yang,2015-02-07 15:06:51,flask/helpers.py,2,6
flask,0b2556f3ec7b3d4be0b7dab9cea8458e07ab18d4,Keyan Pishdadian,2015-02-10 11:23:16,scripts/fix_ext_import.py,20,0
flask,0b2556f3ec7b3d4be0b7dab9cea8458e07ab18d4,Keyan Pishdadian,2015-02-10 11:23:16,scripts/flaskext_migrate.py,8,24
flask,0b2556f3ec7b3d4be0b7dab9cea8458e07ab18d4,Keyan Pishdadian,2015-02-10 11:23:16,scripts/temp.py,0,19
flask,0b2556f3ec7b3d4be0b7dab9cea8458e07ab18d4,Keyan Pishdadian,2015-02-10 11:23:16,scripts/test.py,0,0
flask,8488a3afa97e12297bdb22586e17b4c0ddf54175,Keyan Pishdadian,2015-02-11 13:07:24,scripts/fix_ext_import.py,0,20
flask,8488a3afa97e12297bdb22586e17b4c0ddf54175,Keyan Pishdadian,2015-02-11 13:07:24,scripts/flaskext_migrate.py,36,5
flask,8488a3afa97e12297bdb22586e17b4c0ddf54175,Keyan Pishdadian,2015-02-11 13:07:24,scripts/test.py,15,2
flask,61d5e6a4d4058accec957901be4d1efe2f3f71fa,Keyan Pishdadian,2015-02-11 13:29:50,scripts/flaskext_migrate.py,0,1
flask,61d5e6a4d4058accec957901be4d1efe2f3f71fa,Keyan Pishdadian,2015-02-11 13:29:50,scripts/test.py,1,0
flask,c90c4e5e8c796e5dbfa32b30adf68c8582f6162a,Keyan Pishdadian,2015-02-11 14:29:04,scripts/flaskext_migrate.py,48,2
flask,4a9e34a57476c92a4147f9ecafc357a681f1a19a,Keyan Pishdadian,2015-02-11 14:41:48,scripts/flaskext_migrate.py,5,2
flask,96d81c297adddf034c8eef6b2c76cbd9181d6d22,Keyan Pishdadian,2015-02-11 14:53:39,scripts/flaskext_migrate.py,3,4
flask,0cf5881312a2256607cebe36938405a6fe5a820e,Keyan Pishdadian,2015-02-11 15:06:53,scripts/test.py,0,34
flask,0cf5881312a2256607cebe36938405a6fe5a820e,Keyan Pishdadian,2015-02-11 15:06:53,tests/test_import_migration.py,40,0
flask,37217e85b80c389208cd3396c2cdc4b89bd46bcf,Keyan Pishdadian,2015-02-11 15:22:07,scripts/flaskext_migrate.py,3,1
flask,b759aa2b955cccf7050ece74b84c32089443e47e,Keyan Pishdadian,2015-02-12 11:58:38,scripts/flaskext_migrate.py,23,16
flask,b759aa2b955cccf7050ece74b84c32089443e47e,Keyan Pishdadian,2015-02-12 11:58:38,tests/test_import_migration.py,9,2
flask,1479cf80f635164b06767454fdd9e5d37853b307,Keyan Pishdadian,2015-02-12 13:06:45,tests/test_import_migration.py,0,47
flask,9cbe83ef0d03a07a491bd26ecbe508a348ed48a1,Keyan Pishdadian,2015-02-12 16:41:57,scripts/flaskext_migrate.py,29,6
flask,9cbe83ef0d03a07a491bd26ecbe508a348ed48a1,Keyan Pishdadian,2015-02-12 16:41:57,scripts/test_import_migration.py,51,0
flask,4cb311b9455375f6497e7ecb6c931e09b1917d60,Keyan Pishdadian,2015-02-13 15:27:29,scripts/flaskext_migrate.py,35,12
flask,4cb311b9455375f6497e7ecb6c931e09b1917d60,Keyan Pishdadian,2015-02-13 15:27:29,scripts/test_import_migration.py,21,9
flask,77ed4661011483cfdb546eb49e89cc8d5cc67be9,Keyan Pishdadian,2015-02-13 16:02:37,scripts/flaskext_migrate.py,1,1
flask,cd6ec4094730156f27c69b327916e19f6c1c4b2f,Keyan Pishdadian,2015-02-13 18:40:41,scripts/flaskext_migrate.py,21,3
flask,cd6ec4094730156f27c69b327916e19f6c1c4b2f,Keyan Pishdadian,2015-02-13 18:40:41,scripts/test_import_migration.py,9,1
flask,5f64971731cfb0b8fbac5783e6ac4615aae2c16d,Keyan Pishdadian,2015-02-14 18:16:28,scripts/flaskext_migrate.py,0,2
flask,6fa1889afb62fb01e8413584aa7abc293245fcfc,Keyan Pishdadian,2015-02-15 19:09:08,scripts/flaskext_migrate.py,1,4
flask,f6c45afb6ffa9fc1bd3d3637f7d38e423798dce9,Keyan Pishdadian,2015-02-25 19:48:29,scripts/flaskext_migrate.py,2,0
flask,f6c45afb6ffa9fc1bd3d3637f7d38e423798dce9,Keyan Pishdadian,2015-02-25 19:48:29,scripts/test_import_migration.py,7,1
flask,5d3e7b737c834595735cbeb81077739dd950f396,Keyan Pishdadian,2015-02-28 01:22:15,flask/wrappers.py,1,1
flask,82b7983b2a0262645dd4dcb72c441b7affa816be,Keyan Pishdadian,2015-03-02 12:12:37,flask/wrappers.py,5,3
flask,19df249c8907d79d58b8c9dc5fa5cea6e40ad2e7,Keyan Pishdadian,2015-03-04 13:21:39,flask/wrappers.py,5,4
flask,39e66ca6d782630c67eae4e7e70e60799386ec8b,Keyan Pishdadian,2015-03-04 14:40:16,tests/test_helpers.py,24,0
flask,294961e6fce2c34784f304ca587850d62569b64e,Keyan Pishdadian,2015-03-04 14:48:08,tests/test_helpers.py,2,2
flask,d6a1307f9debe7f878961866d42c380ade6b04da,Keyan Pishdadian,2015-03-04 15:14:43,tests/test_helpers.py,4,4
flask,290c371eb1d0a140203cffce6f270b3cca6783dc,Keyan Pishdadian,2015-03-05 12:48:38,flask/wrappers.py,1,1
flask,1cd9e91810fcfc3b3ca4e8c157593af28de427d6,Keyan Pishdadian,2015-03-05 13:04:38,flask/wrappers.py,1,1
flask,1cd9e91810fcfc3b3ca4e8c157593af28de427d6,Keyan Pishdadian,2015-03-05 13:04:38,tests/test_helpers.py,2,2
flask,44da905cb7e0d81267d75ccfcb7ffa2669f02aeb,Keyan Pishdadian,2015-03-05 13:19:00,flask/wrappers.py,1,1
flask,7b080355f561333e4eea01f656f0e4b32dcc688c,Keyan Pishdadian,2015-03-05 13:26:59,flask/wrappers.py,3,4
flask,94a3968d69c30c54ea60939a5a84c5bac33601bb,Markus Unterwaditzer,2015-03-05 22:00:27,flask/helpers.py,3,4
flask,1aa8a54b175ef10a72d3c3d3f4ed112ddc6e2ea6,Markus Unterwaditzer,2015-03-22 12:49:47,tests/test_regression.py,0,4
flask,ec0d208bc14c49c611ae05d391b1edb35af854c7,Martijn Pieters,2015-03-23 15:17:19,flask/app.py,7,4
flask,ec0d208bc14c49c611ae05d391b1edb35af854c7,Martijn Pieters,2015-03-23 15:17:19,flask/ctx.py,8,4
flask,ec0d208bc14c49c611ae05d391b1edb35af854c7,Martijn Pieters,2015-03-23 15:17:19,tests/test_appctx.py,15,0
flask,ec0d208bc14c49c611ae05d391b1edb35af854c7,Martijn Pieters,2015-03-23 15:17:19,tests/test_reqctx.py,15,0
flask,78cd4161f0a264df89046b6324446b27011b0930,Markus Unterwaditzer,2015-03-29 13:40:35,tests/test_basic.py,23,26
flask,1577e1386e737eca69dbb6cfe6b8bf979f7b2944,Markus Unterwaditzer,2015-03-29 23:03:38,tests/test_basic.py,26,23
flask,20f62e828b2ed100f7aa907b60880c8938593740,Brandon Sandrowicz,2015-04-02 01:48:48,tests/test_basic.py,1,1
flask,08ac3aa4e3739e20d385c4c2973893945f228470,ThiefMaster,2015-04-06 15:03:00,flask/app.py,6,1
flask,08ac3aa4e3739e20d385c4c2973893945f228470,ThiefMaster,2015-04-06 15:03:00,tests/test_templating.py,10,0
flask,eae48d97b085626c1860a900a27ff63c439e0edb,Phil Schaf,2015-04-11 14:05:22,flask/app.py,98,26
flask,7126a22334c881101b5c5f8bdc00d008cb7229aa,Phil Schaf,2015-04-11 14:05:22,flask/app.py,24,10
flask,a6c6cc18f5eab148cb15a65fe6543fb5f1272765,Phil Schaf,2015-04-11 14:05:22,flask/app.py,2,11
flask,aa4700c276999a002bd6ddf8c7d35993429ec2d7,Phil Schaf,2015-04-11 14:05:22,flask/app.py,5,1
flask,0e44cca8e32f17e78f73a127ebe8d8c627c3fe13,Phil Schaf,2015-04-11 14:05:22,flask/app.py,1,15
flask,fd8e6b26f9ff59bc8bccd6bd251bee5838551ba8,Phil Schaf,2015-04-11 14:05:22,flask/app.py,43,70
flask,fd8e6b26f9ff59bc8bccd6bd251bee5838551ba8,Phil Schaf,2015-04-11 14:05:22,tests/test_user_error_handler.py,113,0
flask,8c054f04b87dc7d713495d91fdb4d52bdef0e643,Phil Schaf,2015-04-11 14:05:22,flask/app.py,5,6
flask,b31252db55cfac4605ad917d34eaa55fff248a38,Phil Schaf,2015-04-11 14:24:01,flask/app.py,6,6
flask,7d506f2408520ecb21025f93d9ece00431004501,Markus Unterwaditzer,2015-04-11 20:52:47,flask/app.py,25,15
flask,0bac2ade9154b4c1a267990238e2ab84931a0cb4,Markus Unterwaditzer,2015-04-11 20:52:47,tests/test_user_error_handler.py,80,82
flask,1b7fad37167095f4c1981ed7987254ff5c6de6c0,ning.xie,2015-04-19 17:33:54,flask/logging.py,3,3
flask,2de525c720bea58c088decedd89bab5914e39a7e,Matthias Bussonnier,2015-05-02 10:54:38,flask/config.py,2,2
flask,2de525c720bea58c088decedd89bab5914e39a7e,Matthias Bussonnier,2015-05-02 10:54:38,scripts/flaskext_compat.py,2,2
flask,be45a608e38a16766eb568a05b39becee2cd572b,Wang Haowei,2015-05-20 20:31:06,flask/app.py,2,1
flask,0d19fa0a061d91f0a6fec5cc60af4a4c1b46aa9b,Markus Unterwaditzer,2015-05-31 18:59:14,flask/helpers.py,1,1
flask,0d19fa0a061d91f0a6fec5cc60af4a4c1b46aa9b,Markus Unterwaditzer,2015-05-31 18:59:14,flask/json.py,1,1
flask,348bf52188b9f7bef1096d8fe70edf2e62ea04a8,Joshua Carp,2015-06-02 16:13:30,flask/app.py,1,1
flask,348bf52188b9f7bef1096d8fe70edf2e62ea04a8,Joshua Carp,2015-06-02 16:13:30,tests/test_user_error_handler.py,29,0
flask,2446ca63a8d840a35ea4eac02672b24a6fcf406f,Markus Unterwaditzer,2015-06-06 03:29:44,flask/app.py,1,1
flask,2446ca63a8d840a35ea4eac02672b24a6fcf406f,Markus Unterwaditzer,2015-06-06 03:29:44,flask/blueprints.py,1,1
flask,2446ca63a8d840a35ea4eac02672b24a6fcf406f,Markus Unterwaditzer,2015-06-06 03:29:44,flask/wrappers.py,1,1
flask,d40288496c18d86d16f8aad144e8cf57c46dd3bf,Markus Unterwaditzer,2015-06-06 04:17:33,docs/conf.py,21,0
flask,d13a1b363e1065de98f44fe0446b570ce078007e,Markus Unterwaditzer,2015-06-06 06:29:26,flask/app.py,2,2
flask,d13a1b363e1065de98f44fe0446b570ce078007e,Markus Unterwaditzer,2015-06-06 06:29:26,tests/test_templating.py,1,1
flask,805692108ae973281d793250ca883cc1412ab08d,Keyan Pishdadian,2015-06-06 07:38:09,flask/helpers.py,8,8
flask,bc4c1777e9aaee1c404ab06dc92893da21f2cea7,Markus Unterwaditzer,2015-06-11 19:55:51,flask/helpers.py,3,1
flask,c65b32ba1d71c95d165f173f8681bfc0f6e1eca2,GunWoo Choi,2015-06-12 13:40:53,flask/cli.py,1,1
flask,554c5b965a8b9d702897e5da926312cac22fa86e,Markus Unterwaditzer,2015-06-13 17:07:51,flask/blueprints.py,0,1
flask,d53d5c732bf794b965d15458f8e578fe51864a26,Alexander Pantyukhin,2015-06-17 15:42:39,flask/__init__.py,1,1
flask,d53d5c732bf794b965d15458f8e578fe51864a26,Alexander Pantyukhin,2015-06-17 15:42:39,flask/signals.py,2,1
flask,d53d5c732bf794b965d15458f8e578fe51864a26,Alexander Pantyukhin,2015-06-17 15:42:39,flask/templating.py,2,1
flask,d53d5c732bf794b965d15458f8e578fe51864a26,Alexander Pantyukhin,2015-06-17 15:42:39,tests/test_signals.py,24,0
flask,1fbeb337c467a2be0f999606373fd1ba0e200908,Alexander Pantyukhin,2015-06-17 15:42:39,flask/signals.py,1,1
flask,1fbeb337c467a2be0f999606373fd1ba0e200908,Alexander Pantyukhin,2015-06-17 15:42:39,tests/test_signals.py,2,4
flask,967907ee81cbc671cd8982bdc02a9d3335fdde11,Alexander Pantyukhin,2015-06-17 15:42:39,flask/templating.py,13,2
flask,967907ee81cbc671cd8982bdc02a9d3335fdde11,Alexander Pantyukhin,2015-06-17 15:42:39,tests/test_signals.py,16,0
flask,e57199e0c4e18da2a87b15ed6d6e35668ae1b763,Alexander Pantyukhin,2015-06-17 15:42:39,tests/test_signals.py,8,2
flask,eae37b575d2106ae80edea823d50c0e4ebfebec3,Alexander Pantyukhin,2015-06-17 15:42:39,tests/test_signals.py,1,1
flask,883f82f2617f893d024b3fcee8fd9bbe0b0d9341,Alexander Pantyukhin,2015-06-17 15:42:39,flask/templating.py,6,5
flask,5e12748d0efb5fc3d1f6a68d7bf05fd8980a2fd4,Alexander Pantyukhin,2015-06-17 15:42:39,flask/templating.py,2,13
flask,5e12748d0efb5fc3d1f6a68d7bf05fd8980a2fd4,Alexander Pantyukhin,2015-06-17 15:42:39,tests/test_signals.py,0,20
flask,bbaf20de7c34d533f9b83f20b536342a8c735fb1,ThiefMaster,2015-06-20 18:04:58,flask/ctx.py,9,0
flask,bbaf20de7c34d533f9b83f20b536342a8c735fb1,ThiefMaster,2015-06-20 18:04:58,tests/test_appctx.py,22,0
flask,6af9690ae9800f5a6074c70498cba4b26335ec72,ThiefMaster,2015-06-20 18:09:27,flask/app.py,0,7
flask,e4f635f8d7bade2dbd8b7e3e8be6df41e058c797,Alan Hamlett,2015-07-04 23:41:31,flask/app.py,8,8
flask,99c99c4c16b1327288fd76c44bc8635a1de452bc,Alan Hamlett,2015-07-04 23:41:43,flask/app.py,2,2
flask,99c99c4c16b1327288fd76c44bc8635a1de452bc,Alan Hamlett,2015-07-04 23:41:43,flask/templating.py,1,1
flask,99c99c4c16b1327288fd76c44bc8635a1de452bc,Alan Hamlett,2015-07-04 23:41:43,tests/test_templating.py,20,1
flask,011b129b6bc615c7a24de626dd63b6a311fa6ce6,Jimmy McCarthy,2015-07-07 13:20:53,flask/app.py,4,2
flask,011b129b6bc615c7a24de626dd63b6a311fa6ce6,Jimmy McCarthy,2015-07-07 13:20:53,tests/test_basic.py,41,0
flask,8ba986e45e5b8f73f3f18da9d145b06722e5ceca,Aayush Kasurde,2015-07-12 21:08:16,examples/jqueryexample/jqueryexample.py,3,0
flask,93fe1d54bd44b190aa0f58990bc397bf22324452,Christian Becker,2015-07-16 02:45:56,flask/helpers.py,1,1
flask,5da31f8af36012a4f76c3bd0d536ae107e0519b5,Christian Becker,2015-07-16 12:00:16,flask/app.py,3,2
flask,5da31f8af36012a4f76c3bd0d536ae107e0519b5,Christian Becker,2015-07-16 12:00:16,flask/testsuite/basic.py,11,0
flask,128bc76af0f6c16ba71b41851be800ccdf354752,lobeck,2015-07-16 13:53:59,flask/helpers.py,1,1
flask,c8f19f0afc8d49a68ec969097e6127d17706b6dc,Mathias J. Hennig,2015-07-22 23:35:13,flask/_compat.py,4,12
flask,b3767ae59f8d916333ebc2cc04d962fa33f76580,Mathias J. Hennig,2015-07-27 15:32:23,flask/_compat.py,5,6
flask,5505827a4bd759a24696258983ec14c768358af8,Jimmy McCarthy,2015-09-14 13:26:10,flask/app.py,9,5
flask,1ac4156016a578fdf439ac69bc39b9c6687ea9f9,Armin Ronacher,2015-10-02 23:19:54,flask/app.py,2,2
flask,d526932a09557be4aff6d27261cabb7c5c5ebb8d,Timo Furrer,2015-10-24 07:04:23,flask/app.py,11,1
flask,d526932a09557be4aff6d27261cabb7c5c5ebb8d,Timo Furrer,2015-10-24 07:04:23,flask/helpers.py,13,1
flask,d526932a09557be4aff6d27261cabb7c5c5ebb8d,Timo Furrer,2015-10-24 07:04:23,flask/sessions.py,1,4
flask,d526932a09557be4aff6d27261cabb7c5c5ebb8d,Timo Furrer,2015-10-24 07:04:23,tests/test_config.py,9,0
flask,7f678aaf5a066ff71289743a64e5cd685b660428,Eric Yang,2015-11-04 22:08:31,flask/exthook.py,1,1
flask,1d49343bb19933f5f8057a548cb69657d8cbd699,lord63,2015-11-07 09:04:24,flask/app.py,1,1
flask,daa3f272da477470d23481d409d54f989136ac32,Ivan Velichko,2015-11-20 19:43:49,flask/app.py,5,1
flask,daa3f272da477470d23481d409d54f989136ac32,Ivan Velichko,2015-11-20 19:43:49,flask/testing.py,15,4
flask,daa3f272da477470d23481d409d54f989136ac32,Ivan Velichko,2015-11-20 19:43:49,flask/testsuite/testing.py,32,0
flask,96f7b07caf15a23a67e9e9dfd086d38e400b2db5,Redian Ibra,2015-11-26 22:11:34,scripts/test_import_migration.py,12,13
flask,b55bc0baa291fb3ac2f62f5852c2469f1dda9bdc,lord63,2015-12-13 22:08:31,flask/ctx.py,0,2
flask,7368a164c7506046a4a0b0ce2113c2aaa7800087,lord63,2015-12-20 20:39:38,setup.py,6,0
flask,952a6c8989137bb0c44adaf37df0227b8e426a75,Miguel Grinberg,2016-01-02 14:18:36,flask/app.py,1,0
flask,952a6c8989137bb0c44adaf37df0227b8e426a75,Miguel Grinberg,2016-01-02 14:18:36,flask/cli.py,2,1
flask,952a6c8989137bb0c44adaf37df0227b8e426a75,Miguel Grinberg,2016-01-02 14:18:36,tests/test_basic.py,20,0
flask,826d7475cdab43b85d79f99e8eae5dabb01baf7b,Aviv Cohn,2016-01-05 01:10:35,flask/app.py,10,8
flask,edb65cc0f056bdfb201531066976e1cb8a90ad1f,nivm,2016-01-10 12:33:35,flask/helpers.py,1,1
flask,daceb3e3a028b4b408c4bbdbdef0047f1de3a7c9,Jeff Widman,2016-01-13 13:20:11,flask/json.py,32,8
flask,daceb3e3a028b4b408c4bbdbdef0047f1de3a7c9,Jeff Widman,2016-01-13 13:20:11,tests/test_helpers.py,69,29
flask,0edf0a0e3a8b0f3e8309822044631fe7864d3066,Jeff Widman,2016-01-25 16:43:02,flask/json.py,6,8
flask,992d9be96ef0f0d746bd4a77b9081bff3b44524b,David Lord,2016-01-25 22:56:51,flask/json.py,6,11
flask,a4df0fbb397e13bd7c6475dbde5f44727474c3c7,Adrian,2016-02-02 16:16:01,flask/ctx.py,1,1
flask,6d0bbd627c8ff7b6339c894342d00eae11deb7ec,lord63,2016-02-03 21:08:22,flask/app.py,1,1
flask,6d0bbd627c8ff7b6339c894342d00eae11deb7ec,lord63,2016-02-03 21:08:22,flask/config.py,1,1
flask,07fdd1930b947b2cc074706ecdfea908ffdb05b9,lord63,2016-02-04 14:35:03,flask/app.py,3,5
flask,4dc2ef19eaa4ced5cb2f4a2a1673e65459c355d2,Reuven,2016-03-04 13:30:40,tests/test_basic.py,15,35
flask,4dc2ef19eaa4ced5cb2f4a2a1673e65459c355d2,Reuven,2016-03-04 13:30:40,tests/test_blueprints.py,2,5
flask,4dc2ef19eaa4ced5cb2f4a2a1673e65459c355d2,Reuven,2016-03-04 13:30:40,tests/test_config.py,17,29
flask,4dc2ef19eaa4ced5cb2f4a2a1673e65459c355d2,Reuven,2016-03-04 13:30:40,tests/test_reqctx.py,1,5
flask,4dc2ef19eaa4ced5cb2f4a2a1673e65459c355d2,Reuven,2016-03-04 13:30:40,tests/test_testing.py,4,10
flask,ce06240851d18ab725d348bce1793aad67349131,Matt Robenolt,2016-03-27 10:36:57,scripts/make-release.py,1,1
flask,cc536c8a7b6f61fedb2d0cb1abdd643d8e987afe,Shipeng Feng,2016-04-01 16:17:45,flask/helpers.py,1,1
flask,cc536c8a7b6f61fedb2d0cb1abdd643d8e987afe,Shipeng Feng,2016-04-01 16:17:45,tests/test_helpers.py,3,3
flask,d3d8a4694a9c1601e213d6b5f27fab34615609b7,Markus Unterwaditzer,2016-04-02 21:06:30,flask/exthook.py,24,1
flask,9f1be8e795ace494018689c87d8a5e5601313e4d,David Hou,2016-04-02 21:07:27,flask/helpers.py,6,3
flask,9f1be8e795ace494018689c87d8a5e5601313e4d,David Hou,2016-04-02 21:07:27,tests/test_helpers.py,9,0
flask,567fff9d0d20650743abd8fe17d3dc9d98fa19dc,José Carlos García,2016-04-03 23:11:38,setup.py,2,2
flask,6e91498e64f3081c9d37f8f6e5fd3e3086de9741,Steffen Prince,2016-04-04 00:03:29,flask/app.py,7,2
flask,1a877fbaa027456cb7eba04f35d7f0a11c075f71,Keyan Pishdadian,2016-04-04 23:19:10,scripts/flaskext_migrate.py,0,162
flask,1a877fbaa027456cb7eba04f35d7f0a11c075f71,Keyan Pishdadian,2016-04-04 23:19:10,scripts/test_import_migration.py,0,76
flask,740c42217cb349ab4f03ecba37973ec0c9bed421,Daniel Quinn,2016-04-08 08:53:25,flask/views.py,1,1
flask,2bf477cfeafd87c69b88e1ec58b5eb67abf756e2,Steven Loria,2016-04-08 15:30:47,flask/app.py,1,0
flask,2bf477cfeafd87c69b88e1ec58b5eb67abf756e2,Steven Loria,2016-04-08 15:30:47,flask/json.py,1,1
flask,2bf477cfeafd87c69b88e1ec58b5eb67abf756e2,Steven Loria,2016-04-08 15:30:47,tests/test_basic.py,12,0
flask,317d60307d7310f0987951164c2c70098b8b5749,David Lord,2016-04-11 16:13:59,docs/conf.py,15,14
flask,de25e98f917ae441d186e8a722a0f40a6c7458f2,Miguel Grinberg,2016-05-04 06:46:49,flask/wrappers.py,6,5
flask,9f4c569c83f3f00f43a8ea975821c405ab0057f0,Benjamin Dopplinger,2016-05-09 13:37:27,flask/testing.py,5,4
flask,88500f5cc709e2e931e6547ed9b58033a50215a8,Jannis Leidel,2016-05-16 19:36:55,flask/app.py,1,1
flask,88500f5cc709e2e931e6547ed9b58033a50215a8,Jannis Leidel,2016-05-16 19:36:55,tests/test_apps/cliapp/__init__.py,0,0
flask,88500f5cc709e2e931e6547ed9b58033a50215a8,Jannis Leidel,2016-05-16 19:36:55,tests/test_apps/cliapp/app.py,5,0
flask,88500f5cc709e2e931e6547ed9b58033a50215a8,Jannis Leidel,2016-05-16 19:36:55,tests/test_apps/cliapp/multiapp.py,6,0
flask,88500f5cc709e2e931e6547ed9b58033a50215a8,Jannis Leidel,2016-05-16 19:36:55,tests/test_cli.py,137,0
flask,c810fae9e835ad446e7e9d61c12bbf2f6b597109,Frédéric Chapoton,2016-05-20 12:57:10,scripts/flaskext_tester.py,2,2
flask,883cb7cedcc23efbb7e73f8884df8f406e452541,Armin Ronacher,2016-05-22 10:34:48,tests/test_regression.py,1,2
flask,6aee9f6d77e0696bd570d6095445d73c48539f8a,Armin Ronacher,2016-05-22 10:45:29,flask/helpers.py,11,2
flask,6aee9f6d77e0696bd570d6095445d73c48539f8a,Armin Ronacher,2016-05-22 10:45:29,tests/test_helpers.py,10,0
flask,96ec24f6e0ff77a24d0151afe20ec7c97118019f,Armin Ronacher,2016-05-22 11:36:40,flask/templating.py,20,11
flask,bdbca923ef26424f605b4c744131512a5edb0f1e,Thomas Sanjurjo,2016-05-22 07:09:21,flask/app.py,16,1
flask,c5900a1adf8e868eca745225f3cf32218cdbbb23,ThiefMaster,2016-05-23 14:43:23,flask/app.py,9,9
flask,c5900a1adf8e868eca745225f3cf32218cdbbb23,ThiefMaster,2016-05-23 14:43:23,flask/blueprints.py,1,1
flask,c5900a1adf8e868eca745225f3cf32218cdbbb23,ThiefMaster,2016-05-23 14:43:23,flask/config.py,3,3
flask,c5900a1adf8e868eca745225f3cf32218cdbbb23,ThiefMaster,2016-05-23 14:43:23,flask/json.py,1,1
flask,c5900a1adf8e868eca745225f3cf32218cdbbb23,ThiefMaster,2016-05-23 14:43:23,flask/sessions.py,1,1
flask,c5900a1adf8e868eca745225f3cf32218cdbbb23,ThiefMaster,2016-05-23 14:43:23,flask/wrappers.py,1,1
flask,92f63a1c1d483c1a1636efb20cadb1c2932b33ff,dataforger,2016-05-24 21:06:34,tests/test_cli.py,1,1
flask,523e27118359425048541d92892f20ee048c0b76,Armin Ronacher,2016-05-26 20:07:52,flask/app.py,3,2
flask,523e27118359425048541d92892f20ee048c0b76,Armin Ronacher,2016-05-26 20:07:52,flask/cli.py,39,85
flask,523e27118359425048541d92892f20ee048c0b76,Armin Ronacher,2016-05-26 20:07:52,flask/helpers.py,7,1
flask,523e27118359425048541d92892f20ee048c0b76,Armin Ronacher,2016-05-26 20:07:52,tests/test_cli.py,1,2
flask,a7d829c61854bc609a343eec114d2a129761fe9f,Armin Ronacher,2016-05-26 20:45:50,flask/cli.py,16,6
flask,9594876c1f6377a3f8b911d31e8c941295baa281,Armin Ronacher,2016-05-26 21:29:01,flask/cli.py,19,0
flask,8482ce6b8ca9f1110b86bff4c3f998655fdecf8a,Armin Ronacher,2016-05-26 21:46:56,flask/ctx.py,42,38
flask,8482ce6b8ca9f1110b86bff4c3f998655fdecf8a,Armin Ronacher,2016-05-26 21:46:56,tests/test_appctx.py,22,0
flask,1eccb62965967264acfd1a504fcc3fca0646a8be,Armin Ronacher,2016-05-29 11:02:18,scripts/make-release.py,0,7
flask,13e6a01ac86f9b8c0cad692d5e5e8d600674fb6d,Armin Ronacher,2016-05-29 11:02:23,flask/__init__.py,1,1
flask,b23cd61e04b01e83defcdb9dafe8b6bcafdffc40,Armin Ronacher,2016-05-29 11:02:48,flask/__init__.py,1,1
flask,70de011d5102bea6b97010643cf36698f94f97fb,Adam Chainz,2016-05-29 15:49:38,docs/conf.py,1,1
flask,ba07f5bd81f66a40333cc619d0a8a7b3c17ec49f,Ionuț Arțăriși,2016-05-29 14:51:05,flask/exthook.py,1,1
flask,a72583652329da810fc2a04e8541a0e2efd47ee1,Yoav Ram,2016-05-30 23:20:35,flask/cli.py,1,1
flask,e4c712ffd2682f963906e1d0d27e67b7f83d95ce,Frédéric Chapoton,2016-05-31 21:20:22,scripts/flask-07-upgrade.py,2,1
flask,e4c712ffd2682f963906e1d0d27e67b7f83d95ce,Frédéric Chapoton,2016-05-31 21:20:22,scripts/make-release.py,3,2
flask,6bee3e4995066466a35ac080844d4962a728d084,RamiC,2016-06-02 13:35:16,flask/cli.py,26,3
flask,6b28ceba83c3b76eea2e5a89327318af67404298,RamiC,2016-06-02 13:55:00,flask/cli.py,1,1
flask,390cd5e4eec8340d74e8b72b2d51a5a3eeef3842,James Farrington,2016-06-02 11:58:02,tests/test_helpers.py,8,0
flask,7e8d7d43c8852f1567a93838ae7983bf519ddcb1,Emily Manders,2016-06-02 12:47:36,setup.py,2,0
flask,024fbe5a6076d0f3f793cd4a66d0b50decdb2a1a,David Lord,2016-06-02 14:54:49,tests/test_helpers.py,0,8
flask,d88c08e56f7398206596129036b8f101be11cba0,Jason Brazeal,2016-06-02 15:40:59,flask/config.py,8,3
flask,047efac537abad9e3880f545d8b767f6e6be3786,jphilipsen05,2016-06-02 17:56:08,tests/test_basic.py,19,0
flask,d393597c507ea62df534ba2ffb8a4e77cf3f1548,Markus Unterwaditzer,2016-06-03 13:59:47,tests/conftest.py,4,5
flask,d393597c507ea62df534ba2ffb8a4e77cf3f1548,Markus Unterwaditzer,2016-06-03 13:59:47,tests/test_basic.py,4,3
flask,d393597c507ea62df534ba2ffb8a4e77cf3f1548,Markus Unterwaditzer,2016-06-03 13:59:47,tests/test_deprecations.py,8,12
flask,d393597c507ea62df534ba2ffb8a4e77cf3f1548,Markus Unterwaditzer,2016-06-03 13:59:47,tests/test_ext.py,12,0
flask,d393597c507ea62df534ba2ffb8a4e77cf3f1548,Markus Unterwaditzer,2016-06-03 13:59:47,tests/test_helpers.py,84,74
flask,293eb583f62e930c84dc1612fadf60185c0a9174,Markus Unterwaditzer,2016-06-03 14:04:25,tests/test_helpers.py,10,10
flask,6c359e0f532d18a71895f035dd1326ca5d2d67f8,Markus Unterwaditzer,2016-06-03 14:29:27,tests/conftest.py,2,0
flask,6c359e0f532d18a71895f035dd1326ca5d2d67f8,Markus Unterwaditzer,2016-06-03 14:29:27,tests/test_basic.py,4,0
flask,6c359e0f532d18a71895f035dd1326ca5d2d67f8,Markus Unterwaditzer,2016-06-03 14:29:27,tests/test_helpers.py,20,19
flask,8458cc5cd10bac1dabea3dae86424bce46926a49,Dan Sully,2016-06-03 14:52:33,flask/helpers.py,9,22
flask,8458cc5cd10bac1dabea3dae86424bce46926a49,Dan Sully,2016-06-03 14:52:33,tests/test_helpers.py,2,28
flask,fe5f714026b68b1416c3d3985bce5063901c320f,jphilipsen05,2016-06-03 18:41:10,flask/cli.py,3,3
flask,fe5f714026b68b1416c3d3985bce5063901c320f,jphilipsen05,2016-06-03 18:41:10,tests/test_cli.py,8,1
flask,41e08f4ccd0f41896200cbf5c5f5d6f3df3df713,Josiah Philipsen,2016-06-03 18:42:07,flask/cli.py,3,3
flask,41e08f4ccd0f41896200cbf5c5f5d6f3df3df713,Josiah Philipsen,2016-06-03 18:42:07,tests/test_cli.py,8,1
flask,e048aa4e19d689104733783a19560a6a485a473c,dawran6,2016-06-03 10:58:39,tests/test_basic.py,8,0
flask,954b7ef7bbc261ac455feb122b56e897653de826,Randy Liou,2016-06-03 16:02:45,tests/test_blueprints.py,19,0
flask,03ea11fe76a593c146c347f49d8285efb36bb886,Giampaolo Eusebi,2016-06-04 11:26:16,flask/helpers.py,18,14
flask,06a170ea9b73ffe4f2e64453c70ed6b44619ecc8,Giampaolo Eusebi,2016-06-04 11:26:44,tests/test_helpers.py,43,1
flask,64a37bb9b758630c0f2c649d82e10e849c095d48,Hyunchel Kim,2016-06-05 10:32:00,tests/test_cli.py,18,3
flask,af515cc7ea561292b07195c6a93662b7ca189e21,Prachi Shirish Khadke,2016-06-05 10:59:17,flask/helpers.py,10,3
flask,af515cc7ea561292b07195c6a93662b7ca189e21,Prachi Shirish Khadke,2016-06-05 10:59:17,tests/test_helpers.py,12,1
flask,7c271401b284e6fcc2040fffe317342e2a17a902,David Lord,2016-06-05 12:42:34,flask/helpers.py,5,9
flask,7c271401b284e6fcc2040fffe317342e2a17a902,David Lord,2016-06-05 12:42:34,tests/test_helpers.py,9,8
flask,5eaed3711685f263d4a34af25b5976f04e6885f2,Anton Sarukhanov,2016-06-07 08:03:55,tests/test_cli.py,15,1
flask,d1d82ca8ce7262ad9d27245ce44f86571287810e,Markus Unterwaditzer,2016-06-07 18:22:43,flask/__init__.py,1,1
flask,724f04d30597a6d0144958e86f20e816b0d9b1f1,Markus Unterwaditzer,2016-06-07 18:23:09,flask/__init__.py,1,1
flask,501b8590dd8b262c93d52c92ab4b743af1f5d317,RamiC,2016-06-08 12:03:26,flask/blueprints.py,7,0
flask,501b8590dd8b262c93d52c92ab4b743af1f5d317,RamiC,2016-06-08 12:03:26,flask/json.py,4,2
flask,501b8590dd8b262c93d52c92ab4b743af1f5d317,RamiC,2016-06-08 12:03:26,tests/test_helpers.py,37,2
flask,4305ebdf6692956a7e21a7195b90505d92f559d8,RamiC,2016-06-08 12:58:56,flask/json.py,11,4
flask,4305ebdf6692956a7e21a7195b90505d92f559d8,RamiC,2016-06-08 12:58:56,tests/test_helpers.py,2,2
flask,6e46d0cd3969f6c13ff61c95c81a975192232fed,Markus Unterwaditzer,2016-06-13 20:33:57,flask/_compat.py,13,5
flask,0514ba2de1751de1b0c9a223c96f6a7145714e6a,Dave Barker,2016-06-14 00:59:32,flask/app.py,2,0
flask,5c12721730d18e2eddfe083cf1f6398af8915643,Markus Unterwaditzer,2016-06-14 22:45:24,flask/app.py,1,16
flask,24289e97af233f11d9c145f80604b2ee416254a1,Dave Barker,2016-06-15 02:15:33,tests/test_templating.py,17,0
flask,1a67e284d043818743ae9ef5a46b6b64a9db56f7,Dave Barker,2016-06-15 02:25:48,tests/test_templating.py,1,3
flask,b8aca21a392c367522eedb93f248f68005c84908,Archie Roller,2016-06-15 09:27:06,flask/json.py,1,4
flask,0e4607000d1e4a33a06c98578ec06226a43cdc56,David Lord,2016-06-23 13:00:45,flask/cli.py,2,1
flask,16471795117bb2d200888e49af5b621377bc1436,Kiss György,2016-06-25 12:15:14,flask/cli.py,28,0
flask,b8e826c16bbbada9128b70357c218ef79425499d,Kiss György,2016-06-25 13:22:18,flask/cli.py,3,0
flask,b8e826c16bbbada9128b70357c218ef79425499d,Kiss György,2016-06-25 13:22:18,tests/test_apps/cliapp/routesapp.py,18,0
flask,b8e826c16bbbada9128b70357c218ef79425499d,Kiss György,2016-06-25 13:22:18,tests/test_cli.py,38,1
flask,1b764cff93696a75c6248b6f956426cbefa097bc,Kiss György,2016-06-25 13:24:43,tests/test_cli.py,11,12
flask,1928f28a6863a8bac27705950ce1327d661f4d2d,David Lord,2016-06-26 13:03:29,docs/conf.py,42,36
flask,1928f28a6863a8bac27705950ce1327d661f4d2d,David Lord,2016-06-26 13:03:29,flask/cli.py,2,2
flask,67e391921c50f02190be8407d4a02efe8d2d28f6,georgschoelly,2016-06-26 13:32:47,flask/app.py,1,1
flask,516ce59f95a3b5d2fffbcde8abfdf1951e748361,Antoine Catton,2016-06-28 17:35:39,flask/views.py,5,1
flask,516ce59f95a3b5d2fffbcde8abfdf1951e748361,Antoine Catton,2016-06-28 17:35:39,tests/test_views.py,42,0
flask,f19d3bd67e0d8213013cf06f47d951c8735515c8,Hyunchel Kim,2016-07-05 12:46:01,tests/test_cli.py,14,11
flask,17d4cb3828b9520be6c4e64e6b7548a561aa6e7a,Kyle Lawlor,2016-07-05 17:30:59,examples/flaskr/flaskr/__init__.py,0,0
flask,17d4cb3828b9520be6c4e64e6b7548a561aa6e7a,Kyle Lawlor,2016-07-05 17:30:59,examples/flaskr/flaskr/flaskr.py,0,0
flask,17d4cb3828b9520be6c4e64e6b7548a561aa6e7a,Kyle Lawlor,2016-07-05 17:30:59,examples/flaskr/setup.py,16,0
flask,17d4cb3828b9520be6c4e64e6b7548a561aa6e7a,Kyle Lawlor,2016-07-05 17:30:59,examples/flaskr/tests/context.py,6,0
flask,17d4cb3828b9520be6c4e64e6b7548a561aa6e7a,Kyle Lawlor,2016-07-05 17:30:59,examples/flaskr/tests/test_flaskr.py,1,2
flask,1e5746bb2b0ca82d2bd77edf1f153fdcca70503f,David Lord,2016-07-06 08:02:13,examples/persona/persona.py,0,55
flask,1e5746bb2b0ca82d2bd77edf1f153fdcca70503f,David Lord,2016-07-06 08:02:13,examples/persona/static/persona.js,0,52
flask,0f1cf50f97a617114078be3dbae3152339ff13ad,Nate Prewitt,2016-08-12 15:12:00,flask/cli.py,7,1
flask,0f1cf50f97a617114078be3dbae3152339ff13ad,Nate Prewitt,2016-08-12 15:12:00,tests/test_cli.py,2,0
flask,c4139e0e5de5ffa8f103956bdcc1ca7cf9e500fd,Adam Byrtek,2016-08-19 21:13:33,flask/testing.py,14,1
flask,c4139e0e5de5ffa8f103956bdcc1ca7cf9e500fd,Adam Byrtek,2016-08-19 21:13:33,tests/test_testing.py,14,0
flask,6c5ef2bc5c7c304c8d4a2ddbb8666167ae73d4c4,Adam Byrtek,2016-08-19 21:13:33,flask/testing.py,3,5
flask,6c5ef2bc5c7c304c8d4a2ddbb8666167ae73d4c4,Adam Byrtek,2016-08-19 21:13:33,tests/test_testing.py,1,0
flask,b099999c6cb5c3563dc4fbe45f3101116aab0d3f,Adam Byrtek,2016-08-19 21:14:12,flask/testing.py,1,1
flask,ca547f0ec375a8a3e8c623cfa6b747d68e75a239,Adam Byrtek,2016-08-19 21:14:12,flask/wrappers.py,75,6
flask,ca547f0ec375a8a3e8c623cfa6b747d68e75a239,Adam Byrtek,2016-08-19 21:14:12,tests/test_testing.py,13,6
flask,c9ef500c5c2bbc7cfcb51e8b599e00248d290fd4,Adam Byrtek,2016-08-19 21:19:17,flask/wrappers.py,81,137
flask,23de58682c730a67820e77605386a16303d57447,Adam Byrtek,2016-08-19 21:19:17,flask/wrappers.py,3,3
flask,f0f458e0c5c4610cc210ef80a89b2b0870baa1b6,Adam Byrtek,2016-08-19 21:19:17,flask/wrappers.py,14,8
flask,f0d3b71a94994d52d64d315bc8ef7371db14d76f,Adam Byrtek,2016-08-19 21:19:33,flask/wrappers.py,7,7
flask,1df2788a8f29a1238cbdebd7fa59b0d6218995b5,Adam Byrtek,2016-08-19 21:20:59,flask/wrappers.py,13,20
flask,5ebdd5dd7455ca4a4c8ba1aff727f40e77a11c08,Adam Byrtek,2016-08-19 21:21:43,flask/wrappers.py,1,1
flask,866118302ef910f2b216e23783c9013d282e7807,Adam Byrtek,2016-08-19 21:22:34,flask/wrappers.py,16,15
flask,62b0b6652aab03fcf7c411de4d2cbd242ed05ec9,Markus Unterwaditzer,2016-08-19 21:24:07,flask/testing.py,3,3
flask,5c4fa7e91cca82f769c11b098114aa6d3322599b,Markus Unterwaditzer,2016-08-19 21:25:27,flask/wrappers.py,0,7
flask,136a833a8d65f2b89c277d9b909fef5f8a4628de,Markus Unterwaditzer,2016-08-19 21:29:12,flask/testing.py,1,1
flask,9121e109bdcd8b2a50bf53cac73b470232d126df,Anton Sarukhanov,2016-08-20 17:43:58,tests/test_cli.py,16,1
flask,f16e477b2a7329d249b5793a0dc4986503a48371,Nathan Land,2016-08-21 07:48:05,tests/test_helpers.py,29,0
flask,f193f590bc33bde70fad200782350beac3506585,David Lord,2016-08-21 08:47:12,tests/test_helpers.py,15,15
flask,5f009374fd28aba381f375391b70ac131926bd9d,Kyle Lawlor,2016-08-22 20:52:54,examples/flaskr/tests/context.py,0,6
flask,5f009374fd28aba381f375391b70ac131926bd9d,Kyle Lawlor,2016-08-22 20:52:54,examples/flaskr/tests/test_flaskr.py,2,2
flask,5f009374fd28aba381f375391b70ac131926bd9d,Kyle Lawlor,2016-08-22 20:52:54,examples/minitwit/minitwit/__init__.py,1,0
flask,5f009374fd28aba381f375391b70ac131926bd9d,Kyle Lawlor,2016-08-22 20:52:54,examples/minitwit/minitwit/minitwit.py,0,0
flask,5f009374fd28aba381f375391b70ac131926bd9d,Kyle Lawlor,2016-08-22 20:52:54,examples/minitwit/setup.py,16,0
flask,5f009374fd28aba381f375391b70ac131926bd9d,Kyle Lawlor,2016-08-22 20:52:54,examples/minitwit/tests/test_minitwit.py,1,1
flask,e00e2c22aadf9e5b9dc353c31f1b70dad488b47a,Armin Ronacher,2016-08-25 15:41:46,flask/logging.py,4,0
flask,71e10be28665eee6a919045f9e5d8773508dc756,Markus Unterwaditzer,2016-08-26 03:08:03,flask/helpers.py,39,17
flask,71e10be28665eee6a919045f9e5d8773508dc756,Markus Unterwaditzer,2016-08-26 03:08:03,tests/test_helpers.py,21,10
flask,098ea0c8ca3b2f3c6715b1048bec6a42db6298e1,Markus Unterwaditzer,2016-08-27 14:38:13,flask/app.py,2,1
flask,098ea0c8ca3b2f3c6715b1048bec6a42db6298e1,Markus Unterwaditzer,2016-08-27 14:38:13,flask/cli.py,1,1
flask,098ea0c8ca3b2f3c6715b1048bec6a42db6298e1,Markus Unterwaditzer,2016-08-27 14:38:13,tests/test_basic.py,2,2
flask,6e6c3a4636387892e3725f1ba13457966c188b87,Josh Soref,2016-08-30 00:26:20,flask/app.py,1,1
flask,b42e43e3b622af1b8c04a8298e26817343f5e4a1,Kyle Lawlor,2016-08-31 18:37:36,examples/flaskr/flaskr/__init__.py,1,0
flask,92ce20eeacf5de24803abaf70a3658806fa4d74f,Roman,2016-09-04 16:28:05,flask/helpers.py,2,2
flask,92ce20eeacf5de24803abaf70a3658806fa4d74f,Roman,2016-09-04 16:28:05,tests/test_helpers.py,5,1
flask,ccd02bfe8c90ee8dbf30cc2be61a7d483ff24cab,Afonso Queirós,2016-09-05 16:57:00,flask/app.py,3,3
flask,c4ec6954e57b1ab3cb5a0d178e6030f8bab6c149,Markus Unterwaditzer,2016-09-06 22:32:34,flask/app.py,0,2
flask,c4ec6954e57b1ab3cb5a0d178e6030f8bab6c149,Markus Unterwaditzer,2016-09-06 22:32:34,flask/cli.py,1,2
flask,c4ec6954e57b1ab3cb5a0d178e6030f8bab6c149,Markus Unterwaditzer,2016-09-06 22:32:34,tests/test_basic.py,0,2
flask,9cd32cac32433d7ea03cbd64de6ab5c8ea64a981,Armin Ronacher,2016-09-08 11:56:02,flask/app.py,25,4
flask,9cd32cac32433d7ea03cbd64de6ab5c8ea64a981,Armin Ronacher,2016-09-08 11:56:02,tests/test_basic.py,23,0
flask,c687ffb1921ce755eb32e105c4f689c0cb4afd81,Akbar Ibrahim,2016-09-08 17:34:51,flask/app.py,1,1
flask,a30951ec28e23a5d1c9380c4bd5844f2290c1dc8,Armin Ronacher,2016-09-10 03:33:53,flask/helpers.py,2,1
flask,a30951ec28e23a5d1c9380c4bd5844f2290c1dc8,Armin Ronacher,2016-09-10 03:33:53,tests/test_helpers.py,1,3
flask,1f0ca894a27f12131079c27eccdcc3fc9283eadd,Armin Ronacher,2016-09-11 16:57:43,flask/helpers.py,0,5
flask,2b4761599873e08a21d835427269a84def0d4ea6,Pablo Marti,2016-09-12 08:41:09,flask/app.py,2,2
flask,09fec941f4a1a69d6e1ad793a6a9c0e3df17d8d1,Bruno Thalmann,2016-09-18 14:10:00,flask/helpers.py,1,1
flask,dbeed240674ed7a7160ae82a603eaa930dd1fd00,Benjamin Dopplinger,2016-09-18 20:24:46,flask/views.py,1,1
flask,01081dbe6cdfa3fc43d8e1fff708d4ed95e1be7e,Markus Unterwaditzer,2016-09-19 23:30:24,flask/helpers.py,1,1
flask,f3d661de6676125bc765e286c5dd89e3e10ad82d,小明,2016-09-25 18:25:54,flask/app.py,1,1
flask,7186a5aaf571e1d08a617138867998cbea518522,Joël Charles,2016-09-26 12:43:46,flask/helpers.py,27,9
flask,7186a5aaf571e1d08a617138867998cbea518522,Joël Charles,2016-09-26 12:43:46,tests/test_helpers.py,65,0
flask,49ecc88d9949bed6297944cb4a3d115fa9727aab,Michael Recachinas,2016-10-01 18:45:22,flask/cli.py,1,1
flask,cd13a5cf6215914ba4c3e0963d2189fe19fed508,Hassam,2016-10-08 20:34:56,examples/flaskr/flaskr/__init__.py,1,1
flask,bd5e297aa9697f42a61682fe56f10eeb650e8540,Michael Recachinas,2016-10-12 08:54:24,flask/testing.py,14,0
flask,bd5e297aa9697f42a61682fe56f10eeb650e8540,Michael Recachinas,2016-10-12 08:54:24,tests/test_testing.py,35,0
flask,fa087c89298e0c91abff45b3ee7033889d2dd5d7,Kyle Lawlor,2016-10-30 14:34:49,examples/flaskr/flaskr/__init__.py,1,1
flask,cb30a3b5628616c6d34c210eb429650f09c75334,Clenimar Filemon,2016-10-31 17:41:38,flask/app.py,2,1
flask,de1652467b0584fe9ee4060bc42101e8255838a3,Martijn Pieters,2016-11-01 07:35:17,flask/app.py,1,13
flask,77af942b982a3b07669362cc6bc223026bf039cd,Clenimar Filemon,2016-11-01 18:52:32,flask/__init__.py,1,1
flask,77af942b982a3b07669362cc6bc223026bf039cd,Clenimar Filemon,2016-11-01 18:52:32,flask/cli.py,2,2
flask,77af942b982a3b07669362cc6bc223026bf039cd,Clenimar Filemon,2016-11-01 18:52:32,flask/sessions.py,1,1
flask,77af942b982a3b07669362cc6bc223026bf039cd,Clenimar Filemon,2016-11-01 18:52:32,flask/signals.py,1,1
flask,2647fc7112ed79c1751a3d99491d7dcfe0aa4520,Alex Kahan,2016-11-03 10:11:24,tests/test_helpers.py,9,15
flask,08d6de73a893615ef316a9ad88710bd7e6589bf2,David Lord,2016-11-03 23:01:10,docs/conf.py,4,10
flask,08d6de73a893615ef316a9ad88710bd7e6589bf2,David Lord,2016-11-03 23:01:10,docs/flaskext.py,0,86
flask,7e1a13ffbd212e928e866c2e4cf5d92d85660f86,Markus Unterwaditzer,2016-11-15 11:58:44,examples/minitwit/minitwit/__init__.py,1,1
flask,0e79aba40d2497218736448ced708fcf4f8943b3,Raphael Deem,2016-12-21 21:07:57,flask/sessions.py,14,10
flask,36425d5f91b57210f7707de9564377fea93825b2,Jiri Kuncar,2016-12-21 21:08:38,flask/wrappers.py,2,1
flask,36425d5f91b57210f7707de9564377fea93825b2,Jiri Kuncar,2016-12-21 21:08:38,tests/test_helpers.py,8,0
flask,1042d9d23f3c61f4474aea568a359337cf450fab,Markus Unterwaditzer,2016-12-21 21:22:08,flask/__init__.py,1,1
flask,b2e0886f484ac4544afd440955aa936379161e7c,Markus Unterwaditzer,2016-12-21 21:22:26,flask/__init__.py,1,1
flask,8cd0b03beeac4a41c398ea365475c651c484a9ee,Markus Unterwaditzer,2016-12-25 16:35:30,flask/__init__.py,1,1
flask,789715adb9949f58b7b0272bed1a58d7cd0fad30,Markus Unterwaditzer,2016-12-26 03:50:47,flask/config.py,1,1
flask,789715adb9949f58b7b0272bed1a58d7cd0fad30,Markus Unterwaditzer,2016-12-26 03:50:47,tests/test_config.py,20,2
flask,e49b73d2cf7d08a6f3aa3940b4492ee1f3176787,wgwz,2016-12-30 13:42:05,examples/largerapp/setup.py,10,0
flask,e49b73d2cf7d08a6f3aa3940b4492ee1f3176787,wgwz,2016-12-30 13:42:05,examples/largerapp/yourapplication/__init__.py,4,0
flask,e49b73d2cf7d08a6f3aa3940b4492ee1f3176787,wgwz,2016-12-30 13:42:05,examples/largerapp/yourapplication/views.py,5,0
flask,0832e77b145b226bac4ee82144221800a0f7d34a,Paul Brown,2016-12-30 22:45:53,flask/cli.py,10,4
flask,0832e77b145b226bac4ee82144221800a0f7d34a,Paul Brown,2016-12-30 22:45:53,tests/test_apps/cliapp/importerrorapp.py,7,0
flask,0832e77b145b226bac4ee82144221800a0f7d34a,Paul Brown,2016-12-30 22:45:53,tests/test_cli.py,1,0
flask,92fa444259fe32debf922eddbd6d18e7d69fdfaa,wgwz,2016-12-31 12:08:25,examples/patterns/largerapp/setup.py,0,0
flask,92fa444259fe32debf922eddbd6d18e7d69fdfaa,wgwz,2016-12-31 12:08:25,examples/patterns/largerapp/tests/test_largerapp.py,12,0
flask,92fa444259fe32debf922eddbd6d18e7d69fdfaa,wgwz,2016-12-31 12:08:25,examples/patterns/largerapp/yourapplication/__init__.py,0,0
flask,92fa444259fe32debf922eddbd6d18e7d69fdfaa,wgwz,2016-12-31 12:08:25,examples/patterns/largerapp/yourapplication/views.py,0,0
flask,46c1383919454ae281967316d6d6fb33bce9b773,wgwz,2016-12-31 12:37:39,examples/patterns/largerapp/tests/test_largerapp.py,1,1
flask,01b992b1a1482246d705ffe3b3d0dd7816f0456b,Andrew Arendt,2017-01-10 11:20:53,tests/test_basic.py,1,1
flask,01b992b1a1482246d705ffe3b3d0dd7816f0456b,Andrew Arendt,2017-01-10 11:20:53,tests/test_ext.py,2,2
flask,9dcfd05d295574488bd0c3644599d1e97dcca3da,Ondřej Nový,2017-01-13 10:54:55,docs/conf.py,5,2
flask,3fc8be5a4e9c1db58dcc74d3d48bf70b6a8db932,Kim Blomqvist,2017-01-17 07:15:51,flask/helpers.py,1,1
flask,1636a4c410a1bf3713bc1da8d4de7ca66cdf1681,Raphael Deem,2017-01-17 13:22:16,flask/app.py,8,8
flask,42fbbb4cbbd312464214dd66d0985828c16dce67,David Lord,2017-01-17 14:08:33,tests/test_basic.py,17,0
flask,c9b33d0e860e347f1ed46eebadbfef4f5422b6da,Armin Ronacher,2017-01-29 12:26:52,flask/app.py,7,0
flask,c9b33d0e860e347f1ed46eebadbfef4f5422b6da,Armin Ronacher,2017-01-29 12:26:52,flask/cli.py,7,0
flask,c9b33d0e860e347f1ed46eebadbfef4f5422b6da,Armin Ronacher,2017-01-29 12:26:52,flask/debughelpers.py,12,0
flask,bb0e755c808a8541192982ba7b86308b68ff7657,Jeff Widman,2017-02-11 10:43:11,docs/conf.py,1,1
flask,bb0e755c808a8541192982ba7b86308b68ff7657,Jeff Widman,2017-02-11 10:43:11,examples/minitwit/minitwit/minitwit.py,1,1
flask,bb0e755c808a8541192982ba7b86308b68ff7657,Jeff Widman,2017-02-11 10:43:11,setup.py,2,2
flask,eaba4a73aa1013db908ea07af6028056c4fde706,Nick Ficano,2017-02-15 17:55:56,flask/json.py,2,2
flask,8a8a60815294eb9d5db0c2d451c6c9d959c7c499,Josh Rowe,2017-02-23 15:25:52,flask/sessions.py,103,44
flask,8a8a60815294eb9d5db0c2d451c6c9d959c7c499,Josh Rowe,2017-02-23 15:25:52,tests/test_basic.py,6,0
flask,f5adb61b28f240effbba5a4686647c2af6e85b94,Static,2017-03-06 14:05:59,docs/conf.py,1,1
flask,f5adb61b28f240effbba5a4686647c2af6e85b94,Static,2017-03-06 14:05:59,flask/app.py,2,2
flask,f5adb61b28f240effbba5a4686647c2af6e85b94,Static,2017-03-06 14:05:59,scripts/flask-07-upgrade.py,1,1
flask,a7f1a21c1204828388eaed1e3903a74c904c8147,Hsiaoming Yang,2017-03-07 10:09:46,flask/app.py,1,1
flask,a7f1a21c1204828388eaed1e3903a74c904c8147,Hsiaoming Yang,2017-03-07 10:09:46,flask/json.py,1,1
flask,a7f1a21c1204828388eaed1e3903a74c904c8147,Hsiaoming Yang,2017-03-07 10:09:46,tests/test_basic.py,1,1
flask,a7f1a21c1204828388eaed1e3903a74c904c8147,Hsiaoming Yang,2017-03-07 10:09:46,tests/test_helpers.py,2,0
flask,46e8427d814589145ffcdc10cce45b791bde795b,John Bodley,2017-03-11 18:59:34,flask/app.py,2,1
flask,5b7fd9ad889e54d4d694d310b559c921d7df75cf,Sven-Hendrik Haase,2017-03-16 14:37:58,flask/cli.py,4,0
flask,ad42d88fb2cda12a21c4fb6f002f425f233d1fe3,Sven-Hendrik Haase,2017-03-16 14:42:16,flask/cli.py,0,1
flask,ed17bc171046a15f03c890687db8eb9652513bd9,Sven-Hendrik Haase,2017-03-16 20:56:12,tests/test_cli.py,17,0
flask,7a7a163ff18c4491b8c2a6cd0630a6f4e4ce2984,Ed Brannin,2017-03-21 15:22:15,flask/cli.py,3,1
flask,6e5250ab5dcdbf1e6d47e8481ba80de4f44f20f9,Ed Brannin,2017-03-21 16:17:09,tests/test_cli.py,1,1
flask,0049922f2e690a6d58f335ca9196c95f1de84370,Antonio Larrosa,2017-03-23 17:30:48,flask/helpers.py,5,1
flask,0049922f2e690a6d58f335ca9196c95f1de84370,Antonio Larrosa,2017-03-23 17:30:48,setup.py,1,0
flask,0049922f2e690a6d58f335ca9196c95f1de84370,Antonio Larrosa,2017-03-23 17:30:48,tests/test_helpers.py,11,0
flask,6ef45f30ab0e95d80ee2a29168f098e9037b9e0b,Antonio Larrosa,2017-03-24 20:05:01,flask/helpers.py,1,1
flask,6ef45f30ab0e95d80ee2a29168f098e9037b9e0b,Antonio Larrosa,2017-03-24 20:05:01,tests/test_helpers.py,5,4
flask,bf023e7dc0bae78ff0ab14dc9f10a87e2b56f676,Antonio Larrosa,2017-03-30 17:32:21,flask/helpers.py,4,2
flask,bf023e7dc0bae78ff0ab14dc9f10a87e2b56f676,Antonio Larrosa,2017-03-30 17:32:21,setup.py,0,1
flask,1d4448abe335741c61b3c8c5f99e1607a13f7e3d,Diggory Blake,2017-03-31 18:07:43,flask/app.py,3,0
flask,1d4448abe335741c61b3c8c5f99e1607a13f7e3d,Diggory Blake,2017-03-31 18:07:43,tests/test_basic.py,17,0
flask,12c49c75fbd04cfe81808ef300fcb0858d92c7b7,Diggory Blake,2017-03-31 18:40:46,flask/app.py,3,0
flask,d0e2e7b66c2f0a2192ce4b1b54e118345acf7f6e,Diggory Blake,2017-03-31 18:40:46,tests/test_basic.py,20,0
flask,6f7847e3c488fccbfd8c8880683cfe8ae8bdcdc3,Diggory Blake,2017-03-31 18:40:46,tests/test_basic.py,1,4
flask,a34d0e6878c8c8a5fab05a69785c443f3c17075d,Markus Unterwaditzer,2017-03-31 18:43:36,flask/__init__.py,1,1
flask,07a705888cbdf2641f3686f6d87575ef99093c7e,Markus Unterwaditzer,2017-03-31 18:43:52,flask/__init__.py,1,1
flask,c935eaceafebaf167f6422fdbd0de3b6bbb96bdf,Markus Unterwaditzer,2017-03-31 18:44:14,flask/app.py,0,3
flask,c935eaceafebaf167f6422fdbd0de3b6bbb96bdf,Markus Unterwaditzer,2017-03-31 18:44:14,tests/test_basic.py,0,17
flask,8cf32bca519723c5d97f123127cdec81dba868f6,Kyle Lawlor,2017-04-01 20:37:19,examples/flaskr/flaskr/__init__.py,0,1
flask,8cf32bca519723c5d97f123127cdec81dba868f6,Kyle Lawlor,2017-04-01 20:37:19,examples/flaskr/flaskr/_cliapp.py,3,0
flask,8cf32bca519723c5d97f123127cdec81dba868f6,Kyle Lawlor,2017-04-01 20:37:19,examples/flaskr/flaskr/blueprints/__init__.py,0,0
flask,8cf32bca519723c5d97f123127cdec81dba868f6,Kyle Lawlor,2017-04-01 20:37:19,examples/flaskr/flaskr/blueprints/flaskr.py,15,40
flask,8cf32bca519723c5d97f123127cdec81dba868f6,Kyle Lawlor,2017-04-01 20:37:19,examples/flaskr/flaskr/factory.py,52,0
flask,8cf32bca519723c5d97f123127cdec81dba868f6,Kyle Lawlor,2017-04-01 20:37:19,examples/flaskr/setup.py,2,2
flask,8cf32bca519723c5d97f123127cdec81dba868f6,Kyle Lawlor,2017-04-01 20:37:19,examples/flaskr/tests/test_flaskr.py,19,15
flask,54b6fc8de689a726aa01a0f2a39ce428e7a69712,Kyle Lawlor,2017-04-02 12:29:37,examples/flaskr/flaskr/_cliapp.py,12,0
flask,54b6fc8de689a726aa01a0f2a39ce428e7a69712,Kyle Lawlor,2017-04-02 12:29:37,examples/flaskr/flaskr/factory.py,12,0
flask,54b6fc8de689a726aa01a0f2a39ce428e7a69712,Kyle Lawlor,2017-04-02 12:29:37,examples/flaskr/setup.py,11,0
flask,54b6fc8de689a726aa01a0f2a39ce428e7a69712,Kyle Lawlor,2017-04-02 12:29:37,examples/flaskr/tests/test_flaskr.py,30,19
flask,d76d68cd381df4a8c3e2e636c98b5bfa02ab37e4,asilversempirical,2017-04-06 11:26:01,flask/json.py,4,5
flask,00d6e339ec789e7b92007297e840a671a5e38a7b,jab,2017-04-07 16:31:54,flask/app.py,21,7
flask,00d6e339ec789e7b92007297e840a671a5e38a7b,jab,2017-04-07 16:31:54,tests/test_basic.py,19,0
flask,d50a5db5ed07a14733b8cbfc0962b793209014dd,Antonio Larrosa,2017-04-07 20:34:52,flask/helpers.py,16,7
flask,c1973016eacfb22fdec837394d8b89c0ca35ad15,David Lord,2017-04-07 18:02:31,flask/helpers.py,12,7
flask,c1973016eacfb22fdec837394d8b89c0ca35ad15,David Lord,2017-04-07 18:02:31,tests/test_helpers.py,16,9
flask,f790ab7177c9959b560d238f4be9c124d635e70a,David Lord,2017-04-08 10:33:06,tests/test_helpers.py,8,13
flask,09b49104f39f111b58d60a819551cca4bde305cc,David Lord,2017-04-12 09:59:25,flask/helpers.py,4,7
flask,bf6910a639fffc6896c5aefe362edaf6f6b704fe,David Lord,2017-04-13 14:55:56,tests/test_helpers.py,1,1
flask,4ff84d537aa386fde36182ed797a79e3b582be75,David Lord,2017-04-14 05:30:03,tests/test_helpers.py,1,1
flask,7481844c98e4536ae01764aa08eec681c493ef2e,Sobolev Nikita,2017-04-19 07:46:33,flask/app.py,1,1
flask,19fbe3a18f36b02f22f8f545e015f60343c844ac,rocambolesque,2017-04-20 08:30:07,flask/helpers.py,1,0
flask,e50767cfca081681f527c54d3f6652d11e95e758,David Lord,2017-04-20 08:52:37,tests/test_basic.py,17,0
flask,97e2cd0a5a5f2b663d7a82edbaede2fe2cfb0679,David Lord,2017-04-21 07:26:30,flask/app.py,5,6
flask,97e2cd0a5a5f2b663d7a82edbaede2fe2cfb0679,David Lord,2017-04-21 07:26:30,tests/test_basic.py,49,42
flask,648344d4e8878e4aafcc5413f984b21b86173246,David Lord,2017-04-21 10:43:02,flask/views.py,22,22
flask,13754b6d117eb6847cca45475412fdd05025f1b8,David Lord,2017-04-22 13:57:04,flask/app.py,1,1
flask,13754b6d117eb6847cca45475412fdd05025f1b8,David Lord,2017-04-22 13:57:04,tests/test_reqctx.py,25,0
flask,46f83665ef74880bbc4a1c1f17ccededa7aaa939,David Lord,2017-04-24 10:16:50,flask/blueprints.py,2,2
flask,46f83665ef74880bbc4a1c1f17ccededa7aaa939,David Lord,2017-04-24 10:16:50,flask/json.py,14,10
flask,46f83665ef74880bbc4a1c1f17ccededa7aaa939,David Lord,2017-04-24 10:16:50,tests/test_helpers.py,11,5
flask,697f7b9365304c45216e6c8dd307d931ea1506d0,David Lord,2017-04-25 08:30:48,flask/app.py,107,63
flask,697f7b9365304c45216e6c8dd307d931ea1506d0,David Lord,2017-04-25 08:30:48,tests/test_basic.py,96,47
flask,501f0431259a30569a5e62bcce68d102fc3ef993,David Lord,2017-04-25 12:03:08,flask/app.py,38,32
flask,7ad79583b9558cc7806d56c534f9527e500734e9,David Lord,2017-04-26 10:26:59,flask/cli.py,47,27
flask,7ad79583b9558cc7806d56c534f9527e500734e9,David Lord,2017-04-26 10:26:59,tests/test_apps/cliapp/routesapp.py,0,18
flask,7ad79583b9558cc7806d56c534f9527e500734e9,David Lord,2017-04-26 10:26:59,tests/test_cli.py,54,27
flask,75b85656ddad86cbf0c3adb1128b758242793929,David Lord,2017-05-04 18:24:04,docs/conf.py,8,0
flask,160999e88241137c73aaa49e352dcbf2829fad5a,wangbing,2017-05-10 00:34:36,flask/json.py,0,1
flask,c3d49e29ea42d2f468bc780c15683ca197b50d02,José Oliveira,2017-05-13 21:47:43,flask/helpers.py,20,0
flask,c3d49e29ea42d2f468bc780c15683ca197b50d02,José Oliveira,2017-05-13 21:47:43,flask/sessions.py,5,1
flask,f75ad9fca2e17c4777a3d7efc65f3ccab261e22c,David Lord,2017-05-13 21:59:00,flask/helpers.py,10,8
flask,f75ad9fca2e17c4777a3d7efc65f3ccab261e22c,David Lord,2017-05-13 21:59:00,flask/sessions.py,56,27
flask,f75ad9fca2e17c4777a3d7efc65f3ccab261e22c,David Lord,2017-05-13 21:59:00,tests/test_basic.py,36,0
flask,2a6579430649d6514384ca592730c6995e140c43,David Lord,2017-05-15 16:58:01,flask/helpers.py,14,8
flask,2a6579430649d6514384ca592730c6995e140c43,David Lord,2017-05-15 16:58:01,tests/test_helpers.py,12,13
flask,f7c35bf0d51d1ae02709e39fe29110e12f64fb87,David Lord,2017-05-16 08:34:37,flask/helpers.py,14,8
flask,f7c35bf0d51d1ae02709e39fe29110e12f64fb87,David Lord,2017-05-16 08:34:37,tests/test_helpers.py,12,13
flask,571334df8e26333f34873a3dcb84441946e6c64c,Markus Unterwaditzer,2017-05-16 08:39:30,flask/__init__.py,1,1
flask,f347d3c59e3304474ca85b17e24261f127b27282,Markus Unterwaditzer,2017-05-16 08:40:08,flask/__init__.py,1,1
flask,ae133aa1734775f03560bde3d98c7f7d1c1569f7,David Lord,2017-05-20 12:11:37,flask/sessions.py,37,38
flask,5d9dd0b379a63d5a90265f2469f86fbd81b05853,David Lord,2017-05-20 13:00:17,flask/sessions.py,5,0
flask,5d9dd0b379a63d5a90265f2469f86fbd81b05853,David Lord,2017-05-20 13:00:17,tests/test_basic.py,22,18
flask,9fddecd4d92763f38a42a3842abab70b0a6f4678,Randy Liou,2017-05-22 12:00:04,tests/test_blueprints.py,27,0
flask,ced719ea18a56f6c4075e08dbe05f0e77eac1866,Hendrik Makait,2017-05-22 12:30:18,flask/cli.py,15,0
flask,ced719ea18a56f6c4075e08dbe05f0e77eac1866,Hendrik Makait,2017-05-22 12:30:18,tests/test_cli.py,34,0
flask,136dbf7de014dda29f3af89d1ba4fd4f4620e25c,Randy Liou,2017-05-22 13:09:22,tests/test_blueprints.py,42,0
flask,b4eb6534d52e86af3979b06734e5779f6bb9a4f6,Hendrik Makait,2017-05-22 14:26:00,flask/cli.py,14,12
flask,7ce01ab9b4aac9e559cd6cb2e309381cfc3cc71b,Randy Liou,2017-05-22 14:33:58,tests/test_blueprints.py,19,0
flask,7ecdbcfa2b2d1c83c8c6561b49303ed5b1042350,David Lord,2017-05-22 15:48:08,flask/cli.py,19,9
flask,01ddf54b87850c50ee9020c6027647e0c5fca283,David Lord,2017-05-22 16:12:23,flask/cli.py,2,2
flask,6f49089a624a13353a07db87aff5fe6f01699728,MikeTheReader,2017-05-22 16:15:48,tests/test_helpers.py,50,0
flask,a690ae27a392cfa1474e062f7655250c416cd536,Randy Liou,2017-05-22 16:58:04,tests/test_blueprints.py,62,0
flask,d8d712a0def83d146d155acb941c31781e7c3b3a,Randy Liou,2017-05-22 16:58:04,tests/test_blueprints.py,9,3
flask,65fc888172fbff89a8354e8926a69b4515766389,Neil Grey,2017-05-22 17:36:55,flask/app.py,1,1
flask,378a11f99275a6b80d365a5d51d469844bf9ca17,Neil Grey,2017-05-22 18:22:08,examples/flaskr/tests/test_flaskr.py,3,7
flask,fd4a363657f3b4f13611e029c52fcb8c806f7229,MikeTheReader,2017-05-22 20:49:37,tests/test_helpers.py,15,29
flask,11d2eec3acb7d0cf291b572e3b6b493df5fadc6b,Andrey Kislyuk,2017-05-22 23:46:22,flask/app.py,0,2
flask,cd412b20dc64f3bfa980c9993e5a4dce39a22b94,MikeTheReader,2017-05-23 07:51:57,tests/test_helpers.py,14,20
flask,7c882a457b734cd0a38d41c7e930e375a6ce6e4c,MikeTheReader,2017-05-23 07:59:53,tests/test_helpers.py,1,1
flask,5963cb5a5172bce3a1ff7b0f8c64230f043c9cfd,bovarysme,2017-05-23 18:21:29,examples/minitwit/tests/test_minitwit.py,5,7
flask,5963cb5a5172bce3a1ff7b0f8c64230f043c9cfd,bovarysme,2017-05-23 18:21:29,tests/conftest.py,10,9
flask,5963cb5a5172bce3a1ff7b0f8c64230f043c9cfd,bovarysme,2017-05-23 18:21:29,tests/test_ext.py,10,12
flask,668061a5fc928a5055815acf818b02baf1aef37b,Florian Sachs,2017-05-23 10:34:31,flask/app.py,10,1
flask,668061a5fc928a5055815acf818b02baf1aef37b,Florian Sachs,2017-05-23 10:34:31,tests/test_user_error_handler.py,24,1
flask,637eae548935ad1434459c1afac286c8686abeed,cerickson,2017-05-23 10:37:36,flask/app.py,13,20
flask,637eae548935ad1434459c1afac286c8686abeed,cerickson,2017-05-23 10:37:36,tests/test_user_error_handler.py,56,24
flask,4f815015b803a146ddc24a2dfadd9ed9b22d7de7,cerickson,2017-05-23 10:45:42,flask/app.py,13,20
flask,4f815015b803a146ddc24a2dfadd9ed9b22d7de7,cerickson,2017-05-23 10:45:42,tests/test_user_error_handler.py,56,24
flask,361dba7e3af06be8f81c7bdd5067c59e08df2df9,cerickson,2017-05-23 10:49:01,flask/app.py,0,2
flask,75f537fb87ea3d60465a82c5c221104bcceef1f2,kaveh,2017-05-23 11:51:13,flask/views.py,4,0
flask,75f537fb87ea3d60465a82c5c221104bcceef1f2,kaveh,2017-05-23 11:51:13,tests/test_views.py,37,0
flask,fe27d04cc196d65af17ac6cf67574fa61d5b4828,bovarysme,2017-05-23 22:22:16,examples/flaskr/tests/test_flaskr.py,1,1
flask,ae41df9a77ceab4469029b043e38333b8654e1da,Hendrik Makait,2017-05-23 13:48:42,flask/_compat.py,2,0
flask,ae41df9a77ceab4469029b043e38333b8654e1da,Hendrik Makait,2017-05-23 13:48:42,flask/cli.py,23,7
flask,ae41df9a77ceab4469029b043e38333b8654e1da,Hendrik Makait,2017-05-23 13:48:42,tests/test_cli.py,41,21
flask,5b0b9717da958fd6325c675d92be4f6667796112,Christian Stade-Schuldt,2017-05-23 15:18:39,tests/conftest.py,45,7
flask,5b0b9717da958fd6325c675d92be4f6667796112,Christian Stade-Schuldt,2017-05-23 15:18:39,tests/test_appctx.py,51,45
flask,5b0b9717da958fd6325c675d92be4f6667796112,Christian Stade-Schuldt,2017-05-23 15:18:39,tests/test_basic.py,207,280
flask,5b0b9717da958fd6325c675d92be4f6667796112,Christian Stade-Schuldt,2017-05-23 15:18:39,tests/test_blueprints.py,162,118
flask,5b0b9717da958fd6325c675d92be4f6667796112,Christian Stade-Schuldt,2017-05-23 15:18:39,tests/test_deprecations.py,4,9
flask,5b0b9717da958fd6325c675d92be4f6667796112,Christian Stade-Schuldt,2017-05-23 15:18:39,tests/test_helpers.py,292,323
flask,5b0b9717da958fd6325c675d92be4f6667796112,Christian Stade-Schuldt,2017-05-23 15:18:39,tests/test_regression.py,3,4
flask,5b0b9717da958fd6325c675d92be4f6667796112,Christian Stade-Schuldt,2017-05-23 15:18:39,tests/test_reqctx.py,29,22
flask,5b0b9717da958fd6325c675d92be4f6667796112,Christian Stade-Schuldt,2017-05-23 15:18:39,tests/test_templating.py,126,84
flask,5b0b9717da958fd6325c675d92be4f6667796112,Christian Stade-Schuldt,2017-05-23 15:18:39,tests/test_testing.py,49,47
flask,5b0b9717da958fd6325c675d92be4f6667796112,Christian Stade-Schuldt,2017-05-23 15:18:39,tests/test_user_error_handler.py,7,15
flask,5b0b9717da958fd6325c675d92be4f6667796112,Christian Stade-Schuldt,2017-05-23 15:18:39,tests/test_views.py,24,20
flask,d05862574f1ea19d99526ca893be2888389eab1c,Mark Shannon,2017-05-23 15:29:37,setup.py,1,1
flask,38df3df7357a152ae8e6fa8c596a7c9c595b2fc3,David Lord,2017-05-23 16:19:41,flask/cli.py,11,13
flask,3fce4898f84531142c6fa8ab34cf9dc4d0cc4e85,Randy Liou,2017-05-23 16:26:53,tests/test_blueprints.py,27,0
flask,c03a82713a8fe4d256a2d2cf1b1f3ab36d5a5916,Randy Liou,2017-05-23 16:42:14,tests/test_blueprints.py,10,18
flask,2eb28165a9f5610aba2dea24086a53ad89dc66ce,Rene A. Zelaya,2017-05-23 16:45:11,tests/test_reqctx.py,40,40
flask,d29dbe14cfc6737378ef01868b89ee154a777a48,Rene A. Zelaya,2017-05-23 16:51:50,tests/test_reqctx.py,3,3
flask,65b22926f7673b419a9da82f3213d7243c968af1,David Lord,2017-05-24 15:41:35,setup.py,1,1
flask,4ec1fbc9f52b4b3997a1978ab3390a5a1157ad6a,Christian Stade-Schuldt,2017-05-24 17:27:36,tests/test_basic.py,129,186
flask,4ec1fbc9f52b4b3997a1978ab3390a5a1157ad6a,Christian Stade-Schuldt,2017-05-24 17:27:36,tests/test_blueprints.py,8,0
flask,4ec1fbc9f52b4b3997a1978ab3390a5a1157ad6a,Christian Stade-Schuldt,2017-05-24 17:27:36,tests/test_cli.py,22,0
flask,4ec1fbc9f52b4b3997a1978ab3390a5a1157ad6a,Christian Stade-Schuldt,2017-05-24 17:27:36,tests/test_deprecations.py,0,2
flask,4ec1fbc9f52b4b3997a1978ab3390a5a1157ad6a,Christian Stade-Schuldt,2017-05-24 17:27:36,tests/test_helpers.py,8,20
flask,4ec1fbc9f52b4b3997a1978ab3390a5a1157ad6a,Christian Stade-Schuldt,2017-05-24 17:27:36,tests/test_regression.py,1,3
flask,4ec1fbc9f52b4b3997a1978ab3390a5a1157ad6a,Christian Stade-Schuldt,2017-05-24 17:27:36,tests/test_signals.py,8,4
flask,4ec1fbc9f52b4b3997a1978ab3390a5a1157ad6a,Christian Stade-Schuldt,2017-05-24 17:27:36,tests/test_templating.py,4,4
flask,4ec1fbc9f52b4b3997a1978ab3390a5a1157ad6a,Christian Stade-Schuldt,2017-05-24 17:27:36,tests/test_testing.py,38,46
flask,4ec1fbc9f52b4b3997a1978ab3390a5a1157ad6a,Christian Stade-Schuldt,2017-05-24 17:27:36,tests/test_views.py,16,22
flask,e7cd68ba58b78309a342fbce68f6ef1edef3e5e5,Nina Zakharenko,2017-05-24 20:05:11,flask/sessions.py,14,1
flask,e7cd68ba58b78309a342fbce68f6ef1edef3e5e5,Nina Zakharenko,2017-05-24 20:05:11,tests/test_basic.py,22,4
flask,7106fb63578deef49741096d3d5aa04db89e15ae,Hendrik Makait,2017-05-25 10:11:42,flask/cli.py,45,7
flask,7106fb63578deef49741096d3d5aa04db89e15ae,Hendrik Makait,2017-05-25 10:11:42,tests/test_apps/cliapp/factory.py,15,0
flask,7106fb63578deef49741096d3d5aa04db89e15ae,Hendrik Makait,2017-05-25 10:11:42,tests/test_cli.py,24,8
flask,7a1a594b2649890fca5d0e2a24db111046d68f39,Hendrik Makait,2017-05-25 10:11:42,flask/cli.py,24,17
flask,bdf31cd423a295de2f6956b2e8da1d8f26c91858,David Lord,2017-05-25 10:26:02,flask/helpers.py,14,0
flask,bdf31cd423a295de2f6956b2e8da1d8f26c91858,David Lord,2017-05-25 10:26:02,flask/sessions.py,9,20
flask,48c2925664e154711e97385cc197be8bbb59572d,Hendrik Makait,2017-05-25 11:28:20,flask/cli.py,60,59
flask,48c2925664e154711e97385cc197be8bbb59572d,Hendrik Makait,2017-05-25 11:28:20,tests/test_cli.py,6,0
flask,386ac92bdd4192450fdff833c7a0d7dbee73ef1e,Kenneth Reitz,2017-05-25 17:38:26,docs/conf.py,3,10
flask,e26cc8f9043946e7c9259699af9486dfe2148a53,Kenneth Reitz,2017-05-25 18:01:52,examples/flaskr/flaskr/_cliapp.py,0,15
flask,7c0b36f1467d2d8ea5fdc572d5edfce476a6eb89,Kenneth Reitz,2017-05-26 09:16:45,flask/cli.py,4,4
flask,11f463f1bdd218437694a0ea947c1647c14ad906,David Lord,2017-05-27 08:44:07,examples/flaskr/flaskr/factory.py,2,2
flask,6a8c8c34844334d62bf56258cb0390f5999074c7,David Lord,2017-05-27 12:47:44,examples/flaskr/flaskr/factory.py,1,1
flask,6a8c8c34844334d62bf56258cb0390f5999074c7,David Lord,2017-05-27 12:47:44,examples/minitwit/minitwit/minitwit.py,1,1
flask,6a8c8c34844334d62bf56258cb0390f5999074c7,David Lord,2017-05-27 12:47:44,examples/patterns/largerapp/yourapplication/__init__.py,2,2
flask,4f689c41d9d5aa1161b185de9bd7fb6d85b6cc25,Junior Báez,2017-05-27 18:02:18,flask/cli.py,5,2
flask,3c7625e8c0243fc7777031253e081b7140f57604,David Lord,2017-05-28 10:26:07,setup.py,11,2
flask,399ac3c54fff4cb9d5c4673ce98e409a562b5745,David Lord,2017-05-28 11:52:01,setup.py,1,0
flask,4a53840df00c3338e42afbf78811382a0d232484,David Lord,2017-05-28 14:08:53,flask/app.py,2,2
flask,4a53840df00c3338e42afbf78811382a0d232484,David Lord,2017-05-28 14:08:53,flask/sessions.py,2,2
flask,4a53840df00c3338e42afbf78811382a0d232484,David Lord,2017-05-28 14:08:53,flask/testing.py,2,2
flask,b8eba0a3fa940f85d43aa2a26bd31a75a446eb28,David Lord,2017-05-29 10:09:24,flask/helpers.py,0,14
flask,b8eba0a3fa940f85d43aa2a26bd31a75a446eb28,David Lord,2017-05-29 10:09:24,flask/sessions.py,1,2
flask,b8eba0a3fa940f85d43aa2a26bd31a75a446eb28,David Lord,2017-05-29 10:09:24,tests/test_basic.py,11,10
flask,b9c8c9bad124790ff0a8a9615d3d40a3b6fe2d83,David Lord,2017-05-29 13:35:02,flask/app.py,29,1
flask,b9c8c9bad124790ff0a8a9615d3d40a3b6fe2d83,David Lord,2017-05-29 13:35:02,flask/ctx.py,4,2
flask,b9c8c9bad124790ff0a8a9615d3d40a3b6fe2d83,David Lord,2017-05-29 13:35:02,flask/testing.py,4,3
flask,045dccaefbb2582c260e324aebaec425d355b725,David Lord,2017-05-29 19:08:25,flask/app.py,27,4
flask,045dccaefbb2582c260e324aebaec425d355b725,David Lord,2017-05-29 19:08:25,tests/test_helpers.py,2,0
flask,42905b8a55adf66a77b2b11797092a64b51d526e,David Lord,2017-05-29 19:41:07,flask/app.py,2,2
flask,42905b8a55adf66a77b2b11797092a64b51d526e,David Lord,2017-05-29 19:41:07,tests/test_basic.py,6,1
flask,8f3563cf79024056987864ad4229f03e6c1aec99,David Lord,2017-05-29 19:46:33,flask/app.py,1,1
flask,859d9a9d5c3da114132ec9f0e515e1fa8030f68f,David Lord,2017-05-31 18:04:08,flask/app.py,25,30
flask,859d9a9d5c3da114132ec9f0e515e1fa8030f68f,David Lord,2017-05-31 18:04:08,tests/test_basic.py,7,0
flask,5e1ced3c055f7eb567bf7266c98de3d44ceea1b4,David Lord,2017-06-01 22:47:23,flask/json/__init__.py,2,11
flask,5e1ced3c055f7eb567bf7266c98de3d44ceea1b4,David Lord,2017-06-01 22:47:23,flask/json/tag.py,188,0
flask,5e1ced3c055f7eb567bf7266c98de3d44ceea1b4,David Lord,2017-06-01 22:47:23,flask/sessions.py,8,129
flask,ca176cb903f9566be07e359791e364ce2fe0b1bc,David Lord,2017-06-02 06:36:13,flask/json/tag.py,133,68
flask,bbd15d53ad129a2ef984fdf4dca1d93f2d913803,David Lord,2017-06-02 07:03:22,flask/json/tag.py,19,16
flask,9bee2500dde2976befd7e88de5d403a26d7ad675,David Lord,2017-06-02 08:09:37,flask/json/tag.py,49,8
flask,daf85d3725516a17e474b143d6d67b95140db285,Grant Wu,2017-06-02 12:00:54,flask/wrappers.py,5,6
flask,fd8b95952c3891c402b18d1d35c6a2d263b8c6fb,David Lord,2017-06-02 10:01:30,tests/test_basic.py,22,25
flask,fd8b95952c3891c402b18d1d35c6a2d263b8c6fb,David Lord,2017-06-02 10:01:30,tests/test_json_tag.py,65,0
flask,217d5f9bc063ef8a605002648035c3e03c103a5f,David Lord,2017-06-02 10:17:40,flask/wrappers.py,12,10
flask,5978a0f55f8ffd723d552645d70ac92e4e1148e4,David Lord,2017-06-02 11:07:53,tests/test_helpers.py,14,0
flask,6637e201743225f8fc840d3b7cfcdae67f2895ef,David Lord,2017-06-02 11:12:18,flask/ctx.py,11,8
flask,e97253e4c1a0380f0b70108e8f984b0d9b87ac11,David Lord,2017-06-04 11:44:00,flask/testing.py,7,5
flask,e97253e4c1a0380f0b70108e8f984b0d9b87ac11,David Lord,2017-06-04 11:44:00,flask/wrappers.py,65,60
flask,e97253e4c1a0380f0b70108e8f984b0d9b87ac11,David Lord,2017-06-04 11:44:00,tests/test_testing.py,1,1
flask,fa7e8d6073052adc5ba69702db4dec6571ef0bfd,David Lord,2017-06-04 12:26:21,flask/cli.py,10,10
flask,12c45f06a5e0c2303977ce91abc3614b4b00556f,David Lord,2017-06-04 12:38:10,flask/cli.py,1,1
flask,16396248b829c61806ba65840aa70e0a3d8b3c8c,Grey Li,2017-06-05 16:11:16,setup.py,1,1
flask,5c12acefbb90d4328f896633b636c8e05d87a0dd,David Lord,2017-06-05 06:14:13,tests/test_basic.py,33,0
flask,b5f4c5215022a01823675038bc246dd1d771a543,David Lord,2017-06-05 06:24:08,flask/app.py,11,15
flask,235c830759beca55a9d141c689f2a8c88a19f3d2,David Lord,2017-06-06 07:51:52,flask/app.py,15,0
flask,235c830759beca55a9d141c689f2a8c88a19f3d2,David Lord,2017-06-06 07:51:52,flask/blueprints.py,15,0
flask,235c830759beca55a9d141c689f2a8c88a19f3d2,David Lord,2017-06-06 07:51:52,flask/helpers.py,26,13
flask,cf425403c8ff24623812a46272dc91f712ed5086,grahamlutz,2017-06-10 14:53:40,flask/app.py,1,1
flask,0f7b3a4f26dfbbe453a504abd4a8bcbf49194d46,David Lord,2017-06-14 07:16:55,flask/app.py,26,7
flask,0f7b3a4f26dfbbe453a504abd4a8bcbf49194d46,David Lord,2017-06-14 07:16:55,flask/blueprints.py,15,8
flask,fe1bf3c8213c56e045ead8afa84773f181b3dab6,David Lord,2017-06-14 07:26:48,flask/app.py,2,3
flask,4fc48200a58907ffdf136961b84ef7d19192e6ef,David Lord,2017-06-14 12:08:25,flask/app.py,50,9
flask,4fc48200a58907ffdf136961b84ef7d19192e6ef,David Lord,2017-06-14 12:08:25,flask/cli.py,7,1
flask,d75d83defdbcc2e498f816b5cd20dcc24a1b7138,Eugene M. Kim,2017-06-14 12:22:09,tests/test_helpers.py,10,0
flask,4d2a3ab2e07e36b56d09e16f0836dbd0bdd7b34c,David Lord,2017-06-14 12:31:56,tests/test_templating.py,7,7
flask,d41e2e6a5db3211ecd3c3f3f55934474406ffac2,Eugene M. Kim,2017-06-14 12:40:53,flask/json/__init__.py,3,1
flask,0e6cab357690614791ab4ca0da0ac65dbb803041,Eugene M. Kim,2017-06-14 13:06:26,tests/test_helpers.py,7,8
flask,eb9618347c680a038e2e6310228d85a53b080f93,Eugene M. Kim,2017-06-14 13:57:40,tests/test_helpers.py,8,7
flask,34050630d67918dc8614b8ead8c683e66e4ececc,Eugene M. Kim,2017-06-14 14:08:42,tests/test_helpers.py,7,1
flask,f80376027571ba5190ab6cf1411dd1dd9bb9c65e,Eugene M. Kim,2017-06-14 14:14:18,tests/test_helpers.py,7,14
flask,63ccdada1b9ddc69f97b00de1ac343894c1d8420,Eugene M. Kim,2017-06-14 14:23:13,tests/test_helpers.py,23,2
flask,7c40aa9e50d97b7c412745a53c8cdc2597c46680,Miguel Grinberg,2017-06-15 11:27:50,flask/cli.py,20,9
flask,7c40aa9e50d97b7c412745a53c8cdc2597c46680,Miguel Grinberg,2017-06-15 11:27:50,tests/test_apps/helloworld/hello.py,6,0
flask,7c40aa9e50d97b7c412745a53c8cdc2597c46680,Miguel Grinberg,2017-06-15 11:27:50,tests/test_apps/helloworld/wsgi.py,1,0
flask,7c40aa9e50d97b7c412745a53c8cdc2597c46680,Miguel Grinberg,2017-06-15 11:27:50,tests/test_cli.py,21,1
flask,448368e226c8edd1077cf8e5a12ddaa9222b8ec9,David Lord,2017-06-16 06:59:37,flask/cli.py,21,9
flask,448368e226c8edd1077cf8e5a12ddaa9222b8ec9,David Lord,2017-06-16 06:59:37,tests/test_cli.py,10,8
flask,75327c0a8500ca2e90e974dfda2ab8e170de65ff,John Moutafis,2017-06-23 17:53:38,flask/app.py,0,9
flask,e9386a72738bfc77cbfbce6c648f8b638dd7b836,John Moutafis,2017-06-26 11:48:29,flask/app.py,0,12
flask,9491bf8695be9b24036b3d966d9c43b46f0ddc23,David Lord,2017-06-26 07:39:35,flask/app.py,1,16
flask,d63c2bc4178b0a371ee53c9d94b73c7be3174c9d,David Lord,2017-06-26 07:45:29,flask/app.py,30,18
flask,d63c2bc4178b0a371ee53c9d94b73c7be3174c9d,David Lord,2017-06-26 07:45:29,tests/test_basic.py,0,13
flask,723e6650048bc8097da20b23ebddcd4c0ad6bc61,David Lord,2017-06-26 07:46:33,flask/helpers.py,19,19
flask,723e6650048bc8097da20b23ebddcd4c0ad6bc61,David Lord,2017-06-26 07:46:33,flask/wrappers.py,0,17
flask,723e6650048bc8097da20b23ebddcd4c0ad6bc61,David Lord,2017-06-26 07:46:33,tests/test_deprecations.py,0,13
flask,715a9a3e7bd65421c36428ba9d4a1ee06b98bbc1,David Lord,2017-06-26 08:47:28,flask/ext/__init__.py,0,29
flask,715a9a3e7bd65421c36428ba9d4a1ee06b98bbc1,David Lord,2017-06-26 08:47:28,flask/exthook.py,0,143
flask,715a9a3e7bd65421c36428ba9d4a1ee06b98bbc1,David Lord,2017-06-26 08:47:28,scripts/flaskext_compat.py,0,125
flask,715a9a3e7bd65421c36428ba9d4a1ee06b98bbc1,David Lord,2017-06-26 08:47:28,setup.py,1,1
flask,715a9a3e7bd65421c36428ba9d4a1ee06b98bbc1,David Lord,2017-06-26 08:47:28,tests/test_ext.py,0,197
flask,e0cd80c6bff0d5ca3720f2f8dcac21274827caa5,David Lord,2017-06-26 09:22:03,scripts/flask-07-upgrade.py,0,298
flask,5bc0d15359b73afcb324eb696f9caeb362efa7cc,David Lord,2017-06-26 09:34:26,flask/wrappers.py,0,8
flask,5bc0d15359b73afcb324eb696f9caeb362efa7cc,David Lord,2017-06-26 09:34:26,tests/test_deprecations.py,0,26
flask,4f30cb7c57c4b5d74ba98953f59670a647623f7a,Miguel Grinberg,2017-06-27 07:27:10,flask/cli.py,4,3
flask,465922e5f1cb76cf669a38afe25facde2176b9f0,David Lord,2017-06-28 07:58:06,examples/flaskr/flaskr/factory.py,1,1
flask,465922e5f1cb76cf669a38afe25facde2176b9f0,David Lord,2017-06-28 07:58:06,examples/minitwit/minitwit/minitwit.py,1,1
flask,465922e5f1cb76cf669a38afe25facde2176b9f0,David Lord,2017-06-28 07:58:06,flask/app.py,2,2
flask,465922e5f1cb76cf669a38afe25facde2176b9f0,David Lord,2017-06-28 07:58:06,tests/conftest.py,1,6
flask,465922e5f1cb76cf669a38afe25facde2176b9f0,David Lord,2017-06-28 07:58:06,tests/test_basic.py,2,22
flask,465922e5f1cb76cf669a38afe25facde2176b9f0,David Lord,2017-06-28 07:58:06,tests/test_config.py,7,6
flask,465922e5f1cb76cf669a38afe25facde2176b9f0,David Lord,2017-06-28 07:58:06,tests/test_signals.py,1,4
flask,465922e5f1cb76cf669a38afe25facde2176b9f0,David Lord,2017-06-28 07:58:06,tests/test_templating.py,0,2
flask,465922e5f1cb76cf669a38afe25facde2176b9f0,David Lord,2017-06-28 07:58:06,tests/test_testing.py,0,6
flask,5909e26fba86351063bd622cedf6a4c25eba2e79,William Horton,2017-06-30 17:28:48,tests/test_basic.py,0,1
flask,a417e41d27cc14a0fe74dc49840b8921aeed70b6,Bijan Vakili,2017-07-07 17:34:44,flask/app.py,4,2
flask,a417e41d27cc14a0fe74dc49840b8921aeed70b6,Bijan Vakili,2017-07-07 17:34:44,tests/test_appctx.py,52,1
flask,9560f22bb65d7c06d10ea3dfe3d7a81a73f68af2,David Lord,2017-07-10 07:10:47,flask/app.py,2,2
flask,9560f22bb65d7c06d10ea3dfe3d7a81a73f68af2,David Lord,2017-07-10 07:10:47,tests/test_appctx.py,6,14
flask,59f7966e3192bcf478a213ba0aa9cd3bda7da4e4,David Lord,2017-07-13 08:42:53,flask/testing.py,31,9
flask,59f7966e3192bcf478a213ba0aa9cd3bda7da4e4,David Lord,2017-07-13 08:42:53,tests/test_testing.py,18,0
flask,fb845b90328278f4a557f898024a53800752fd53,David Lord,2017-07-14 19:49:05,flask/cli.py,50,79
flask,fb845b90328278f4a557f898024a53800752fd53,David Lord,2017-07-14 19:49:05,tests/test_apps/cliapp/factory.py,4,4
flask,fb845b90328278f4a557f898024a53800752fd53,David Lord,2017-07-14 19:49:05,tests/test_apps/cliapp/inner1/__init__.py,3,0
flask,fb845b90328278f4a557f898024a53800752fd53,David Lord,2017-07-14 19:49:05,tests/test_apps/cliapp/inner1/inner2/__init__.py,0,0
flask,fb845b90328278f4a557f898024a53800752fd53,David Lord,2017-07-14 19:49:05,tests/test_apps/cliapp/inner1/inner2/flask.py,3,0
flask,fb845b90328278f4a557f898024a53800752fd53,David Lord,2017-07-14 19:49:05,tests/test_cli.py,98,72
flask,491d331e6e0a7915c9e6d9b3287688ac7a3f56ca,David Lord,2017-07-16 13:37:51,flask/app.py,27,15
flask,491d331e6e0a7915c9e6d9b3287688ac7a3f56ca,David Lord,2017-07-16 13:37:51,flask/cli.py,86,15
flask,491d331e6e0a7915c9e6d9b3287688ac7a3f56ca,David Lord,2017-07-16 13:37:51,setup.py,2,0
flask,491d331e6e0a7915c9e6d9b3287688ac7a3f56ca,David Lord,2017-07-16 13:37:51,tests/test_cli.py,65,8
flask,241673fd153bad011c3fbbb41580450f39874cad,Igor Kasianov,2017-07-27 14:50:27,flask/testing.py,2,2
flask,a89bdb3395b22c963456d1fcdebbd77c5c6f618c,David Lord,2017-07-29 13:03:08,flask/testing.py,6,4
flask,a89bdb3395b22c963456d1fcdebbd77c5c6f618c,David Lord,2017-07-29 13:03:08,tests/test_testing.py,8,0
flask,66b1b752da1ccc67c1073d4a99c4141a1b2be445,David Lord,2017-07-31 12:49:03,flask/app.py,21,35
flask,66b1b752da1ccc67c1073d4a99c4141a1b2be445,David Lord,2017-07-31 12:49:03,flask/logging.py,50,75
flask,66b1b752da1ccc67c1073d4a99c4141a1b2be445,David Lord,2017-07-31 12:49:03,tests/test_basic.py,28,5
flask,66b1b752da1ccc67c1073d4a99c4141a1b2be445,David Lord,2017-07-31 12:49:03,tests/test_helpers.py,8,96
flask,66b1b752da1ccc67c1073d4a99c4141a1b2be445,David Lord,2017-07-31 12:49:03,tests/test_logging.py,91,0
flask,66b1b752da1ccc67c1073d4a99c4141a1b2be445,David Lord,2017-07-31 12:49:03,tests/test_subclassing.py,4,8
flask,66b1b752da1ccc67c1073d4a99c4141a1b2be445,David Lord,2017-07-31 12:49:03,tests/test_templating.py,10,14
flask,66b1b752da1ccc67c1073d4a99c4141a1b2be445,David Lord,2017-07-31 12:49:03,tests/test_testing.py,0,1
flask,97ad0859128a1e6f2ec3efb9efc46c7c40646318,David Lord,2017-08-01 08:47:56,docs/conf.py,2,1
flask,392989aaa7f6f5e90a623845cb859451b207ca93,hallazzang,2017-08-06 09:06:19,setup.py,2,2
flask,5888d76342ef6005af20c0b9a42426d17118570e,Chuan Ma,2017-08-14 10:25:24,tests/conftest.py,1,1
flask,851ca95778ded1b4b97fa92ddd45ab5b43fdcd90,Grey Li,2017-09-23 22:26:48,flask/helpers.py,1,1
flask,0a1090890f8425a69e5b004aceb04fd7527b8e35,Henry Chladil,2017-10-07 19:52:44,flask/wrappers.py,4,0
flask,2f57a0b917478a028859b9d036b59cf1bba6cad2,Caratpine,2017-10-09 08:12:34,flask/blueprints.py,2,0
flask,2f57a0b917478a028859b9d036b59cf1bba6cad2,Caratpine,2017-10-09 08:12:34,tests/test_blueprints.py,9,0
flask,5436dddf64f0103088c4ca212f16efa40c88766a,David Lord,2017-10-10 07:04:53,flask/cli.py,71,56
flask,5436dddf64f0103088c4ca212f16efa40c88766a,David Lord,2017-10-10 07:04:53,tests/test_apps/cliapp/factory.py,4,0
flask,5436dddf64f0103088c4ca212f16efa40c88766a,David Lord,2017-10-10 07:04:53,tests/test_cli.py,6,2
flask,9bc329c0c9dcdb5a3a6919f31542b6e7453d8aa8,David Lord,2017-10-10 11:10:20,flask/cli.py,22,20
flask,e3c853e60401bccf1564bee19dda7a3b41602ff9,Roy Crihfield,2017-10-24 08:10:12,flask/cli.py,1,1
flask,c23a63a185104b4dc39fe53d82254059c5ff4727,Armin Ronacher,2017-11-25 00:05:57,flask/cli.py,10,0
flask,c23a63a185104b4dc39fe53d82254059c5ff4727,Armin Ronacher,2017-11-25 00:05:57,tests/test_cli.py,7,0
flask,2ef2000a39541d8424f3163ef5feeabacc81e681,Armin Ronacher,2017-11-25 00:17:09,flask/cli.py,1,1
flask,1a2dc6f205003cd2307b33927b8628a3d97b7ce6,Armin Ronacher,2017-11-25 00:18:10,flask/cli.py,3,1
flask,c52e1b7388c17466a551391cdf81964bf0b7aef0,ThiefMaster,2017-11-25 00:37:49,flask/helpers.py,2,1
flask,c52e1b7388c17466a551391cdf81964bf0b7aef0,ThiefMaster,2017-11-25 00:37:49,tests/test_helpers.py,20,1
flask,777cc17de34622a7f8324a3ce42fbc589d86476b,Adrian Moennich,2017-11-25 00:53:43,tests/test_helpers.py,4,0
flask,e30c39fe78cb8d3fe8379f032b66f7719b2e99c5,Camilo,2017-12-14 01:55:22,tests/test_logging.py,6,0
flask,33fa58094701d5b1edbf13ddfe7c93b4c5821b63,Camilo,2017-12-14 09:40:34,tests/test_logging.py,2,1
flask,604cc758fb6601782745572452715fc295dda011,David Lord,2017-12-14 12:20:03,tests/test_logging.py,5,5
flask,f7983ae96a5da9c7763ebd65947fb6032e2df36c,David Lord,2018-01-03 13:06:14,flask/json/__init__.py,1,1
flask,0a339545551b5303fb2750e6e5b0e72acbea60d4,David Lord,2018-01-04 12:56:18,flask/sessions.py,37,26
flask,0a339545551b5303fb2750e6e5b0e72acbea60d4,David Lord,2018-01-04 12:56:18,tests/test_basic.py,10,1
flask,06f96df67e291caeaeb09ad296aa368c80cc1a58,David Lord,2018-01-05 07:40:51,flask/config.py,3,1
flask,ffca68fc86718b133668f341ddd8c2635d7e29ec,David Lord,2018-01-05 12:36:01,examples/flaskr/tests/test_flaskr.py,8,16
flask,333865ea34acefbca565170881ff403fd7840d57,David Lord,2018-01-05 13:27:31,flask/helpers.py,10,2
flask,22e072379b9fcffd229cdd239dd3ff5ed4eed571,Hsiaoming Yang,2018-01-06 10:49:01,flask/helpers.py,2,11
flask,22e072379b9fcffd229cdd239dd3ff5ed4eed571,Hsiaoming Yang,2018-01-06 10:49:01,flask/testing.py,1,5
flask,60eecb547d8af9916c55163c7356999ca2d5ffb9,Hsiaoming Yang,2018-01-06 10:49:50,setup.py,0,2
flask,2433522d2967b8a5e46f16de587a8fac5088a47c,Armin Ronacher,2018-01-06 17:07:56,flask/app.py,41,32
flask,2433522d2967b8a5e46f16de587a8fac5088a47c,Armin Ronacher,2018-01-06 17:07:56,flask/cli.py,18,11
flask,2433522d2967b8a5e46f16de587a8fac5088a47c,Armin Ronacher,2018-01-06 17:07:56,flask/helpers.py,12,2
flask,2433522d2967b8a5e46f16de587a8fac5088a47c,Armin Ronacher,2018-01-06 17:07:56,tests/test_helpers.py,14,3
flask,3738f7ff99661fa0319ebe2d8228ad8c479fb46a,David Lord,2018-01-10 12:02:13,flask/app.py,22,5
flask,3738f7ff99661fa0319ebe2d8228ad8c479fb46a,David Lord,2018-01-10 12:02:13,flask/cli.py,36,34
flask,8bdf820e9b9c166883ef9717e127ba46ebe43cae,David Lord,2018-01-10 13:53:45,tests/conftest.py,39,3
flask,8bdf820e9b9c166883ef9717e127ba46ebe43cae,David Lord,2018-01-10 13:53:45,tests/test_cli.py,4,15
flask,87c2e121e0bf32f5234eabbf4773a82f9d5523d2,David Lord,2018-01-10 15:46:11,flask/app.py,23,20
flask,87c2e121e0bf32f5234eabbf4773a82f9d5523d2,David Lord,2018-01-10 15:46:11,flask/helpers.py,13,8
flask,a1d9ebe4abebdb824aa9a397b001de5f9130e7a3,Fadhel_Chaabane,2018-01-23 13:57:50,flask/app.py,1,0
flask,a1d9ebe4abebdb824aa9a397b001de5f9130e7a3,Fadhel_Chaabane,2018-01-23 13:57:50,flask/sessions.py,10,1
flask,a1d9ebe4abebdb824aa9a397b001de5f9130e7a3,Fadhel_Chaabane,2018-01-23 13:57:50,tests/test_basic.py,38,0
flask,2beedabaafb16f2ba255c54c0875beb0d43664fd,David Lord,2018-01-23 10:03:53,flask/cli.py,93,6
flask,2beedabaafb16f2ba255c54c0875beb0d43664fd,David Lord,2018-01-23 10:03:53,tests/test_cli.py,63,2
flask,382b13581ed44e0bc740968353bb5a25945bafdf,David Lord,2018-01-23 15:11:50,flask/sessions.py,3,3
flask,382b13581ed44e0bc740968353bb5a25945bafdf,David Lord,2018-01-23 15:11:50,tests/test_basic.py,8,17
flask,0570393bc471d72eca128ded5edc868f13a87b0a,Grey Li,2018-01-23 15:17:35,flask/cli.py,3,3
flask,213afec771a92e20516e5ea468bdd2186915f186,David Lord,2018-01-23 15:34:52,scripts/make-release.py,1,1
flask,2cba0d77eef983b605bf2f5c85a9d02fe212eda0,David Lord,2018-01-28 11:20:42,flask/cli.py,27,10
flask,af32ea0b9449a2f4aeb858f546cdfea7254342fb,David Lord,2018-02-06 08:03:09,flask/helpers.py,7,12
flask,af32ea0b9449a2f4aeb858f546cdfea7254342fb,David Lord,2018-02-06 08:03:09,setup.py,15,14
flask,9bf5c3b3a3bdc3f2f2dcca2b5747378470d0d354,David Lord,2018-02-08 12:43:22,scripts/flaskext_tester.py,0,309
flask,9bf5c3b3a3bdc3f2f2dcca2b5747378470d0d354,David Lord,2018-02-08 12:43:22,scripts/make-release.py,50,32
flask,9bf5c3b3a3bdc3f2f2dcca2b5747378470d0d354,David Lord,2018-02-08 12:43:22,setup.py,9,55
flask,310fbfcf64f40f237068fddbbbe45315f9935eca,David Lord,2018-02-08 12:43:30,docs/conf.py,16,0
flask,310fbfcf64f40f237068fddbbbe45315f9935eca,David Lord,2018-02-08 12:43:30,examples/blueprintexample/blueprintexample.py,9,0
flask,310fbfcf64f40f237068fddbbbe45315f9935eca,David Lord,2018-02-08 12:43:30,examples/blueprintexample/test_blueprintexample.py,5,3
flask,310fbfcf64f40f237068fddbbbe45315f9935eca,David Lord,2018-02-08 12:43:30,examples/flaskr/flaskr/blueprints/flaskr.py,1,1
flask,310fbfcf64f40f237068fddbbbe45315f9935eca,David Lord,2018-02-08 12:43:30,examples/flaskr/flaskr/factory.py,1,1
flask,310fbfcf64f40f237068fddbbbe45315f9935eca,David Lord,2018-02-08 12:43:30,examples/flaskr/setup.py,1,1
flask,310fbfcf64f40f237068fddbbbe45315f9935eca,David Lord,2018-02-08 12:43:30,examples/flaskr/tests/test_flaskr.py,1,1
flask,310fbfcf64f40f237068fddbbbe45315f9935eca,David Lord,2018-02-08 12:43:30,examples/jqueryexample/jqueryexample.py,2,1
flask,310fbfcf64f40f237068fddbbbe45315f9935eca,David Lord,2018-02-08 12:43:30,examples/minitwit/minitwit/minitwit.py,1,1
flask,310fbfcf64f40f237068fddbbbe45315f9935eca,David Lord,2018-02-08 12:43:30,examples/minitwit/tests/test_minitwit.py,2,1
flask,310fbfcf64f40f237068fddbbbe45315f9935eca,David Lord,2018-02-08 12:43:30,examples/patterns/largerapp/tests/test_largerapp.py,10,1
flask,310fbfcf64f40f237068fddbbbe45315f9935eca,David Lord,2018-02-08 12:43:30,examples/patterns/largerapp/yourapplication/__init__.py,9,0
flask,310fbfcf64f40f237068fddbbbe45315f9935eca,David Lord,2018-02-08 12:43:30,examples/patterns/largerapp/yourapplication/views.py,10,1
flask,310fbfcf64f40f237068fddbbbe45315f9935eca,David Lord,2018-02-08 12:43:30,flask/__init__.py,1,1
flask,310fbfcf64f40f237068fddbbbe45315f9935eca,David Lord,2018-02-08 12:43:30,flask/__main__.py,1,2
flask,310fbfcf64f40f237068fddbbbe45315f9935eca,David Lord,2018-02-08 12:43:30,flask/_compat.py,2,1
flask,310fbfcf64f40f237068fddbbbe45315f9935eca,David Lord,2018-02-08 12:43:30,flask/app.py,2,1
flask,310fbfcf64f40f237068fddbbbe45315f9935eca,David Lord,2018-02-08 12:43:30,flask/blueprints.py,2,1
flask,310fbfcf64f40f237068fddbbbe45315f9935eca,David Lord,2018-02-08 12:43:30,flask/cli.py,2,1
flask,310fbfcf64f40f237068fddbbbe45315f9935eca,David Lord,2018-02-08 12:43:30,flask/config.py,1,1
flask,310fbfcf64f40f237068fddbbbe45315f9935eca,David Lord,2018-02-08 12:43:30,flask/ctx.py,1,1
flask,310fbfcf64f40f237068fddbbbe45315f9935eca,David Lord,2018-02-08 12:43:30,flask/debughelpers.py,2,1
flask,310fbfcf64f40f237068fddbbbe45315f9935eca,David Lord,2018-02-08 12:43:30,flask/globals.py,1,1
flask,310fbfcf64f40f237068fddbbbe45315f9935eca,David Lord,2018-02-08 12:43:30,flask/helpers.py,1,1
flask,310fbfcf64f40f237068fddbbbe45315f9935eca,David Lord,2018-02-08 12:43:30,flask/json/__init__.py,8,0
flask,310fbfcf64f40f237068fddbbbe45315f9935eca,David Lord,2018-02-08 12:43:30,flask/json/tag.py,3,0
flask,310fbfcf64f40f237068fddbbbe45315f9935eca,David Lord,2018-02-08 12:43:30,flask/logging.py,9,0
flask,310fbfcf64f40f237068fddbbbe45315f9935eca,David Lord,2018-02-08 12:43:30,flask/sessions.py,2,1
flask,310fbfcf64f40f237068fddbbbe45315f9935eca,David Lord,2018-02-08 12:43:30,flask/signals.py,2,1
flask,310fbfcf64f40f237068fddbbbe45315f9935eca,David Lord,2018-02-08 12:43:30,flask/templating.py,2,1
flask,310fbfcf64f40f237068fddbbbe45315f9935eca,David Lord,2018-02-08 12:43:30,flask/testing.py,1,1
flask,310fbfcf64f40f237068fddbbbe45315f9935eca,David Lord,2018-02-08 12:43:30,flask/views.py,2,1
flask,310fbfcf64f40f237068fddbbbe45315f9935eca,David Lord,2018-02-08 12:43:30,flask/wrappers.py,3,2
flask,310fbfcf64f40f237068fddbbbe45315f9935eca,David Lord,2018-02-08 12:43:30,setup.py,3,0
flask,310fbfcf64f40f237068fddbbbe45315f9935eca,David Lord,2018-02-08 12:43:30,tests/conftest.py,2,1
flask,310fbfcf64f40f237068fddbbbe45315f9935eca,David Lord,2018-02-08 12:43:30,tests/test_appctx.py,1,1
flask,310fbfcf64f40f237068fddbbbe45315f9935eca,David Lord,2018-02-08 12:43:30,tests/test_basic.py,1,1
flask,310fbfcf64f40f237068fddbbbe45315f9935eca,David Lord,2018-02-08 12:43:30,tests/test_blueprints.py,1,1
flask,310fbfcf64f40f237068fddbbbe45315f9935eca,David Lord,2018-02-08 12:43:30,tests/test_cli.py,5,6
flask,310fbfcf64f40f237068fddbbbe45315f9935eca,David Lord,2018-02-08 12:43:30,tests/test_config.py,1,2
flask,310fbfcf64f40f237068fddbbbe45315f9935eca,David Lord,2018-02-08 12:43:30,tests/test_helpers.py,1,1
flask,310fbfcf64f40f237068fddbbbe45315f9935eca,David Lord,2018-02-08 12:43:30,tests/test_instance_config.py,2,1
flask,310fbfcf64f40f237068fddbbbe45315f9935eca,David Lord,2018-02-08 12:43:30,tests/test_json_tag.py,9,0
flask,310fbfcf64f40f237068fddbbbe45315f9935eca,David Lord,2018-02-08 12:43:30,tests/test_logging.py,9,0
flask,310fbfcf64f40f237068fddbbbe45315f9935eca,David Lord,2018-02-08 12:43:30,tests/test_regression.py,1,1
flask,310fbfcf64f40f237068fddbbbe45315f9935eca,David Lord,2018-02-08 12:43:30,tests/test_reqctx.py,1,1
flask,310fbfcf64f40f237068fddbbbe45315f9935eca,David Lord,2018-02-08 12:43:30,tests/test_signals.py,1,1
flask,310fbfcf64f40f237068fddbbbe45315f9935eca,David Lord,2018-02-08 12:43:30,tests/test_subclassing.py,1,1
flask,310fbfcf64f40f237068fddbbbe45315f9935eca,David Lord,2018-02-08 12:43:30,tests/test_templating.py,1,1
flask,310fbfcf64f40f237068fddbbbe45315f9935eca,David Lord,2018-02-08 12:43:30,tests/test_testing.py,2,1
flask,310fbfcf64f40f237068fddbbbe45315f9935eca,David Lord,2018-02-08 12:43:30,tests/test_user_error_handler.py,8,0
flask,310fbfcf64f40f237068fddbbbe45315f9935eca,David Lord,2018-02-08 12:43:30,tests/test_views.py,1,1
flask,575021c07be6b168ca4c3664ea484248c9ffe960,Josh Holland,2018-02-12 22:26:02,flask/app.py,2,2
flask,cf5525f98a2a9a15f6bb93b050dfd43f2bd90d97,David Lord,2018-02-19 15:34:46,flask/app.py,25,0
flask,cf5525f98a2a9a15f6bb93b050dfd43f2bd90d97,David Lord,2018-02-19 15:34:46,flask/testing.py,36,0
flask,cf5525f98a2a9a15f6bb93b050dfd43f2bd90d97,David Lord,2018-02-19 15:34:46,tests/test_testing.py,47,2
flask,8cec2010c0564bbd6e1f9cd8881404f70178247f,Armin Ronacher,2018-02-23 07:53:27,flask/app.py,15,1
flask,8cec2010c0564bbd6e1f9cd8881404f70178247f,Armin Ronacher,2018-02-23 07:53:27,tests/test_basic.py,29,4
flask,8cec2010c0564bbd6e1f9cd8881404f70178247f,Armin Ronacher,2018-02-23 07:53:27,tests/test_testing.py,6,2
flask,82f0d120deb9ea52237d95a14a4a619b01d06f80,David Lord,2018-02-23 08:39:31,flask/app.py,28,22
flask,82f0d120deb9ea52237d95a14a4a619b01d06f80,David Lord,2018-02-23 08:39:31,tests/test_basic.py,15,13
flask,0887245bfde8e5d65cc3d807dc574a0a07511eb4,zcchen,2018-02-23 15:47:06,flask/blueprints.py,2,0
flask,401423df063e82bdac25c5b94ed4edc33e05de5e,David Lord,2018-02-23 15:47:06,flask/blueprints.py,3,3
flask,401423df063e82bdac25c5b94ed4edc33e05de5e,David Lord,2018-02-23 15:47:06,tests/test_blueprints.py,14,1
flask,5f42989ce31e90b8de9d733109c7e285de8237c7,David Lord,2018-02-28 06:50:49,tests/conftest.py,1,1
flask,5f42989ce31e90b8de9d733109c7e285de8237c7,David Lord,2018-02-28 06:50:49,tests/test_appctx.py,1,1
flask,08e61ea200d04326f8f40a3130ef613f84cd854d,Hsiaoming Yang,2018-03-23 00:04:05,flask/cli.py,5,0
flask,2411707492d59eff68a3cf6d306eed91fceb6344,David Lord,2018-04-09 00:02:38,flask/app.py,105,58
flask,2411707492d59eff68a3cf6d306eed91fceb6344,David Lord,2018-04-09 00:02:38,flask/ctx.py,43,1
flask,2411707492d59eff68a3cf6d306eed91fceb6344,David Lord,2018-04-09 00:02:38,flask/globals.py,2,2
flask,2411707492d59eff68a3cf6d306eed91fceb6344,David Lord,2018-04-09 00:02:38,flask/testing.py,20,1
flask,c3dd7b8e4c9e322c413f4a49e5d15aceafd17c2d,David Lord,2018-04-09 00:53:25,docs/conf.py,35,4
flask,c3dd7b8e4c9e322c413f4a49e5d15aceafd17c2d,David Lord,2018-04-09 00:53:25,examples/blueprintexample/blueprintexample.py,0,19
flask,c3dd7b8e4c9e322c413f4a49e5d15aceafd17c2d,David Lord,2018-04-09 00:53:25,examples/blueprintexample/simple_page/__init__.py,0,0
flask,c3dd7b8e4c9e322c413f4a49e5d15aceafd17c2d,David Lord,2018-04-09 00:53:25,examples/blueprintexample/simple_page/simple_page.py,0,13
flask,c3dd7b8e4c9e322c413f4a49e5d15aceafd17c2d,David Lord,2018-04-09 00:53:25,examples/blueprintexample/test_blueprintexample.py,0,35
flask,c3dd7b8e4c9e322c413f4a49e5d15aceafd17c2d,David Lord,2018-04-09 00:53:25,examples/flaskr/flaskr/__init__.py,0,0
flask,c3dd7b8e4c9e322c413f4a49e5d15aceafd17c2d,David Lord,2018-04-09 00:53:25,examples/flaskr/flaskr/blueprints/__init__.py,0,0
flask,c3dd7b8e4c9e322c413f4a49e5d15aceafd17c2d,David Lord,2018-04-09 00:53:25,examples/flaskr/flaskr/blueprints/flaskr.py,0,85
flask,c3dd7b8e4c9e322c413f4a49e5d15aceafd17c2d,David Lord,2018-04-09 00:53:25,examples/flaskr/flaskr/factory.py,0,64
flask,c3dd7b8e4c9e322c413f4a49e5d15aceafd17c2d,David Lord,2018-04-09 00:53:25,examples/flaskr/setup.py,0,27
flask,c3dd7b8e4c9e322c413f4a49e5d15aceafd17c2d,David Lord,2018-04-09 00:53:25,examples/flaskr/tests/test_flaskr.py,0,83
flask,c3dd7b8e4c9e322c413f4a49e5d15aceafd17c2d,David Lord,2018-04-09 00:53:25,examples/jqueryexample/jqueryexample.py,0,29
flask,c3dd7b8e4c9e322c413f4a49e5d15aceafd17c2d,David Lord,2018-04-09 00:53:25,examples/minitwit/minitwit/__init__.py,0,1
flask,c3dd7b8e4c9e322c413f4a49e5d15aceafd17c2d,David Lord,2018-04-09 00:53:25,examples/minitwit/minitwit/minitwit.py,0,256
flask,c3dd7b8e4c9e322c413f4a49e5d15aceafd17c2d,David Lord,2018-04-09 00:53:25,examples/minitwit/setup.py,0,16
flask,c3dd7b8e4c9e322c413f4a49e5d15aceafd17c2d,David Lord,2018-04-09 00:53:25,examples/minitwit/tests/test_minitwit.py,0,150
flask,c3dd7b8e4c9e322c413f4a49e5d15aceafd17c2d,David Lord,2018-04-09 00:53:25,examples/patterns/largerapp/setup.py,0,10
flask,c3dd7b8e4c9e322c413f4a49e5d15aceafd17c2d,David Lord,2018-04-09 00:53:25,examples/patterns/largerapp/tests/test_largerapp.py,0,21
flask,c3dd7b8e4c9e322c413f4a49e5d15aceafd17c2d,David Lord,2018-04-09 00:53:25,examples/patterns/largerapp/yourapplication/__init__.py,0,13
flask,c3dd7b8e4c9e322c413f4a49e5d15aceafd17c2d,David Lord,2018-04-09 00:53:25,examples/patterns/largerapp/yourapplication/views.py,0,14
flask,c3dd7b8e4c9e322c413f4a49e5d15aceafd17c2d,David Lord,2018-04-09 00:53:25,examples/tutorial/flaskr/__init__.py,48,0
flask,c3dd7b8e4c9e322c413f4a49e5d15aceafd17c2d,David Lord,2018-04-09 00:53:25,examples/tutorial/flaskr/auth.py,108,0
flask,c3dd7b8e4c9e322c413f4a49e5d15aceafd17c2d,David Lord,2018-04-09 00:53:25,examples/tutorial/flaskr/blog.py,119,0
flask,c3dd7b8e4c9e322c413f4a49e5d15aceafd17c2d,David Lord,2018-04-09 00:53:25,examples/tutorial/flaskr/db.py,54,0
flask,c3dd7b8e4c9e322c413f4a49e5d15aceafd17c2d,David Lord,2018-04-09 00:53:25,examples/tutorial/setup.py,23,0
flask,c3dd7b8e4c9e322c413f4a49e5d15aceafd17c2d,David Lord,2018-04-09 00:53:25,examples/tutorial/tests/conftest.py,64,0
flask,c3dd7b8e4c9e322c413f4a49e5d15aceafd17c2d,David Lord,2018-04-09 00:53:25,examples/tutorial/tests/test_auth.py,66,0
flask,c3dd7b8e4c9e322c413f4a49e5d15aceafd17c2d,David Lord,2018-04-09 00:53:25,examples/tutorial/tests/test_blog.py,92,0
flask,c3dd7b8e4c9e322c413f4a49e5d15aceafd17c2d,David Lord,2018-04-09 00:53:25,examples/tutorial/tests/test_db.py,28,0
flask,c3dd7b8e4c9e322c413f4a49e5d15aceafd17c2d,David Lord,2018-04-09 00:53:25,examples/tutorial/tests/test_factory.py,12,0
flask,171eb28c950969260863cacefa2f08d1590ce839,fphonor,2018-04-09 02:52:40,flask/wrappers.py,12,6
flask,171eb28c950969260863cacefa2f08d1590ce839,fphonor,2018-04-09 02:52:40,tests/test_helpers.py,15,0
flask,ab4142215d836b0298fc47fa1e4b75408b9c37a0,David Lord,2018-04-10 09:34:59,flask/json/__init__.py,48,2
flask,ab4142215d836b0298fc47fa1e4b75408b9c37a0,David Lord,2018-04-10 09:34:59,flask/wrappers.py,11,13
flask,ab4142215d836b0298fc47fa1e4b75408b9c37a0,David Lord,2018-04-10 09:34:59,tests/test_helpers.py,19,11
flask,1ed756a5238f38163cd04b152975a7d4ea945c7e,David Lord,2018-04-10 11:17:18,flask/app.py,1,0
flask,1ed756a5238f38163cd04b152975a7d4ea945c7e,David Lord,2018-04-10 11:17:18,flask/wrappers.py,17,0
flask,1ed756a5238f38163cd04b152975a7d4ea945c7e,David Lord,2018-04-10 11:17:18,tests/test_basic.py,30,0
flask,18c9db47940c1195809a0c82fcb85601c3f4df46,David Lord,2018-04-10 12:27:26,flask/cli.py,9,9
flask,0e1e9a04aaf29ab78f721cfc79ac2a691f6e3929,David Lord,2018-04-10 12:55:01,flask/json.py,48,1
flask,0e1e9a04aaf29ab78f721cfc79ac2a691f6e3929,David Lord,2018-04-10 12:55:01,flask/wrappers.py,3,10
flask,0e1e9a04aaf29ab78f721cfc79ac2a691f6e3929,David Lord,2018-04-10 12:55:01,tests/test_helpers.py,16,12
flask,fce1885f7614c60c7cd8e4a4eadc5b99fe036264,David Lord,2018-04-12 11:06:02,examples/javascript/js_example/__init__.py,5,0
flask,fce1885f7614c60c7cd8e4a4eadc5b99fe036264,David Lord,2018-04-12 11:06:02,examples/javascript/js_example/views.py,16,0
flask,fce1885f7614c60c7cd8e4a4eadc5b99fe036264,David Lord,2018-04-12 11:06:02,examples/javascript/setup.py,30,0
flask,fce1885f7614c60c7cd8e4a4eadc5b99fe036264,David Lord,2018-04-12 11:06:02,examples/javascript/tests/conftest.py,15,0
flask,fce1885f7614c60c7cd8e4a4eadc5b99fe036264,David Lord,2018-04-12 11:06:02,examples/javascript/tests/test_js_example.py,28,0
flask,fce1885f7614c60c7cd8e4a4eadc5b99fe036264,David Lord,2018-04-12 11:06:02,examples/tutorial/flaskr/auth.py,1,1
flask,fce1885f7614c60c7cd8e4a4eadc5b99fe036264,David Lord,2018-04-12 11:06:02,examples/tutorial/setup.py,6,0
flask,8f5168cb31a34c54c9a751cb386b8615e03fb148,Bruno Rocha,2018-04-18 13:42:46,flask/cli.py,6,3
flask,49a38ed9995c5fa8fd07fde732845cbc08e890b0,David Lord,2018-04-18 12:05:31,docs/conf.py,109,281
flask,49a38ed9995c5fa8fd07fde732845cbc08e890b0,David Lord,2018-04-18 12:05:31,docs/flaskdocext.py,0,16
flask,49a38ed9995c5fa8fd07fde732845cbc08e890b0,David Lord,2018-04-18 12:05:31,flask/cli.py,1,1
flask,49a38ed9995c5fa8fd07fde732845cbc08e890b0,David Lord,2018-04-18 12:05:31,flask/helpers.py,1,1
flask,49a38ed9995c5fa8fd07fde732845cbc08e890b0,David Lord,2018-04-18 12:05:31,setup.py,7,0
flask,679bf0014f298a1ab8f989989fa430f69d9e28c0,David Lord,2018-04-18 13:06:08,docs/conf.py,114,245
flask,679bf0014f298a1ab8f989989fa430f69d9e28c0,David Lord,2018-04-18 13:06:08,docs/flaskdocext.py,0,16
flask,679bf0014f298a1ab8f989989fa430f69d9e28c0,David Lord,2018-04-18 13:06:08,docs/flaskext.py,0,86
flask,84efe4de773ca564cf4a2aecb31cf01779906354,David Lord,2018-04-18 13:10:56,docs/conf.py,8,8
flask,be46acb87190ad9b59281d4f73e5b1940c79c236,David Lord,2018-04-18 13:21:16,flask/__init__.py,1,1
flask,80a9e0edf6208b3c1c9bc28bfb1a5f04b1f59e1d,David Lord,2018-04-18 13:39:55,flask/app.py,1,1
flask,80a9e0edf6208b3c1c9bc28bfb1a5f04b1f59e1d,David Lord,2018-04-18 13:39:55,flask/cli.py,6,4
flask,fc6a1d9354124690e632323d46ee35c3b8c9c8d2,Nick Pope,2018-04-19 14:16:11,flask/json/tag.py,4,4
flask,fc6a1d9354124690e632323d46ee35c3b8c9c8d2,Nick Pope,2018-04-19 14:16:11,tests/test_json_tag.py,16,0
flask,eaedb9320c7aad581daa05f1510b64393c082dbb,Nick Pope,2018-04-19 14:16:11,flask/json/tag.py,1,1
flask,44dc32243e486364ebffde6afc8583c68ea874c0,David Lord,2018-04-26 06:03:33,docs/conf.py,1,0
flask,4137aecca9c4add694146502cd3e6e5fc945f6dd,David Lord,2018-04-26 06:05:13,docs/conf.py,1,0
flask,2ede0b8ba944fbd8b7c2478f100dd117c85975a0,David Lord,2018-04-26 07:44:59,docs/conf.py,1,1
flask,22992a0d533f7f68e9fa1845c86dae230d8ff9ba,David Lord,2018-04-26 07:46:50,docs/conf.py,1,1
flask,10a77a54309876a6aba2e3303d291498c0a9318c,Hsiaoming Yang,2018-04-26 11:30:37,setup.py,5,0
flask,5c8110de25f08bf20e9fda6611403dc5c59ec849,David Lord,2018-04-26 11:57:21,setup.py,7,5
flask,63deee0a8b0963f1657e2d327773d65632a387d3,David Lord,2018-04-26 12:12:03,scripts/make-release.py,50,32
flask,1a9e58e8c97c47c969736d46410f724f4e834f54,David Lord,2018-04-26 12:12:11,flask/__init__.py,1,1
flask,23047a71fd7da13be7b545f30807f38f4d9ecb25,David Lord,2018-04-26 12:14:22,flask/__init__.py,1,1
flask,291f3c338c4d302dbde01ab9153a7817e5a780f5,David Lord,2018-04-26 12:25:54,flask/__init__.py,1,1
flask,9d0b163362027e9c5c79968a39ce532dd5917f8b,David Lord,2018-04-26 12:28:26,setup.py,2,2
flask,46a71071ed4982b02d0e49818a678dc2744c1b23,David Lord,2018-04-26 12:29:03,flask/__init__.py,1,1
flask,79d3ff9baa5bb1cb1fab98e27b31cb51c8c0cadf,David Lord,2018-04-26 12:30:40,flask/__init__.py,1,1
flask,d60f213fdbcf7fe0648a80fe6c23683377fd7c44,David Lord,2018-04-26 12:31:25,flask/__init__.py,1,1
flask,732c5b0509a8138a504d48a8c5e0be493f1ed603,wim glenn,2018-04-26 15:47:42,setup.py,1,0
flask,fafb827a461df2c32f752d3ac2e3cdb83fb3deaf,wim glenn,2018-04-26 15:50:48,setup.py,1,1
flask,08ef4d03d869cd6d51faf8e37349070b7507f175,David Lord,2018-04-26 15:15:05,docs/conf.py,1,0
flask,8ceff653c58b7fb038b31ae96cc96fcad3999020,David Lord,2018-04-26 15:15:31,docs/conf.py,1,0
flask,3f81582d5dc75537dcedfd5f9b6dd36715a12d91,David Lord,2018-04-26 15:15:55,docs/conf.py,1,0
flask,6663bf1f7d5a43633e6434a5dd8ea8f8eccdd616,ThiefMaster,2018-04-27 13:44:07,flask/blueprints.py,1,1
flask,6663bf1f7d5a43633e6434a5dd8ea8f8eccdd616,ThiefMaster,2018-04-27 13:44:07,tests/test_blueprints.py,3,0
flask,a22d143f96ee3c7d14887e871b34a84683835a3f,wim glenn,2018-04-27 07:39:42,setup.py,1,0
flask,78b56dbf2cc5834eb66ae7634241eaf9da99b04b,David Lord,2018-04-27 07:41:19,setup.py,0,1
flask,3666a584fd24dc14585648f215a82ce1e8b71baa,Jesse Roberts,2018-04-27 10:49:56,flask/app.py,1,1
flask,4d0cdf95e616d09b9cab0cc35c11b1d3ba1a109e,David Lord,2018-04-27 12:40:06,flask/blueprints.py,3,5
flask,4d0cdf95e616d09b9cab0cc35c11b1d3ba1a109e,David Lord,2018-04-27 12:40:06,tests/test_blueprints.py,13,8
flask,b573a86977161b93152dddb5bfc43195335b3c59,David Lord,2018-04-28 06:51:08,flask/app.py,8,2
flask,b573a86977161b93152dddb5bfc43195335b3c59,David Lord,2018-04-28 06:51:08,tests/test_basic.py,19,6
flask,bac5d6b9f458c7876163add793bdc53c2f8f413e,Hsiaoming Yang,2018-04-28 07:19:06,flask/cli.py,4,1
flask,5965cb7e1cfcaa329d811d133af373deb8090ec3,David Lord,2018-04-29 14:20:17,flask/cli.py,3,7
flask,5965cb7e1cfcaa329d811d133af373deb8090ec3,David Lord,2018-04-29 14:20:17,flask/helpers.py,15,0
flask,5965cb7e1cfcaa329d811d133af373deb8090ec3,David Lord,2018-04-29 14:20:17,tests/test_cli.py,8,0
flask,f13870731c100d3ed7daa5d96a75b697973def77,David Lord,2018-04-29 15:32:12,flask/blueprints.py,1,1
flask,5beb3be536cc743962de6cd2bd95a6e036d11f52,David Lord,2018-04-29 18:23:30,flask/__init__.py,1,1
flask,e8fd06a0a7611e4ac46a26cab79d3f16d2d72884,David Lord,2018-04-29 18:24:00,flask/__init__.py,1,1
flask,6e1e3e03ca188a4d9b3aef493e572157c8ae2313,David Lord,2018-04-29 18:45:50,flask/app.py,6,4
flask,a15795c99e24c50e2dc85393a8904f3093742646,David Lord,2018-04-29 19:08:16,flask/__init__.py,1,1
flask,c9ab9ef5db0bfdec4eb3d819be6d10a365dd6ca6,David Lord,2018-04-29 19:09:23,flask/__init__.py,1,1
flask,3fd7abec3c8c4a32da9579d0824b10d5ba0add83,David Lord,2018-04-30 19:05:46,setup.py,2,2
flask,f7a3bdc6db7aefeeb974c0b9800bbe64d152f842,Hsiaoming Yang,2018-05-01 14:35:55,flask/blueprints.py,4,1
flask,f7a3bdc6db7aefeeb974c0b9800bbe64d152f842,Hsiaoming Yang,2018-05-01 14:35:55,tests/test_blueprints.py,1,0
flask,b21b4d1608f5d83d7d6f503672f7eff46ed28f95,David Lord,2018-05-01 13:29:48,flask/blueprints.py,3,3
flask,b21b4d1608f5d83d7d6f503672f7eff46ed28f95,David Lord,2018-05-01 13:29:48,tests/test_blueprints.py,5,0
flask,b4e092600dc2cfd5326a373b4b9fd757a5d8a61a,Grey Li,2018-05-02 06:06:15,flask/cli.py,4,0
flask,dfd3619d6f8796d48fc4e32f819cec9e8aa59156,David Lord,2018-05-02 07:16:14,flask/__init__.py,1,1
flask,939c77a39ada26395c033d9f84923b02cef2ae56,David Lord,2018-05-02 07:16:58,flask/__init__.py,1,1
flask,a913b4dafd1d85cfa1d8bafeea5417748de8d487,Briehan Lombaard,2018-05-17 06:18:42,flask/cli.py,2,2
flask,a913b4dafd1d85cfa1d8bafeea5417748de8d487,Briehan Lombaard,2018-05-17 06:18:42,tests/test_cli.py,2,2
flask,b51ab3ff2c4af7e592e649e0e97657154b79c11f,David Lord,2018-05-28 06:36:47,flask/helpers.py,6,2
flask,b51ab3ff2c4af7e592e649e0e97657154b79c11f,David Lord,2018-05-28 06:36:47,tests/test_helpers.py,15,8
flask,8cdd01ea5da2f92c0108803618b168e128084858,Dilan Coss,2018-05-28 23:49:06,tests/test_appctx.py,2,0
flask,8fa3ed13bf362a71f942ed3d37efbdbdd5731375,Dilan Coss,2018-05-29 09:51:08,tests/test_appctx.py,1,1
flask,4025e27b5714736657f0ac9548170e0ad285c53a,Grey Li,2018-05-31 11:43:51,tests/test_cli.py,16,0
flask,076dddb2e1d36edc35df5beecb9eacdcb0541e58,Suraj Chafle,2018-06-13 16:31:54,flask/cli.py,1,1
flask,50227f0954e06853bbadf93d1c62dd03429b6711,ThiefMaster,2018-06-14 13:25:05,flask/cli.py,14,9
flask,50227f0954e06853bbadf93d1c62dd03429b6711,ThiefMaster,2018-06-14 13:25:05,tests/test_cli.py,22,0
flask,f036308442a2123a89dc4e2dfb61c319d9d80cf5,Grey Li,2018-06-15 19:12:50,flask/cli.py,1,1
flask,d362399e7ebfe167a27daef20e198ecabed1b49b,Gabriel Saldanha,2018-06-27 08:23:44,flask/__init__.py,0,4
flask,d5c465ddf4125db71a072cf3033533b02290d08f,Gabriel Saldanha,2018-06-29 00:10:44,flask/cli.py,2,2
flask,3e86fd25e9638898618cda8352402f4281bf809b,chengkang,2018-09-17 16:18:52,docs/conf.py,1,0
flask,067c772588f69f397eeff70019320506b47bb239,chengkang,2018-09-17 21:05:53,docs/conf.py,1,6
flask,ba868d681aac8273ad785ebf28f4a043b737ab78,David Lord,2018-09-17 08:35:28,docs/conf.py,11,78
flask,0f4c9f1d57cc72e1407364f1cdac5737ee3c60f5,David Lord,2018-09-17 08:35:53,docs/conf.py,48,47
flask,aa7e15dcbab208ca404bcecd94cbe6fc583150dc,garenchan,2018-09-23 16:40:35,flask/app.py,1,2
flask,673772cac931fea88b6134e57643bba9f0b27d44,moyosore,2018-10-13 20:57:41,flask/app.py,1,1
flask,9bc87d09c64780ccf1c115c216ff689a46d8f82e,garenchan,2018-10-23 22:10:20,flask/cli.py,3,2
flask,c38499bbf26cfa9683e30c52139a94dc5a50dcc4,garenchan,2018-10-24 23:47:41,flask/cli.py,1,1
flask,c38499bbf26cfa9683e30c52139a94dc5a50dcc4,garenchan,2018-10-24 23:47:41,tests/test_cli.py,16,3
flask,e08bcf9f9700180a09f77f52604ea6de36fb83a8,Dave Chevell,2018-11-03 20:32:24,flask/ctx.py,12,6
flask,e08bcf9f9700180a09f77f52604ea6de36fb83a8,Dave Chevell,2018-11-03 20:32:24,tests/test_reqctx.py,4,0
flask,ed9775fb77bc2291473c176937326aadd435f73c,Jarek Piórkowski,2018-11-12 16:59:09,flask/ctx.py,7,2
flask,ed9775fb77bc2291473c176937326aadd435f73c,Jarek Piórkowski,2018-11-12 16:59:09,tests/test_reqctx.py,23,0
flask,9b0bd91195828e16887a31fec1ce2ad16999bb0d,Jarek Piórkowski,2018-11-13 13:09:16,tests/test_reqctx.py,35,4
flask,2611632c69d46b03cb5321a43103c3fee8705aca,CasterWx,2018-12-08 12:45:20,setup.py,1,0
flask,49efc4423398e4895cb22a772c4aa4269b4eaa78,David Lord,2019-01-05 12:49:59,flask/app.py,11,10
flask,49efc4423398e4895cb22a772c4aa4269b4eaa78,David Lord,2019-01-05 12:49:59,tests/test_basic.py,1,1
flask,8b567fea2397ae4c8c593efa4da62cc9e7ea9746,David Lord,2019-01-05 14:59:25,docs/conf.py,49,120
flask,25de45cbb6fc7304f67b685034151f9ac6ea0df5,Matt Robenolt,2019-01-05 15:23:47,flask/_compat.py,9,0
flask,25de45cbb6fc7304f67b685034151f9ac6ea0df5,Matt Robenolt,2019-01-05 15:23:47,flask/helpers.py,10,1
flask,25de45cbb6fc7304f67b685034151f9ac6ea0df5,Matt Robenolt,2019-01-05 15:23:47,tests/test_helpers.py,36,0
flask,d0ceb16be956ea3339dd0b7ab67ba3aceac6a9a3,Grey Li,2019-01-06 06:31:57,flask/cli.py,3,3
flask,02df042416c312f6c04a5ded8c9404386585c122,Rohan Talip,2019-01-06 09:10:28,flask/cli.py,1,1
flask,e4ebbd3f5befca0f6891def3ebf292f756ec5f3b,xtreak,2019-01-06 10:04:00,flask/_compat.py,2,0
flask,e4ebbd3f5befca0f6891def3ebf292f756ec5f3b,xtreak,2019-01-06 10:04:00,flask/sessions.py,2,2
flask,b85425ac1bc04bd6fc5c90192f9454395f95bd3a,xtreak,2019-01-06 10:17:58,flask/app.py,9,8
flask,830c77cb44d513a7c8044734a460d2b381df2f5a,Douglas Thor,2019-01-06 14:34:05,flask/config.py,4,0
flask,3fd51c65fb4774b10848715b62ec284a0b86a6b1,Dilan Coss,2019-01-06 16:11:03,flask/cli.py,3,1
flask,a0ccc477800737d9907ab772bb1bba25f164fefb,David Lord,2019-01-06 16:24:05,flask/cli.py,10,5
flask,a0ccc477800737d9907ab772bb1bba25f164fefb,David Lord,2019-01-06 16:24:05,tests/test_cli.py,6,5
flask,b570bf699c162e3223043582179db1c67b0a4c74,Ignasi Bosch,2019-01-07 06:17:36,flask/helpers.py,9,1
flask,b570bf699c162e3223043582179db1c67b0a4c74,Ignasi Bosch,2019-01-07 06:17:36,tests/test_helpers.py,18,0
flask,366f3f49af72702066da60476fa5e02d030c936b,David Lord,2019-01-07 06:56:20,flask/helpers.py,4,2
flask,366f3f49af72702066da60476fa5e02d030c936b,David Lord,2019-01-07 06:56:20,tests/test_helpers.py,0,4
flask,40118e785f0ec69bb519c7f34dcceb092006aa02,garenchan,2019-01-07 07:17:33,flask/helpers.py,3,0
flask,40118e785f0ec69bb519c7f34dcceb092006aa02,garenchan,2019-01-07 07:17:33,tests/test_helpers.py,2,0
flask,b92b2e6c743c8b09744c9c9788046c719cc38eab,Jimmy Jia,2019-01-07 09:01:37,flask/app.py,8,1
flask,b92b2e6c743c8b09744c9c9788046c719cc38eab,Jimmy Jia,2019-01-07 09:01:37,tests/test_user_error_handler.py,5,0
flask,662ce2151d0f17d592133eeecdc8d7e6676db811,David Lord,2019-01-07 09:52:54,flask/app.py,13,3
flask,662ce2151d0f17d592133eeecdc8d7e6676db811,David Lord,2019-01-07 09:52:54,tests/test_user_error_handler.py,4,5
flask,47bdf9f26fdd499c00a25efa4c0229c544cf682d,cclauss,2019-01-25 09:44:29,flask/_compat.py,6,6
flask,de01dfb70206f8dbb55724b7abfc515ead3ca283,Max,2019-04-15 17:13:07,setup.py,1,1
flask,025589ee766249652e2e097da05808fe64911ddc,David Baumgold,2019-05-06 16:28:58,examples/javascript/js_example/views.py,6,6
flask,025589ee766249652e2e097da05808fe64911ddc,David Baumgold,2019-05-06 16:28:58,examples/javascript/setup.py,10,18
flask,025589ee766249652e2e097da05808fe64911ddc,David Baumgold,2019-05-06 16:28:58,examples/javascript/tests/conftest.py,1,1
flask,025589ee766249652e2e097da05808fe64911ddc,David Baumgold,2019-05-06 16:28:58,examples/javascript/tests/test_js_example.py,14,14
flask,025589ee766249652e2e097da05808fe64911ddc,David Baumgold,2019-05-06 16:28:58,examples/tutorial/flaskr/__init__.py,8,6
flask,025589ee766249652e2e097da05808fe64911ddc,David Baumgold,2019-05-06 16:28:58,examples/tutorial/flaskr/auth.py,43,34
flask,025589ee766249652e2e097da05808fe64911ddc,David Baumgold,2019-05-06 16:28:58,examples/tutorial/flaskr/blog.py,38,38
flask,025589ee766249652e2e097da05808fe64911ddc,David Baumgold,2019-05-06 16:28:58,examples/tutorial/flaskr/db.py,7,8
flask,025589ee766249652e2e097da05808fe64911ddc,David Baumgold,2019-05-06 16:28:58,examples/tutorial/setup.py,10,17
flask,025589ee766249652e2e097da05808fe64911ddc,David Baumgold,2019-05-06 16:28:58,examples/tutorial/tests/conftest.py,6,10
flask,025589ee766249652e2e097da05808fe64911ddc,David Baumgold,2019-05-06 16:28:58,examples/tutorial/tests/test_auth.py,26,25
flask,025589ee766249652e2e097da05808fe64911ddc,David Baumgold,2019-05-06 16:28:58,examples/tutorial/tests/test_blog.py,25,35
flask,025589ee766249652e2e097da05808fe64911ddc,David Baumgold,2019-05-06 16:28:58,examples/tutorial/tests/test_db.py,5,5
flask,025589ee766249652e2e097da05808fe64911ddc,David Baumgold,2019-05-06 16:28:58,examples/tutorial/tests/test_factory.py,3,3
flask,025589ee766249652e2e097da05808fe64911ddc,David Baumgold,2019-05-06 16:28:58,flask/__init__.py,39,12
flask,025589ee766249652e2e097da05808fe64911ddc,David Baumgold,2019-05-06 16:28:58,flask/__main__.py,2,1
flask,025589ee766249652e2e097da05808fe64911ddc,David Baumgold,2019-05-06 16:28:58,flask/_compat.py,10,6
flask,025589ee766249652e2e097da05808fe64911ddc,David Baumgold,2019-05-06 16:28:58,flask/app.py,245,183
flask,025589ee766249652e2e097da05808fe64911ddc,David Baumgold,2019-05-06 16:28:58,flask/blueprints.py,113,54
flask,025589ee766249652e2e097da05808fe64911ddc,David Baumgold,2019-05-06 16:28:58,flask/cli.py,180,159
flask,025589ee766249652e2e097da05808fe64911ddc,David Baumgold,2019-05-06 16:28:58,flask/config.py,16,17
flask,025589ee766249652e2e097da05808fe64911ddc,David Baumgold,2019-05-06 16:28:58,flask/ctx.py,28,23
flask,025589ee766249652e2e097da05808fe64911ddc,David Baumgold,2019-05-06 16:28:58,flask/debughelpers.py,66,51
flask,025589ee766249652e2e097da05808fe64911ddc,David Baumgold,2019-05-06 16:28:58,flask/globals.py,7,7
flask,025589ee766249652e2e097da05808fe64911ddc,David Baumgold,2019-05-06 16:28:58,flask/helpers.py,160,129
flask,025589ee766249652e2e097da05808fe64911ddc,David Baumgold,2019-05-06 16:28:58,flask/json/__init__.py,57,49
flask,025589ee766249652e2e097da05808fe64911ddc,David Baumgold,2019-05-06 16:28:58,flask/json/tag.py,19,13
flask,025589ee766249652e2e097da05808fe64911ddc,David Baumgold,2019-05-06 16:28:58,flask/logging.py,5,5
flask,025589ee766249652e2e097da05808fe64911ddc,David Baumgold,2019-05-06 16:28:58,flask/sessions.py,40,38
flask,025589ee766249652e2e097da05808fe64911ddc,David Baumgold,2019-05-06 16:28:58,flask/signals.py,25,15
flask,025589ee766249652e2e097da05808fe64911ddc,David Baumgold,2019-05-06 16:28:58,flask/templating.py,14,12
flask,025589ee766249652e2e097da05808fe64911ddc,David Baumgold,2019-05-06 16:28:58,flask/testing.py,41,41
flask,025589ee766249652e2e097da05808fe64911ddc,David Baumgold,2019-05-06 16:28:58,flask/views.py,8,6
flask,025589ee766249652e2e097da05808fe64911ddc,David Baumgold,2019-05-06 16:28:58,flask/wrappers.py,11,9
flask,025589ee766249652e2e097da05808fe64911ddc,David Baumgold,2019-05-06 16:28:58,scripts/make-release.py,36,38
flask,025589ee766249652e2e097da05808fe64911ddc,David Baumgold,2019-05-06 16:28:58,setup.py,53,59
flask,025589ee766249652e2e097da05808fe64911ddc,David Baumgold,2019-05-06 16:28:58,tests/conftest.py,33,27
flask,025589ee766249652e2e097da05808fe64911ddc,David Baumgold,2019-05-06 16:28:58,tests/test_appctx.py,43,43
flask,025589ee766249652e2e097da05808fe64911ddc,David Baumgold,2019-05-06 16:28:58,tests/test_apps/blueprintapp/__init__.py,2,1
flask,025589ee766249652e2e097da05808fe64911ddc,David Baumgold,2019-05-06 16:28:58,tests/test_apps/blueprintapp/apps/admin/__init__.py,11,7
flask,025589ee766249652e2e097da05808fe64911ddc,David Baumgold,2019-05-06 16:28:58,tests/test_apps/blueprintapp/apps/frontend/__init__.py,5,5
flask,025589ee766249652e2e097da05808fe64911ddc,David Baumgold,2019-05-06 16:28:58,tests/test_apps/cliapp/app.py,1,1
flask,025589ee766249652e2e097da05808fe64911ddc,David Baumgold,2019-05-06 16:28:58,tests/test_apps/cliapp/factory.py,3,3
flask,025589ee766249652e2e097da05808fe64911ddc,David Baumgold,2019-05-06 16:28:58,tests/test_apps/cliapp/importerrorapp.py,1,1
flask,025589ee766249652e2e097da05808fe64911ddc,David Baumgold,2019-05-06 16:28:58,tests/test_apps/cliapp/multiapp.py,2,2
flask,025589ee766249652e2e097da05808fe64911ddc,David Baumgold,2019-05-06 16:28:58,tests/test_apps/helloworld/hello.py,2,0
flask,025589ee766249652e2e097da05808fe64911ddc,David Baumgold,2019-05-06 16:28:58,tests/test_apps/subdomaintestmodule/__init__.py,1,1
flask,025589ee766249652e2e097da05808fe64911ddc,David Baumgold,2019-05-06 16:28:58,tests/test_basic.py,697,715
flask,025589ee766249652e2e097da05808fe64911ddc,David Baumgold,2019-05-06 16:28:58,tests/test_blueprints.py,322,314
flask,025589ee766249652e2e097da05808fe64911ddc,David Baumgold,2019-05-06 16:28:58,tests/test_cli.py,182,167
flask,025589ee766249652e2e097da05808fe64911ddc,David Baumgold,2019-05-06 16:28:58,tests/test_config.py,68,66
flask,025589ee766249652e2e097da05808fe64911ddc,David Baumgold,2019-05-06 16:28:58,tests/test_helpers.py,412,356
flask,025589ee766249652e2e097da05808fe64911ddc,David Baumgold,2019-05-06 16:28:58,tests/test_instance_config.py,67,59
flask,025589ee766249652e2e097da05808fe64911ddc,David Baumgold,2019-05-06 16:28:58,tests/test_json_tag.py,21,18
flask,025589ee766249652e2e097da05808fe64911ddc,David Baumgold,2019-05-06 16:28:58,tests/test_logging.py,16,18
flask,025589ee766249652e2e097da05808fe64911ddc,David Baumgold,2019-05-06 16:28:58,tests/test_regression.py,16,17
flask,025589ee766249652e2e097da05808fe64911ddc,David Baumgold,2019-05-06 16:28:58,tests/test_reqctx.py,63,56
flask,025589ee766249652e2e097da05808fe64911ddc,David Baumgold,2019-05-06 16:28:58,tests/test_signals.py,52,48
flask,025589ee766249652e2e097da05808fe64911ddc,David Baumgold,2019-05-06 16:28:58,tests/test_subclassing.py,4,4
flask,025589ee766249652e2e097da05808fe64911ddc,David Baumgold,2019-05-06 16:28:58,tests/test_templating.py,162,154
flask,025589ee766249652e2e097da05808fe64911ddc,David Baumgold,2019-05-06 16:28:58,tests/test_testing.py,112,112
flask,025589ee766249652e2e097da05808fe64911ddc,David Baumgold,2019-05-06 16:28:58,tests/test_user_error_handler.py,43,49
flask,025589ee766249652e2e097da05808fe64911ddc,David Baumgold,2019-05-06 16:28:58,tests/test_views.py,70,72
flask,205c943deda542b0c0df2f1b9ce3bbe72d80eef8,Sebastian Jakubiak,2019-05-13 22:22:40,flask/ctx.py,1,1
flask,d23b160e6df5d13e7db7a5e53afab6db306efe3c,RyanSquared,2019-05-16 06:54:20,flask/helpers.py,1,1
flask,ac78da0bb02fc5c07c896a77d3fc2b32e7924407,Michael E. Karpeles,2019-05-16 17:47:14,flask/blueprints.py,0,1
flask,e2f4b53396f4676978f86492dae5d3952446df89,DamianSkrzypczak,2019-05-16 19:03:08,flask/cli.py,2,2
flask,a4f0f197962b27a002c45f5e27b13a8d4a27ee63,David Lord,2019-05-17 09:00:08,flask/json/__init__.py,62,32
flask,a4f0f197962b27a002c45f5e27b13a8d4a27ee63,David Lord,2019-05-17 09:00:08,flask/testing.py,3,7
flask,a4f0f197962b27a002c45f5e27b13a8d4a27ee63,David Lord,2019-05-17 09:00:08,tests/test_testing.py,27,0
flask,99660cc40984015cbbcd27d1cdc19376b2536443,David Lord,2019-05-17 10:57:51,flask/__init__.py,1,1
flask,ad709be46e660b76263a50bfecdb390f0863a90c,icreatedanaccount,2019-05-17 13:22:13,flask/helpers.py,2,0
flask,ad709be46e660b76263a50bfecdb390f0863a90c,icreatedanaccount,2019-05-17 13:22:13,tests/test_helpers.py,25,0
flask,6f703a564c97b034eb0e98419595b7fa32d3562a,David Lord,2019-05-17 13:23:27,flask/helpers.py,4,4
flask,6f703a564c97b034eb0e98419595b7fa32d3562a,David Lord,2019-05-17 13:23:27,tests/test_helpers.py,8,18
flask,6dbcbdee3553683215d9e50b59834cb9af3aebd3,David Lord,2019-05-17 13:26:54,docs/conf.py,2,0
flask,1f3923a999e3b4430ea76727e07fb062b24d6a61,LeeW,2019-05-17 13:57:06,flask/views.py,4,0
flask,1f3923a999e3b4430ea76727e07fb062b24d6a61,LeeW,2019-05-17 13:57:06,tests/test_views.py,19,2
flask,af3c24c7dff239b2f1c9765bce9bef46525294bc,EtiennePelletier,2019-05-18 05:31:55,flask/app.py,1,1
flask,957f48a98dd7d598c55a521967a2fddcd12a4efd,David Lord,2019-05-18 08:35:47,flask/app.py,22,10
flask,8590d65a57ad57c99a82fdf4e1c57921d7e1bdcd,EtiennePelletier,2019-05-18 20:57:26,flask/wrappers.py,4,86
flask,8590d65a57ad57c99a82fdf4e1c57921d7e1bdcd,EtiennePelletier,2019-05-18 20:57:26,setup.py,1,1
flask,8590d65a57ad57c99a82fdf4e1c57921d7e1bdcd,EtiennePelletier,2019-05-18 20:57:26,tests/test_helpers.py,5,43
flask,e0afff0e92a3c46e5de17e75b76ca1332d45497d,EtiennePelletier,2019-05-18 21:15:09,flask/cli.py,1,17
flask,2039e2e3b62897e14790c652c92625ee9b200245,Frankie Liu,2019-05-18 21:23:14,flask/app.py,1,1
flask,2039e2e3b62897e14790c652c92625ee9b200245,Frankie Liu,2019-05-18 21:23:14,flask/blueprints.py,1,1
flask,2039e2e3b62897e14790c652c92625ee9b200245,Frankie Liu,2019-05-18 21:23:14,tests/test_basic.py,11,0
flask,6af14f058b6ef09214dc0e5d81902ed5b4ad12a0,Eruvanos,2019-05-18 21:37:54,flask/json/__init__.py,15,5
flask,6af14f058b6ef09214dc0e5d81902ed5b4ad12a0,Eruvanos,2019-05-18 21:37:54,tests/test_basic.py,9,0
flask,2a2a11b0634df4932eb0b4113009759ce4d1754a,shidenggui,2019-05-18 21:50:56,flask/app.py,7,1
flask,e1cc16f8bea15f11f63eacaa6089cd6e6b8b1965,vorelq,2019-05-19 11:36:47,flask/app.py,2,1
flask,e1cc16f8bea15f11f63eacaa6089cd6e6b8b1965,vorelq,2019-05-19 11:36:47,tests/test_basic.py,10,7
flask,db8cb31f2b2c39c1b0800926969c16d44b28ea38,Adarsh Sharma,2019-05-19 11:58:39,flask/cli.py,12,2
flask,db8cb31f2b2c39c1b0800926969c16d44b28ea38,Adarsh Sharma,2019-05-19 11:58:39,tests/test_cli.py,4,1
flask,fcf2eb4753d02caf258c5b1473fbb74721a3f489,David Baumgold,2019-05-23 07:44:57,flask/signals.py,8,9
flask,33379155f613dbdb4fe6d0918a5038a989fc18bf,jab,2019-05-23 10:51:38,setup.py,1,0
flask,2308cba407884996047790bfb77f90ae17bdb2bc,Bruno Rocha,2019-05-23 10:47:41,flask/cli.py,6,1
flask,e18cc4d71d1c0ded4a2a7afb417c5ea03ebb0861,David Lord,2019-05-24 07:19:56,flask/cli.py,25,6
flask,7bf8366970ec49b5396a1f86f00fdd1c5fef3fed,pgjones,2019-05-24 09:48:55,flask/app.py,6,0
flask,7bf8366970ec49b5396a1f86f00fdd1c5fef3fed,pgjones,2019-05-24 09:48:55,tests/test_basic.py,10,2
flask,ec1ccd753084c6ff3215b9a64ba46d6af56715bd,Anthony Plunkett,2019-05-24 14:43:29,flask/app.py,3,7
flask,ec1ccd753084c6ff3215b9a64ba46d6af56715bd,Anthony Plunkett,2019-05-24 14:43:29,flask/blueprints.py,21,0
flask,ec1ccd753084c6ff3215b9a64ba46d6af56715bd,Anthony Plunkett,2019-05-24 14:43:29,flask/helpers.py,9,0
flask,ec1ccd753084c6ff3215b9a64ba46d6af56715bd,Anthony Plunkett,2019-05-24 14:43:29,tests/test_cli.py,44,1
flask,a12bf290da4e5ccc9cc7bd00a8e1ba8bccb50586,Pete Beardmore,2019-05-25 07:03:36,flask/helpers.py,2,1
flask,a12bf290da4e5ccc9cc7bd00a8e1ba8bccb50586,Pete Beardmore,2019-05-25 07:03:36,tests/test_basic.py,14,0
flask,ed9ab2d3b6fc005b3807ddf484e85160233ffc82,David Lord,2019-05-25 11:18:40,flask/app.py,3,6
flask,ed9ab2d3b6fc005b3807ddf484e85160233ffc82,David Lord,2019-05-25 11:18:40,flask/blueprints.py,1,1
flask,ed9ab2d3b6fc005b3807ddf484e85160233ffc82,David Lord,2019-05-25 11:18:40,flask/helpers.py,13,10
flask,ed9ab2d3b6fc005b3807ddf484e85160233ffc82,David Lord,2019-05-25 11:18:40,tests/test_basic.py,2,2
flask,a71c167836c9dd938199fc72292951359948149c,Fantix King,2019-05-25 14:03:28,flask/testing.py,11,6
flask,a71c167836c9dd938199fc72292951359948149c,Fantix King,2019-05-25 14:03:28,tests/test_testing.py,15,0
flask,a5ff3cd01b8a78b5ed2961a8095290fed4e2a0d5,Daniel Pope,2019-05-31 11:57:28,flask/cli.py,5,3
flask,a5ff3cd01b8a78b5ed2961a8095290fed4e2a0d5,Daniel Pope,2019-05-31 11:57:28,tests/test_basic.py,13,9
flask,a5ff3cd01b8a78b5ed2961a8095290fed4e2a0d5,Daniel Pope,2019-05-31 11:57:28,tests/test_cli.py,1,1
flask,a5ff3cd01b8a78b5ed2961a8095290fed4e2a0d5,Daniel Pope,2019-05-31 11:57:28,tests/test_helpers.py,0,1
flask,cd14adbc1e834b0accc3b593a77d60d3cadddc8b,Ryan Thielke,2019-05-31 09:52:53,flask/helpers.py,1,1
flask,2a97d4a706c329b15b9119101254de15c80410cc,Sang Min Park,2019-05-31 10:55:08,flask/cli.py,2,0
flask,f25b5000fd7b85418d8ff85b070821748ef14f19,Daniel Pope,2019-05-31 16:49:01,flask/blueprints.py,3,0
flask,f25b5000fd7b85418d8ff85b070821748ef14f19,Daniel Pope,2019-05-31 16:49:01,tests/test_cli.py,9,0
flask,55ad09c9024d2f0d23123c934e505042516cc796,Scott Crosby,2019-05-31 10:53:30,flask/app.py,21,24
flask,55ad09c9024d2f0d23123c934e505042516cc796,Scott Crosby,2019-05-31 10:53:30,flask/ctx.py,4,5
flask,55ad09c9024d2f0d23123c934e505042516cc796,Scott Crosby,2019-05-31 10:53:30,flask/helpers.py,5,9
flask,8bb71852849907d1b67ba7514cf1812348e11b44,John Zeringue,2019-05-31 11:58:49,flask/app.py,10,2
flask,8bb71852849907d1b67ba7514cf1812348e11b44,John Zeringue,2019-05-31 11:58:49,tests/test_basic.py,7,3
flask,1b526c837e83d5e35d14eadde162c7608ab9e83f,gokcegrbl,2019-05-31 16:27:51,flask/_compat.py,2,0
flask,976dfedaa9efdb566333ea829b12751820268f67,Daniel Pope,2019-05-31 18:05:25,flask/app.py,2,2
flask,976dfedaa9efdb566333ea829b12751820268f67,Daniel Pope,2019-05-31 18:05:25,flask/testing.py,66,36
flask,976dfedaa9efdb566333ea829b12751820268f67,Daniel Pope,2019-05-31 18:05:25,tests/test_reqctx.py,4,4
flask,976dfedaa9efdb566333ea829b12751820268f67,Daniel Pope,2019-05-31 18:05:25,tests/test_testing.py,24,3
flask,c7f56c5a5539143662a04ec8e54aa78777d20730,Daniel Pope,2019-05-31 18:05:25,flask/testing.py,9,9
flask,c7f56c5a5539143662a04ec8e54aa78777d20730,Daniel Pope,2019-05-31 18:05:25,tests/test_testing.py,0,5
flask,e45370b9940823daae4c3959158ded4a9e3f7f60,Daniel Pope,2019-05-31 18:05:25,flask/testing.py,3,3
flask,a3272941ce76a212e9d8d55722a0b230b963411d,Paul Butler,2019-05-31 15:33:06,flask/helpers.py,3,0
flask,1718f1934c4fa709b42230b3ee5d6f803ec65df4,cslecrone,2019-05-31 17:27:52,flask/cli.py,12,1
flask,1718f1934c4fa709b42230b3ee5d6f803ec65df4,cslecrone,2019-05-31 17:27:52,tests/test_cli.py,6,0
flask,b46f5942a528053034fecf210572ee04bc4a3284,Jon S. Stumpf,2019-06-01 06:31:35,flask/_compat.py,2,2
flask,b46f5942a528053034fecf210572ee04bc4a3284,Jon S. Stumpf,2019-06-01 06:31:35,flask/app.py,2,2
flask,b46f5942a528053034fecf210572ee04bc4a3284,Jon S. Stumpf,2019-06-01 06:31:35,flask/cli.py,7,7
flask,b46f5942a528053034fecf210572ee04bc4a3284,Jon S. Stumpf,2019-06-01 06:31:35,flask/helpers.py,2,2
flask,b46f5942a528053034fecf210572ee04bc4a3284,Jon S. Stumpf,2019-06-01 06:31:35,flask/templating.py,1,1
flask,b46f5942a528053034fecf210572ee04bc4a3284,Jon S. Stumpf,2019-06-01 06:31:35,flask/testing.py,1,1
flask,b46f5942a528053034fecf210572ee04bc4a3284,Jon S. Stumpf,2019-06-01 06:31:35,flask/wrappers.py,2,1
flask,b46f5942a528053034fecf210572ee04bc4a3284,Jon S. Stumpf,2019-06-01 06:31:35,scripts/make-release.py,1,1
flask,b46f5942a528053034fecf210572ee04bc4a3284,Jon S. Stumpf,2019-06-01 06:31:35,tests/test_apps/helloworld/wsgi.py,1,1
flask,b46f5942a528053034fecf210572ee04bc4a3284,Jon S. Stumpf,2019-06-01 06:31:35,tests/test_basic.py,15,12
flask,b46f5942a528053034fecf210572ee04bc4a3284,Jon S. Stumpf,2019-06-01 06:31:35,tests/test_blueprints.py,1,1
flask,b46f5942a528053034fecf210572ee04bc4a3284,Jon S. Stumpf,2019-06-01 06:31:35,tests/test_cli.py,1,1
flask,b46f5942a528053034fecf210572ee04bc4a3284,Jon S. Stumpf,2019-06-01 06:31:35,tests/test_config.py,25,32
flask,b46f5942a528053034fecf210572ee04bc4a3284,Jon S. Stumpf,2019-06-01 06:31:35,tests/test_helpers.py,11,11
flask,b46f5942a528053034fecf210572ee04bc4a3284,Jon S. Stumpf,2019-06-01 06:31:35,tests/test_instance_config.py,1,1
flask,b46f5942a528053034fecf210572ee04bc4a3284,Jon S. Stumpf,2019-06-01 06:31:35,tests/test_json_tag.py,1,1
flask,b46f5942a528053034fecf210572ee04bc4a3284,Jon S. Stumpf,2019-06-01 06:31:35,tests/test_regression.py,1,1
flask,b46f5942a528053034fecf210572ee04bc4a3284,Jon S. Stumpf,2019-06-01 06:31:35,tests/test_reqctx.py,1,2
flask,b46f5942a528053034fecf210572ee04bc4a3284,Jon S. Stumpf,2019-06-01 06:31:35,tests/test_templating.py,5,5
flask,b46f5942a528053034fecf210572ee04bc4a3284,Jon S. Stumpf,2019-06-01 06:31:35,tests/test_testing.py,3,3
flask,b46f5942a528053034fecf210572ee04bc4a3284,Jon S. Stumpf,2019-06-01 06:31:35,tests/test_user_error_handler.py,3,3
flask,ca278a8694f42e569a6d9f7d71c669465019bf06,David Lord,2019-06-01 08:06:16,setup.py,4,2
flask,ca278a8694f42e569a6d9f7d71c669465019bf06,David Lord,2019-06-01 08:06:16,src/flask/__init__.py,0,0
flask,ca278a8694f42e569a6d9f7d71c669465019bf06,David Lord,2019-06-01 08:06:16,src/flask/__main__.py,0,0
flask,ca278a8694f42e569a6d9f7d71c669465019bf06,David Lord,2019-06-01 08:06:16,src/flask/_compat.py,0,0
flask,ca278a8694f42e569a6d9f7d71c669465019bf06,David Lord,2019-06-01 08:06:16,src/flask/app.py,0,0
flask,ca278a8694f42e569a6d9f7d71c669465019bf06,David Lord,2019-06-01 08:06:16,src/flask/blueprints.py,0,0
flask,ca278a8694f42e569a6d9f7d71c669465019bf06,David Lord,2019-06-01 08:06:16,src/flask/cli.py,0,0
flask,ca278a8694f42e569a6d9f7d71c669465019bf06,David Lord,2019-06-01 08:06:16,src/flask/config.py,0,0
flask,ca278a8694f42e569a6d9f7d71c669465019bf06,David Lord,2019-06-01 08:06:16,src/flask/ctx.py,0,0
flask,ca278a8694f42e569a6d9f7d71c669465019bf06,David Lord,2019-06-01 08:06:16,src/flask/debughelpers.py,0,0
flask,ca278a8694f42e569a6d9f7d71c669465019bf06,David Lord,2019-06-01 08:06:16,src/flask/globals.py,0,0
flask,ca278a8694f42e569a6d9f7d71c669465019bf06,David Lord,2019-06-01 08:06:16,src/flask/helpers.py,0,0
flask,ca278a8694f42e569a6d9f7d71c669465019bf06,David Lord,2019-06-01 08:06:16,src/flask/json/__init__.py,0,0
flask,ca278a8694f42e569a6d9f7d71c669465019bf06,David Lord,2019-06-01 08:06:16,src/flask/json/tag.py,0,0
flask,ca278a8694f42e569a6d9f7d71c669465019bf06,David Lord,2019-06-01 08:06:16,src/flask/logging.py,0,0
flask,ca278a8694f42e569a6d9f7d71c669465019bf06,David Lord,2019-06-01 08:06:16,src/flask/sessions.py,0,0
flask,ca278a8694f42e569a6d9f7d71c669465019bf06,David Lord,2019-06-01 08:06:16,src/flask/signals.py,0,0
flask,ca278a8694f42e569a6d9f7d71c669465019bf06,David Lord,2019-06-01 08:06:16,src/flask/templating.py,0,0
flask,ca278a8694f42e569a6d9f7d71c669465019bf06,David Lord,2019-06-01 08:06:16,src/flask/testing.py,0,0
flask,ca278a8694f42e569a6d9f7d71c669465019bf06,David Lord,2019-06-01 08:06:16,src/flask/views.py,0,0
flask,ca278a8694f42e569a6d9f7d71c669465019bf06,David Lord,2019-06-01 08:06:16,src/flask/wrappers.py,0,0
flask,43483683b2bc8da85f00ccccdfb8d9d5c77a6bb3,David Lord,2019-06-01 09:07:20,examples/javascript/js_example/views.py,3,1
flask,43483683b2bc8da85f00ccccdfb8d9d5c77a6bb3,David Lord,2019-06-01 09:07:20,examples/javascript/setup.py,2,1
flask,43483683b2bc8da85f00ccccdfb8d9d5c77a6bb3,David Lord,2019-06-01 09:07:20,examples/javascript/tests/test_js_example.py,0,1
flask,43483683b2bc8da85f00ccccdfb8d9d5c77a6bb3,David Lord,2019-06-01 09:07:20,examples/tutorial/flaskr/auth.py,10,11
flask,43483683b2bc8da85f00ccccdfb8d9d5c77a6bb3,David Lord,2019-06-01 09:07:20,examples/tutorial/flaskr/blog.py,7,1
flask,43483683b2bc8da85f00ccccdfb8d9d5c77a6bb3,David Lord,2019-06-01 09:07:20,examples/tutorial/flaskr/db.py,2,1
flask,43483683b2bc8da85f00ccccdfb8d9d5c77a6bb3,David Lord,2019-06-01 09:07:20,examples/tutorial/setup.py,2,1
flask,43483683b2bc8da85f00ccccdfb8d9d5c77a6bb3,David Lord,2019-06-01 09:07:20,examples/tutorial/tests/conftest.py,3,1
flask,43483683b2bc8da85f00ccccdfb8d9d5c77a6bb3,David Lord,2019-06-01 09:07:20,examples/tutorial/tests/test_auth.py,3,1
flask,43483683b2bc8da85f00ccccdfb8d9d5c77a6bb3,David Lord,2019-06-01 09:07:20,examples/tutorial/tests/test_blog.py,1,0
flask,43483683b2bc8da85f00ccccdfb8d9d5c77a6bb3,David Lord,2019-06-01 09:07:20,examples/tutorial/tests/test_db.py,1,0
flask,43483683b2bc8da85f00ccccdfb8d9d5c77a6bb3,David Lord,2019-06-01 09:07:20,scripts/make-release.py,4,2
flask,43483683b2bc8da85f00ccccdfb8d9d5c77a6bb3,David Lord,2019-06-01 09:07:20,src/flask/__init__.py,41,54
flask,43483683b2bc8da85f00ccccdfb8d9d5c77a6bb3,David Lord,2019-06-01 09:07:20,src/flask/_compat.py,0,1
flask,43483683b2bc8da85f00ccccdfb8d9d5c77a6bb3,David Lord,2019-06-01 09:07:20,src/flask/app.py,50,43
flask,43483683b2bc8da85f00ccccdfb8d9d5c77a6bb3,David Lord,2019-06-01 09:07:20,src/flask/blueprints.py,2,1
flask,43483683b2bc8da85f00ccccdfb8d9d5c77a6bb3,David Lord,2019-06-01 09:07:20,src/flask/cli.py,13,7
flask,43483683b2bc8da85f00ccccdfb8d9d5c77a6bb3,David Lord,2019-06-01 09:07:20,src/flask/config.py,4,3
flask,43483683b2bc8da85f00ccccdfb8d9d5c77a6bb3,David Lord,2019-06-01 09:07:20,src/flask/ctx.py,6,4
flask,43483683b2bc8da85f00ccccdfb8d9d5c77a6bb3,David Lord,2019-06-01 09:07:20,src/flask/debughelpers.py,2,2
flask,43483683b2bc8da85f00ccccdfb8d9d5c77a6bb3,David Lord,2019-06-01 09:07:20,src/flask/globals.py,3,2
flask,43483683b2bc8da85f00ccccdfb8d9d5c77a6bb3,David Lord,2019-06-01 09:07:20,src/flask/helpers.py,21,13
flask,43483683b2bc8da85f00ccccdfb8d9d5c77a6bb3,David Lord,2019-06-01 09:07:20,src/flask/json/__init__.py,8,7
flask,43483683b2bc8da85f00ccccdfb8d9d5c77a6bb3,David Lord,2019-06-01 09:07:20,src/flask/json/tag.py,8,5
flask,43483683b2bc8da85f00ccccdfb8d9d5c77a6bb3,David Lord,2019-06-01 09:07:20,src/flask/logging.py,0,1
flask,43483683b2bc8da85f00ccccdfb8d9d5c77a6bb3,David Lord,2019-06-01 09:07:20,src/flask/sessions.py,6,5
flask,43483683b2bc8da85f00ccccdfb8d9d5c77a6bb3,David Lord,2019-06-01 09:07:20,src/flask/signals.py,1,2
flask,43483683b2bc8da85f00ccccdfb8d9d5c77a6bb3,David Lord,2019-06-01 09:07:20,src/flask/templating.py,8,5
flask,43483683b2bc8da85f00ccccdfb8d9d5c77a6bb3,David Lord,2019-06-01 09:07:20,src/flask/testing.py,5,5
flask,43483683b2bc8da85f00ccccdfb8d9d5c77a6bb3,David Lord,2019-06-01 09:07:20,src/flask/views.py,1,2
flask,43483683b2bc8da85f00ccccdfb8d9d5c77a6bb3,David Lord,2019-06-01 09:07:20,src/flask/wrappers.py,4,4
flask,43483683b2bc8da85f00ccccdfb8d9d5c77a6bb3,David Lord,2019-06-01 09:07:20,tests/conftest.py,0,1
flask,43483683b2bc8da85f00ccccdfb8d9d5c77a6bb3,David Lord,2019-06-01 09:07:20,tests/test_appctx.py,0,1
flask,43483683b2bc8da85f00ccccdfb8d9d5c77a6bb3,David Lord,2019-06-01 09:07:20,tests/test_apps/blueprintapp/apps/admin/__init__.py,2,1
flask,43483683b2bc8da85f00ccccdfb8d9d5c77a6bb3,David Lord,2019-06-01 09:07:20,tests/test_apps/blueprintapp/apps/frontend/__init__.py,2,1
flask,43483683b2bc8da85f00ccccdfb8d9d5c77a6bb3,David Lord,2019-06-01 09:07:20,tests/test_apps/cliapp/app.py,2,1
flask,43483683b2bc8da85f00ccccdfb8d9d5c77a6bb3,David Lord,2019-06-01 09:07:20,tests/test_apps/cliapp/factory.py,2,1
flask,43483683b2bc8da85f00ccccdfb8d9d5c77a6bb3,David Lord,2019-06-01 09:07:20,tests/test_apps/cliapp/importerrorapp.py,2,1
flask,43483683b2bc8da85f00ccccdfb8d9d5c77a6bb3,David Lord,2019-06-01 09:07:20,tests/test_apps/cliapp/multiapp.py,2,1
flask,43483683b2bc8da85f00ccccdfb8d9d5c77a6bb3,David Lord,2019-06-01 09:07:20,tests/test_basic.py,3,2
flask,43483683b2bc8da85f00ccccdfb8d9d5c77a6bb3,David Lord,2019-06-01 09:07:20,tests/test_blueprints.py,3,4
flask,43483683b2bc8da85f00ccccdfb8d9d5c77a6bb3,David Lord,2019-06-01 09:07:20,tests/test_cli.py,15,17
flask,43483683b2bc8da85f00ccccdfb8d9d5c77a6bb3,David Lord,2019-06-01 09:07:20,tests/test_config.py,3,3
flask,43483683b2bc8da85f00ccccdfb8d9d5c77a6bb3,David Lord,2019-06-01 09:07:20,tests/test_helpers.py,9,5
flask,43483683b2bc8da85f00ccccdfb8d9d5c77a6bb3,David Lord,2019-06-01 09:07:20,tests/test_instance_config.py,1,1
flask,43483683b2bc8da85f00ccccdfb8d9d5c77a6bb3,David Lord,2019-06-01 09:07:20,tests/test_json_tag.py,2,2
flask,43483683b2bc8da85f00ccccdfb8d9d5c77a6bb3,David Lord,2019-06-01 09:07:20,tests/test_logging.py,3,2
flask,43483683b2bc8da85f00ccccdfb8d9d5c77a6bb3,David Lord,2019-06-01 09:07:20,tests/test_regression.py,0,1
flask,43483683b2bc8da85f00ccccdfb8d9d5c77a6bb3,David Lord,2019-06-01 09:07:20,tests/test_reqctx.py,0,1
flask,43483683b2bc8da85f00ccccdfb8d9d5c77a6bb3,David Lord,2019-06-01 09:07:20,tests/test_signals.py,0,1
flask,43483683b2bc8da85f00ccccdfb8d9d5c77a6bb3,David Lord,2019-06-01 09:07:20,tests/test_subclassing.py,0,2
flask,43483683b2bc8da85f00ccccdfb8d9d5c77a6bb3,David Lord,2019-06-01 09:07:20,tests/test_templating.py,3,3
flask,43483683b2bc8da85f00ccccdfb8d9d5c77a6bb3,David Lord,2019-06-01 09:07:20,tests/test_testing.py,4,3
flask,43483683b2bc8da85f00ccccdfb8d9d5c77a6bb3,David Lord,2019-06-01 09:07:20,tests/test_user_error_handler.py,4,1
flask,43483683b2bc8da85f00ccccdfb8d9d5c77a6bb3,David Lord,2019-06-01 09:07:20,tests/test_views.py,0,2
flask,53c893b646252d610e877eb9385e9e250a1ae5e1,David Lord,2019-06-01 09:22:20,examples/tutorial/flaskr/blog.py,1,1
flask,53c893b646252d610e877eb9385e9e250a1ae5e1,David Lord,2019-06-01 09:22:20,src/flask/app.py,1,1
flask,53c893b646252d610e877eb9385e9e250a1ae5e1,David Lord,2019-06-01 09:22:20,src/flask/cli.py,1,1
flask,53c893b646252d610e877eb9385e9e250a1ae5e1,David Lord,2019-06-01 09:22:20,src/flask/ctx.py,4,3
flask,53c893b646252d610e877eb9385e9e250a1ae5e1,David Lord,2019-06-01 09:22:20,src/flask/helpers.py,2,4
flask,53c893b646252d610e877eb9385e9e250a1ae5e1,David Lord,2019-06-01 09:22:20,src/flask/testing.py,2,2
flask,53c893b646252d610e877eb9385e9e250a1ae5e1,David Lord,2019-06-01 09:22:20,tests/test_basic.py,1,1
flask,53c893b646252d610e877eb9385e9e250a1ae5e1,David Lord,2019-06-01 09:22:20,tests/test_config.py,3,3
flask,53c893b646252d610e877eb9385e9e250a1ae5e1,David Lord,2019-06-01 09:22:20,tests/test_instance_config.py,1,1
flask,53c893b646252d610e877eb9385e9e250a1ae5e1,David Lord,2019-06-01 09:22:20,tests/test_templating.py,1,1
flask,dbd4520ccbe0954d8ff4f926ba5f16c4f5291533,David Lord,2019-06-10 14:05:33,tests/conftest.py,0,7
flask,dbd4520ccbe0954d8ff4f926ba5f16c4f5291533,David Lord,2019-06-10 14:05:33,tests/test_basic.py,31,45
flask,dbd4520ccbe0954d8ff4f926ba5f16c4f5291533,David Lord,2019-06-10 14:05:33,tests/test_helpers.py,1,1
flask,dbd4520ccbe0954d8ff4f926ba5f16c4f5291533,David Lord,2019-06-10 14:05:33,tests/test_reqctx.py,2,7
flask,b89bf9e6d7555743903ed3820156c3da7a571411,vdanain,2019-06-12 12:09:01,flask/blueprints.py,18,0
flask,571b9f54e745849087f43b63a9788ded9edd0eb7,David Lord,2019-06-12 14:01:49,flask/blueprints.py,42,22
flask,d8d74b0cc89f7b9242cb5419ac1193463749f218,aligoren,2019-06-12 14:08:45,flask/app.py,5,1
flask,6ec98f07499a6e6b61a43f265c818100aa41e205,David Lord,2019-06-12 14:09:57,flask/app.py,5,3
flask,1ff98a2d21f6800b7b97195e0f9c90776ffb8f9b,Elad Moshe,2019-06-13 08:32:23,src/flask/ctx.py,3,3
flask,1ff98a2d21f6800b7b97195e0f9c90776ffb8f9b,Elad Moshe,2019-06-13 08:32:23,tests/test_basic.py,0,20
flask,1ff98a2d21f6800b7b97195e0f9c90776ffb8f9b,Elad Moshe,2019-06-13 08:32:23,tests/test_converters.py,38,0
flask,1ff98a2d21f6800b7b97195e0f9c90776ffb8f9b,Elad Moshe,2019-06-13 08:32:23,tests/test_testing.py,0,1
flask,c65863912ba3c93d014378e21402c97babca272b,David Lord,2019-06-13 12:40:01,src/flask/ctx.py,5,5
flask,c65863912ba3c93d014378e21402c97babca272b,David Lord,2019-06-13 12:40:01,tests/test_converters.py,14,12
flask,c65863912ba3c93d014378e21402c97babca272b,David Lord,2019-06-13 12:40:01,tests/test_testing.py,3,0
flask,9054f6d6397607647839286ce1db6cb2ef8457fe,David Lord,2019-06-19 14:52:25,src/flask/app.py,40,9
flask,9054f6d6397607647839286ce1db6cb2ef8457fe,David Lord,2019-06-19 14:52:25,tests/test_user_error_handler.py,95,2
flask,54519ef028660da63c3b2bab51c1f18e7b7c9fa2,David Lord,2019-06-21 08:22:35,src/flask/app.py,1,1
flask,e666f7a69c737fef8236237671be4da5910e9113,David Lord,2019-06-22 13:09:09,flask/__init__.py,2,2
flask,e666f7a69c737fef8236237671be4da5910e9113,David Lord,2019-06-22 13:09:09,flask/__main__.py,2,2
flask,e666f7a69c737fef8236237671be4da5910e9113,David Lord,2019-06-22 13:09:09,flask/_compat.py,2,2
flask,e666f7a69c737fef8236237671be4da5910e9113,David Lord,2019-06-22 13:09:09,flask/app.py,2,2
flask,e666f7a69c737fef8236237671be4da5910e9113,David Lord,2019-06-22 13:09:09,flask/blueprints.py,2,2
flask,e666f7a69c737fef8236237671be4da5910e9113,David Lord,2019-06-22 13:09:09,flask/cli.py,2,2
flask,e666f7a69c737fef8236237671be4da5910e9113,David Lord,2019-06-22 13:09:09,flask/config.py,2,2
flask,e666f7a69c737fef8236237671be4da5910e9113,David Lord,2019-06-22 13:09:09,flask/ctx.py,2,2
flask,e666f7a69c737fef8236237671be4da5910e9113,David Lord,2019-06-22 13:09:09,flask/debughelpers.py,2,2
flask,e666f7a69c737fef8236237671be4da5910e9113,David Lord,2019-06-22 13:09:09,flask/globals.py,2,2
flask,e666f7a69c737fef8236237671be4da5910e9113,David Lord,2019-06-22 13:09:09,flask/helpers.py,2,2
flask,e666f7a69c737fef8236237671be4da5910e9113,David Lord,2019-06-22 13:09:09,flask/json/__init__.py,2,2
flask,e666f7a69c737fef8236237671be4da5910e9113,David Lord,2019-06-22 13:09:09,flask/json/tag.py,2,2
flask,e666f7a69c737fef8236237671be4da5910e9113,David Lord,2019-06-22 13:09:09,flask/logging.py,2,2
flask,e666f7a69c737fef8236237671be4da5910e9113,David Lord,2019-06-22 13:09:09,flask/sessions.py,2,2
flask,e666f7a69c737fef8236237671be4da5910e9113,David Lord,2019-06-22 13:09:09,flask/signals.py,2,2
flask,e666f7a69c737fef8236237671be4da5910e9113,David Lord,2019-06-22 13:09:09,flask/templating.py,2,2
flask,e666f7a69c737fef8236237671be4da5910e9113,David Lord,2019-06-22 13:09:09,flask/testing.py,2,2
flask,e666f7a69c737fef8236237671be4da5910e9113,David Lord,2019-06-22 13:09:09,flask/views.py,2,2
flask,e666f7a69c737fef8236237671be4da5910e9113,David Lord,2019-06-22 13:09:09,flask/wrappers.py,2,2
flask,e666f7a69c737fef8236237671be4da5910e9113,David Lord,2019-06-22 13:09:09,tests/conftest.py,2,2
flask,e666f7a69c737fef8236237671be4da5910e9113,David Lord,2019-06-22 13:09:09,tests/test_appctx.py,2,2
flask,e666f7a69c737fef8236237671be4da5910e9113,David Lord,2019-06-22 13:09:09,tests/test_basic.py,2,2
flask,e666f7a69c737fef8236237671be4da5910e9113,David Lord,2019-06-22 13:09:09,tests/test_blueprints.py,2,2
flask,e666f7a69c737fef8236237671be4da5910e9113,David Lord,2019-06-22 13:09:09,tests/test_cli.py,2,2
flask,e666f7a69c737fef8236237671be4da5910e9113,David Lord,2019-06-22 13:09:09,tests/test_config.py,2,2
flask,e666f7a69c737fef8236237671be4da5910e9113,David Lord,2019-06-22 13:09:09,tests/test_helpers.py,2,2
flask,e666f7a69c737fef8236237671be4da5910e9113,David Lord,2019-06-22 13:09:09,tests/test_instance_config.py,2,2
flask,e666f7a69c737fef8236237671be4da5910e9113,David Lord,2019-06-22 13:09:09,tests/test_json_tag.py,2,2
flask,e666f7a69c737fef8236237671be4da5910e9113,David Lord,2019-06-22 13:09:09,tests/test_logging.py,2,2
flask,e666f7a69c737fef8236237671be4da5910e9113,David Lord,2019-06-22 13:09:09,tests/test_regression.py,2,2
flask,e666f7a69c737fef8236237671be4da5910e9113,David Lord,2019-06-22 13:09:09,tests/test_reqctx.py,2,2
flask,e666f7a69c737fef8236237671be4da5910e9113,David Lord,2019-06-22 13:09:09,tests/test_signals.py,2,2
flask,e666f7a69c737fef8236237671be4da5910e9113,David Lord,2019-06-22 13:09:09,tests/test_subclassing.py,2,2
flask,e666f7a69c737fef8236237671be4da5910e9113,David Lord,2019-06-22 13:09:09,tests/test_templating.py,2,2
flask,e666f7a69c737fef8236237671be4da5910e9113,David Lord,2019-06-22 13:09:09,tests/test_testing.py,2,2
flask,e666f7a69c737fef8236237671be4da5910e9113,David Lord,2019-06-22 13:09:09,tests/test_user_error_handler.py,2,2
flask,e666f7a69c737fef8236237671be4da5910e9113,David Lord,2019-06-22 13:09:09,tests/test_views.py,2,2
flask,24498afed5075583ecd5667b105b4a315a25051e,David Lord,2019-06-22 13:10:50,scripts/make-release.py,0,164
flask,24498afed5075583ecd5667b105b4a315a25051e,David Lord,2019-06-22 13:10:50,setup.py,57,62
flask,28b35c55a1fd7963227011b1a8a3dae2feb308a3,David Lord,2019-06-23 12:27:25,docs/conf.py,10,19
flask,871e6d6a9d1c453716f68e4e88268961d067b26d,David Lord,2019-06-26 14:34:03,flask/__init__.py,1,1
flask,871e6d6a9d1c453716f68e4e88268961d067b26d,David Lord,2019-06-26 14:34:03,flask/app.py,5,5
flask,54cbb4e64297d68ff6c9ef3fe03c283448e3533f,David Lord,2019-06-27 07:55:22,flask/helpers.py,1,1
flask,54cbb4e64297d68ff6c9ef3fe03c283448e3533f,David Lord,2019-06-27 07:55:22,tests/test_helpers.py,2,0
flask,ac302fb6071a4a580234e3596dac082d6e8d8a1f,Anthony Sottile,2019-07-01 07:36:20,tests/test_meta.py,6,0
flask,a5ecdfa7a57bf6bcba7391fc6d356e3f7de33e57,Anthony Sottile,2019-07-01 10:43:06,examples/tutorial/tests/test_db.py,1,1
flask,a5ecdfa7a57bf6bcba7391fc6d356e3f7de33e57,Anthony Sottile,2019-07-01 10:43:06,flask/helpers.py,46,15
flask,a5ecdfa7a57bf6bcba7391fc6d356e3f7de33e57,Anthony Sottile,2019-07-01 10:43:06,tests/test_basic.py,6,6
flask,a5ecdfa7a57bf6bcba7391fc6d356e3f7de33e57,Anthony Sottile,2019-07-01 10:43:06,tests/test_helpers.py,2,2
flask,3aff003c456ecfd329c29432d941714a0b474d53,Abhinav Sagar,2019-07-01 11:01:01,flask/cli.py,1,1
flask,df470aecb96efbcb17ca76e73196c25c38ce6d17,David Lord,2019-07-01 14:56:18,src/flask/app.py,16,12
flask,df470aecb96efbcb17ca76e73196c25c38ce6d17,David Lord,2019-07-01 14:56:18,src/flask/logging.py,5,2
flask,df470aecb96efbcb17ca76e73196c25c38ce6d17,David Lord,2019-07-01 14:56:18,tests/test_logging.py,2,2
flask,df470aecb96efbcb17ca76e73196c25c38ce6d17,David Lord,2019-07-01 14:56:18,tests/test_templating.py,3,1
flask,b08e35e4ab525c207144e42af1b678a78abe09cb,David Lord,2019-07-02 11:39:00,src/flask/logging.py,30,1
flask,b08e35e4ab525c207144e42af1b678a78abe09cb,David Lord,2019-07-02 11:39:00,tests/test_logging.py,9,0
flask,975f9792697c1a74bca3cfff201d1e0415bece6a,ThiefMaster,2019-07-03 15:08:10,flask/cli.py,1,1
flask,626b5cc166e6151dfe0e86b514b2d9a1f55752a8,David Lord,2019-07-04 15:33:46,flask/__init__.py,1,1
flask,626b5cc166e6151dfe0e86b514b2d9a1f55752a8,David Lord,2019-07-04 15:33:46,setup.py,1,0
flask,1b4ace9ba5e77679bf9d8e409283654f7589907e,David Lord,2019-07-04 16:04:42,src/flask/__init__.py,1,1
flask,1617202d91e46a4c2584656969f90aa5d5db7fed,David Lord,2019-07-08 10:26:12,src/flask/__init__.py,2,1
flask,1617202d91e46a4c2584656969f90aa5d5db7fed,David Lord,2019-07-08 10:26:12,src/flask/_compat.py,30,0
flask,1617202d91e46a4c2584656969f90aa5d5db7fed,David Lord,2019-07-08 10:26:12,tests/test_deprecations.py,12,0
flask,ffc68840f821fb0a4c41a7b2b4eaad6d71f539b7,David Lord,2019-07-08 10:58:12,setup.py,1,1
flask,ffc68840f821fb0a4c41a7b2b4eaad6d71f539b7,David Lord,2019-07-08 10:58:12,src/flask/__init__.py,1,1
flask,c478e5d52f4985a9a58f1ac1d229b47e9f6fe24f,David Lord,2019-07-10 11:45:20,src/flask/__init__.py,1,1
flask,c478e5d52f4985a9a58f1ac1d229b47e9f6fe24f,David Lord,2019-07-10 11:45:20,src/flask/cli.py,2,1
flask,ded3d642a762823702848c5e5c4e041a676a10a1,David Lord,2019-07-10 12:44:04,src/flask/__init__.py,1,1
flask,ded3d642a762823702848c5e5c4e041a676a10a1,David Lord,2019-07-10 12:44:04,src/flask/cli.py,2,1
flask,a0a49e1c9ea9b0e850e9039c1b7000adbaf7370b,linchiwei123,2019-07-24 15:50:37,src/flask/app.py,1,12
flask,2a8ebc4411deacb6eeac5d4cb6f9568d61ac6a12,Grey Li,2019-08-01 22:49:31,docs/conf.py,3,1
flask,b3b38285a424487e5c400bf23e2554f112a099c1,David Lord,2019-08-01 13:35:38,docs/conf.py,0,1
flask,353d891561659a754ee92bb5e6576e82be58934a,Chris Zimmerman,2019-08-09 14:47:17,src/flask/logging.py,1,1
flask,553b26f8579a21a2d3644cb3bc5cb2ed8cedabc5,Arnav Borborah,2019-08-15 21:05:33,src/flask/ctx.py,1,1
flask,4ed20657c61c3e64aba4652e1f053bae65ebc821,David Lord,2019-09-24 06:35:10,docs/conf.py,48,122
flask,0c0b31a789f8bfeadcbcf49d1fb38a00624b3065,Doron Horwitz,2019-10-12 19:12:27,src/flask/sessions.py,11,5
flask,0c0b31a789f8bfeadcbcf49d1fb38a00624b3065,Doron Horwitz,2019-10-12 19:12:27,tests/test_reqctx.py,53,0
flask,829aa65e642baf2f90bc29f940c8cbf180848dbc,pgjones,2019-10-18 09:15:47,src/flask/config.py,33,8
flask,829aa65e642baf2f90bc29f940c8cbf180848dbc,pgjones,2019-10-18 09:15:47,tests/test_config.py,7,6
flask,aac0f585b944cc65a1b570c1cc26d840f03e2f72,David Lord,2019-10-18 09:24:58,src/flask/config.py,35,28
flask,c367a86cc5be70da4928b276d0218f98df6e854d,Fernanda Guimarães,2019-10-28 21:37:25,tests/test_helpers.py,8,2
flask,1feb69d595575fabb569f8481c85c3568075d7ad,Jochen Kupperschmidt,2019-11-13 23:13:56,src/flask/config.py,1,1
flask,240a11052bb2ef1ba0bbcc5d503601a175926f75,David Lord,2019-11-18 17:54:46,src/flask/cli.py,5,4
flask,a671e47921f6b3f1e6c24f34f23b83ed13fe63b6,David Lord,2019-11-18 18:02:12,src/flask/cli.py,1,1
flask,33d9f9fa08e5a007d7ff1bb1f92c8d593b3c380a,Aliaksei Urbanski,2019-11-18 18:26:46,setup.py,3,0
flask,980168d08498c00a14ab0f687ffac8cc50edb326,David Lord,2019-11-19 08:52:12,src/flask/helpers.py,50,38
flask,980168d08498c00a14ab0f687ffac8cc50edb326,David Lord,2019-11-19 08:52:12,tests/test_helpers.py,49,56
flask,ef434ea9985b756f13bed283dfa55828829e5e1f,Grey Li,2019-11-19 09:32:35,docs/conf.py,1,1
flask,ef434ea9985b756f13bed283dfa55828829e5e1f,Grey Li,2019-11-19 09:32:35,examples/javascript/setup.py,1,1
flask,ef434ea9985b756f13bed283dfa55828829e5e1f,Grey Li,2019-11-19 09:32:35,examples/tutorial/setup.py,1,1
flask,ef434ea9985b756f13bed283dfa55828829e5e1f,Grey Li,2019-11-19 09:32:35,src/flask/debughelpers.py,1,1
flask,ef434ea9985b756f13bed283dfa55828829e5e1f,Grey Li,2019-11-19 09:32:35,tests/test_templating.py,1,1
flask,38eb5d3b49d628785a470e2e773fc5ac82e3c8e4,Adrian,2019-11-25 00:38:50,src/flask/app.py,1,6
flask,8d5234e4c729893c3ebd732839a8e7a01a51b7bc,David Lord,2020-02-09 15:20:23,src/flask/__init__.py,1,1
flask,63b40254e992c6c18d16ffade7aa8358d686a697,David Lord,2020-02-10 10:16:08,tests/test_instance_config.py,1,0
flask,85db0135cb302e2e17936fb4cf62c9f90c94e342,Armin Ronacher,2020-02-10 20:27:39,setup.py,1,1
flask,191710cbda616a53533d5e794a787f24c453ac5a,Armin Ronacher,2020-02-10 20:30:59,flask/__init__.py,1,1
flask,79c71f24e4cb064852e2cbbfef78a0a051eb7ced,Armin Ronacher,2020-02-10 20:32:11,flask/__init__.py,1,1
flask,900fa2f795615683234cc7e7b050a1e131983689,raymond-devries,2020-02-10 13:09:53,src/flask/app.py,2,2
flask,900fa2f795615683234cc7e7b050a1e131983689,raymond-devries,2020-02-10 13:09:53,tests/test_basic.py,1,0
flask,d92b64aa275841b0c9aea3903aba72fbc4275d91,David Lord,2020-02-10 16:36:40,setup.py,1,1
flask,5da342e4dd7dfcc16aa25928ea91d69c2d362f73,Marc Hernandez Cabot,2020-02-10 17:03:52,src/flask/ctx.py,1,1
flask,5da342e4dd7dfcc16aa25928ea91d69c2d362f73,Marc Hernandez Cabot,2020-02-10 17:03:52,tests/test_basic.py,1,1
flask,bcde664f9a3f6ef3b3d33c6c4e7c3cb3acc2af30,David Lord,2020-02-10 17:34:19,src/flask/cli.py,5,3
flask,bcde664f9a3f6ef3b3d33c6c4e7c3cb3acc2af30,David Lord,2020-02-10 17:34:19,tests/test_cli.py,4,4
flask,d4076cf07c70d7fccf82aba5c5acae3f3fb99447,frostming,2020-02-10 18:19:25,src/flask/helpers.py,1,1
flask,d4076cf07c70d7fccf82aba5c5acae3f3fb99447,frostming,2020-02-10 18:19:25,tests/test_basic.py,11,0
flask,e6178fe489b7828acc2bb8fd4b56a70b11ab6c6a,Frost Ming,2020-02-12 13:17:03,src/flask/helpers.py,3,1
flask,d5f88dafaf03a21aa4b6f0a273228fe9263a4a78,kevinanew,2020-03-11 07:24:38,src/flask/app.py,18,11
flask,e047dd6a32dc57cd6e4fb5f064aceddeed979756,Shanavas M,2020-03-18 12:37:51,src/flask/config.py,1,1
flask,4548e00dba81a5e60024d76b35bcfe2a7be8e675,Jeenu Viswambharan,2020-04-03 07:28:44,src/flask/app.py,3,3
flask,4024a4a89c18a1048b7496cf223c0b8c1e63c485,David Lord,2020-04-03 10:02:40,src/flask/app.py,13,12
flask,4024a4a89c18a1048b7496cf223c0b8c1e63c485,David Lord,2020-04-03 10:02:40,src/flask/testing.py,5,5
flask,93dd1709d05a1cf0e886df6223377bdab3b077fb,David Lord,2020-04-03 10:10:38,src/flask/__init__.py,1,1
flask,7673835b3da50575a14213814ea1ccefa860260f,David Lord,2020-04-04 12:05:44,src/flask/app.py,5,7
flask,7673835b3da50575a14213814ea1ccefa860260f,David Lord,2020-04-04 12:05:44,src/flask/helpers.py,2,2
flask,a0a61acdecd925cf2a1ffe5fb7acd27c1695f1d8,David Lord,2020-04-04 12:09:55,setup.py,1,10
flask,a0a61acdecd925cf2a1ffe5fb7acd27c1695f1d8,David Lord,2020-04-04 12:09:55,src/flask/__init__.py,1,1
flask,a0a61acdecd925cf2a1ffe5fb7acd27c1695f1d8,David Lord,2020-04-04 12:09:55,tests/test_instance_config.py,3,1
flask,1263d3bd142e4964da123f4e59088aa2968ec7e5,David Lord,2020-04-04 12:10:00,src/flask/__init__.py,0,1
flask,1263d3bd142e4964da123f4e59088aa2968ec7e5,David Lord,2020-04-04 12:10:00,src/flask/_compat.py,0,30
flask,1263d3bd142e4964da123f4e59088aa2968ec7e5,David Lord,2020-04-04 12:10:00,src/flask/app.py,0,65
flask,1263d3bd142e4964da123f4e59088aa2968ec7e5,David Lord,2020-04-04 12:10:00,src/flask/config.py,0,24
flask,1263d3bd142e4964da123f4e59088aa2968ec7e5,David Lord,2020-04-04 12:10:00,src/flask/logging.py,0,29
flask,1263d3bd142e4964da123f4e59088aa2968ec7e5,David Lord,2020-04-04 12:10:00,src/flask/testing.py,0,18
flask,1263d3bd142e4964da123f4e59088aa2968ec7e5,David Lord,2020-04-04 12:10:00,tests/test_deprecations.py,0,12
flask,1263d3bd142e4964da123f4e59088aa2968ec7e5,David Lord,2020-04-04 12:10:00,tests/test_logging.py,0,9
flask,1263d3bd142e4964da123f4e59088aa2968ec7e5,David Lord,2020-04-04 12:10:00,tests/test_testing.py,0,10
flask,662c245795c7cbb5dbd657a2d707c62c16770c18,David Lord,2020-04-04 12:10:00,src/flask/_compat.py,0,115
flask,662c245795c7cbb5dbd657a2d707c62c16770c18,David Lord,2020-04-04 12:10:00,src/flask/app.py,29,41
flask,662c245795c7cbb5dbd657a2d707c62c16770c18,David Lord,2020-04-04 12:10:00,src/flask/cli.py,5,13
flask,662c245795c7cbb5dbd657a2d707c62c16770c18,David Lord,2020-04-04 12:10:00,src/flask/config.py,2,5
flask,662c245795c7cbb5dbd657a2d707c62c16770c18,David Lord,2020-04-04 12:10:00,src/flask/ctx.py,0,8
flask,662c245795c7cbb5dbd657a2d707c62c16770c18,David Lord,2020-04-04 12:10:00,src/flask/debughelpers.py,2,5
flask,662c245795c7cbb5dbd657a2d707c62c16770c18,David Lord,2020-04-04 12:10:00,src/flask/helpers.py,7,21
flask,662c245795c7cbb5dbd657a2d707c62c16770c18,David Lord,2020-04-04 12:10:00,src/flask/json/__init__.py,5,7
flask,662c245795c7cbb5dbd657a2d707c62c16770c18,David Lord,2020-04-04 12:10:00,src/flask/json/tag.py,2,4
flask,662c245795c7cbb5dbd657a2d707c62c16770c18,David Lord,2020-04-04 12:10:00,src/flask/sessions.py,2,2
flask,662c245795c7cbb5dbd657a2d707c62c16770c18,David Lord,2020-04-04 12:10:00,src/flask/views.py,1,2
flask,662c245795c7cbb5dbd657a2d707c62c16770c18,David Lord,2020-04-04 12:10:00,tests/test_basic.py,1,2
flask,662c245795c7cbb5dbd657a2d707c62c16770c18,David Lord,2020-04-04 12:10:00,tests/test_blueprints.py,1,2
flask,662c245795c7cbb5dbd657a2d707c62c16770c18,David Lord,2020-04-04 12:10:00,tests/test_config.py,0,3
flask,662c245795c7cbb5dbd657a2d707c62c16770c18,David Lord,2020-04-04 12:10:00,tests/test_helpers.py,7,17
flask,662c245795c7cbb5dbd657a2d707c62c16770c18,David Lord,2020-04-04 12:10:00,tests/test_instance_config.py,0,17
flask,662c245795c7cbb5dbd657a2d707c62c16770c18,David Lord,2020-04-04 12:10:00,tests/test_logging.py,1,1
flask,662c245795c7cbb5dbd657a2d707c62c16770c18,David Lord,2020-04-04 12:10:00,tests/test_meta.py,0,6
flask,662c245795c7cbb5dbd657a2d707c62c16770c18,David Lord,2020-04-04 12:10:00,tests/test_subclassing.py,2,1
flask,662c245795c7cbb5dbd657a2d707c62c16770c18,David Lord,2020-04-04 12:10:00,tests/test_testing.py,1,2
flask,57d628ca74513480908a63a6b66c1c8b1af896e8,David Lord,2020-04-04 12:10:00,src/flask/cli.py,2,6
flask,57d628ca74513480908a63a6b66c1c8b1af896e8,David Lord,2020-04-04 12:10:00,src/flask/ctx.py,1,13
flask,57d628ca74513480908a63a6b66c1c8b1af896e8,David Lord,2020-04-04 12:10:00,src/flask/helpers.py,22,30
flask,57d628ca74513480908a63a6b66c1c8b1af896e8,David Lord,2020-04-04 12:10:00,tests/test_basic.py,2,11
flask,57d628ca74513480908a63a6b66c1c8b1af896e8,David Lord,2020-04-04 12:10:00,tests/test_cli.py,3,8
flask,57d628ca74513480908a63a6b66c1c8b1af896e8,David Lord,2020-04-04 12:10:00,tests/test_helpers.py,0,3
flask,57d628ca74513480908a63a6b66c1c8b1af896e8,David Lord,2020-04-04 12:10:00,tests/test_regression.py,5,6
flask,57d628ca74513480908a63a6b66c1c8b1af896e8,David Lord,2020-04-04 12:10:00,tests/test_reqctx.py,0,8
flask,57d628ca74513480908a63a6b66c1c8b1af896e8,David Lord,2020-04-04 12:10:00,tests/test_testing.py,2,4
flask,524fd0bc8cec7bfe8167c9c98cb5511b01a0f4c6,David Lord,2020-04-04 12:10:00,docs/conf.py,4,6
flask,524fd0bc8cec7bfe8167c9c98cb5511b01a0f4c6,David Lord,2020-04-04 12:10:00,examples/javascript/js_example/__init__.py,1,1
flask,524fd0bc8cec7bfe8167c9c98cb5511b01a0f4c6,David Lord,2020-04-04 12:10:00,examples/javascript/js_example/views.py,1,1
flask,524fd0bc8cec7bfe8167c9c98cb5511b01a0f4c6,David Lord,2020-04-04 12:10:00,examples/javascript/setup.py,1,3
flask,524fd0bc8cec7bfe8167c9c98cb5511b01a0f4c6,David Lord,2020-04-04 12:10:00,examples/tutorial/flaskr/auth.py,1,1
flask,524fd0bc8cec7bfe8167c9c98cb5511b01a0f4c6,David Lord,2020-04-04 12:10:00,examples/tutorial/flaskr/blog.py,1,1
flask,524fd0bc8cec7bfe8167c9c98cb5511b01a0f4c6,David Lord,2020-04-04 12:10:00,examples/tutorial/setup.py,1,3
flask,524fd0bc8cec7bfe8167c9c98cb5511b01a0f4c6,David Lord,2020-04-04 12:10:00,examples/tutorial/tests/conftest.py,1,1
flask,524fd0bc8cec7bfe8167c9c98cb5511b01a0f4c6,David Lord,2020-04-04 12:10:00,examples/tutorial/tests/test_db.py,1,1
flask,524fd0bc8cec7bfe8167c9c98cb5511b01a0f4c6,David Lord,2020-04-04 12:10:00,setup.py,2,3
flask,524fd0bc8cec7bfe8167c9c98cb5511b01a0f4c6,David Lord,2020-04-04 12:10:00,src/flask/__init__.py,0,1
flask,524fd0bc8cec7bfe8167c9c98cb5511b01a0f4c6,David Lord,2020-04-04 12:10:00,src/flask/__main__.py,0,1
flask,524fd0bc8cec7bfe8167c9c98cb5511b01a0f4c6,David Lord,2020-04-04 12:10:00,src/flask/app.py,6,7
flask,524fd0bc8cec7bfe8167c9c98cb5511b01a0f4c6,David Lord,2020-04-04 12:10:00,src/flask/blueprints.py,3,4
flask,524fd0bc8cec7bfe8167c9c98cb5511b01a0f4c6,David Lord,2020-04-04 12:10:00,src/flask/cli.py,13,20
flask,524fd0bc8cec7bfe8167c9c98cb5511b01a0f4c6,David Lord,2020-04-04 12:10:00,src/flask/config.py,4,5
flask,524fd0bc8cec7bfe8167c9c98cb5511b01a0f4c6,David Lord,2020-04-04 12:10:00,src/flask/ctx.py,8,10
flask,524fd0bc8cec7bfe8167c9c98cb5511b01a0f4c6,David Lord,2020-04-04 12:10:00,src/flask/debughelpers.py,3,4
flask,524fd0bc8cec7bfe8167c9c98cb5511b01a0f4c6,David Lord,2020-04-04 12:10:00,src/flask/globals.py,0,1
flask,524fd0bc8cec7bfe8167c9c98cb5511b01a0f4c6,David Lord,2020-04-04 12:10:00,src/flask/helpers.py,4,6
flask,524fd0bc8cec7bfe8167c9c98cb5511b01a0f4c6,David Lord,2020-04-04 12:10:00,src/flask/json/__init__.py,4,5
flask,524fd0bc8cec7bfe8167c9c98cb5511b01a0f4c6,David Lord,2020-04-04 12:10:00,src/flask/json/tag.py,4,5
flask,524fd0bc8cec7bfe8167c9c98cb5511b01a0f4c6,David Lord,2020-04-04 12:10:00,src/flask/logging.py,0,3
flask,524fd0bc8cec7bfe8167c9c98cb5511b01a0f4c6,David Lord,2020-04-04 12:10:00,src/flask/sessions.py,5,6
flask,524fd0bc8cec7bfe8167c9c98cb5511b01a0f4c6,David Lord,2020-04-04 12:10:00,src/flask/signals.py,2,3
flask,524fd0bc8cec7bfe8167c9c98cb5511b01a0f4c6,David Lord,2020-04-04 12:10:00,src/flask/templating.py,0,1
flask,524fd0bc8cec7bfe8167c9c98cb5511b01a0f4c6,David Lord,2020-04-04 12:10:00,src/flask/testing.py,6,7
flask,524fd0bc8cec7bfe8167c9c98cb5511b01a0f4c6,David Lord,2020-04-04 12:10:00,src/flask/views.py,2,3
flask,524fd0bc8cec7bfe8167c9c98cb5511b01a0f4c6,David Lord,2020-04-04 12:10:00,src/flask/wrappers.py,2,3
flask,524fd0bc8cec7bfe8167c9c98cb5511b01a0f4c6,David Lord,2020-04-04 12:10:00,tests/conftest.py,3,4
flask,524fd0bc8cec7bfe8167c9c98cb5511b01a0f4c6,David Lord,2020-04-04 12:10:00,tests/test_appctx.py,2,3
flask,524fd0bc8cec7bfe8167c9c98cb5511b01a0f4c6,David Lord,2020-04-04 12:10:00,tests/test_apps/cliapp/app.py,0,3
flask,524fd0bc8cec7bfe8167c9c98cb5511b01a0f4c6,David Lord,2020-04-04 12:10:00,tests/test_apps/cliapp/factory.py,0,3
flask,524fd0bc8cec7bfe8167c9c98cb5511b01a0f4c6,David Lord,2020-04-04 12:10:00,tests/test_apps/cliapp/importerrorapp.py,0,3
flask,524fd0bc8cec7bfe8167c9c98cb5511b01a0f4c6,David Lord,2020-04-04 12:10:00,tests/test_apps/cliapp/multiapp.py,0,3
flask,524fd0bc8cec7bfe8167c9c98cb5511b01a0f4c6,David Lord,2020-04-04 12:10:00,tests/test_basic.py,24,25
flask,524fd0bc8cec7bfe8167c9c98cb5511b01a0f4c6,David Lord,2020-04-04 12:10:00,tests/test_blueprints.py,0,1
flask,524fd0bc8cec7bfe8167c9c98cb5511b01a0f4c6,David Lord,2020-04-04 12:10:00,tests/test_cli.py,1,4
flask,524fd0bc8cec7bfe8167c9c98cb5511b01a0f4c6,David Lord,2020-04-04 12:10:00,tests/test_config.py,4,5
flask,524fd0bc8cec7bfe8167c9c98cb5511b01a0f4c6,David Lord,2020-04-04 12:10:00,tests/test_converters.py,1,1
flask,524fd0bc8cec7bfe8167c9c98cb5511b01a0f4c6,David Lord,2020-04-04 12:10:00,tests/test_helpers.py,23,24
flask,524fd0bc8cec7bfe8167c9c98cb5511b01a0f4c6,David Lord,2020-04-04 12:10:00,tests/test_instance_config.py,0,1
flask,524fd0bc8cec7bfe8167c9c98cb5511b01a0f4c6,David Lord,2020-04-04 12:10:00,tests/test_json_tag.py,1,2
flask,524fd0bc8cec7bfe8167c9c98cb5511b01a0f4c6,David Lord,2020-04-04 12:10:00,tests/test_logging.py,0,1
flask,524fd0bc8cec7bfe8167c9c98cb5511b01a0f4c6,David Lord,2020-04-04 12:10:00,tests/test_regression.py,1,2
flask,524fd0bc8cec7bfe8167c9c98cb5511b01a0f4c6,David Lord,2020-04-04 12:10:00,tests/test_reqctx.py,4,5
flask,524fd0bc8cec7bfe8167c9c98cb5511b01a0f4c6,David Lord,2020-04-04 12:10:00,tests/test_signals.py,0,1
flask,524fd0bc8cec7bfe8167c9c98cb5511b01a0f4c6,David Lord,2020-04-04 12:10:00,tests/test_subclassing.py,0,1
flask,524fd0bc8cec7bfe8167c9c98cb5511b01a0f4c6,David Lord,2020-04-04 12:10:00,tests/test_templating.py,3,4
flask,524fd0bc8cec7bfe8167c9c98cb5511b01a0f4c6,David Lord,2020-04-04 12:10:00,tests/test_testing.py,4,5
flask,524fd0bc8cec7bfe8167c9c98cb5511b01a0f4c6,David Lord,2020-04-04 12:10:00,tests/test_user_error_handler.py,1,2
flask,524fd0bc8cec7bfe8167c9c98cb5511b01a0f4c6,David Lord,2020-04-04 12:10:00,tests/test_views.py,0,1
flask,2ae740dd4903bbe5f3864384bcdf2ab2d4638bce,David Lord,2020-04-04 12:10:00,src/flask/app.py,27,25
flask,2ae740dd4903bbe5f3864384bcdf2ab2d4638bce,David Lord,2020-04-04 12:10:00,src/flask/blueprints.py,1,1
flask,2ae740dd4903bbe5f3864384bcdf2ab2d4638bce,David Lord,2020-04-04 12:10:00,src/flask/cli.py,34,40
flask,2ae740dd4903bbe5f3864384bcdf2ab2d4638bce,David Lord,2020-04-04 12:10:00,src/flask/config.py,8,8
flask,2ae740dd4903bbe5f3864384bcdf2ab2d4638bce,David Lord,2020-04-04 12:10:00,src/flask/ctx.py,4,6
flask,2ae740dd4903bbe5f3864384bcdf2ab2d4638bce,David Lord,2020-04-04 12:10:00,src/flask/debughelpers.py,35,35
flask,2ae740dd4903bbe5f3864384bcdf2ab2d4638bce,David Lord,2020-04-04 12:10:00,src/flask/helpers.py,24,34
flask,2ae740dd4903bbe5f3864384bcdf2ab2d4638bce,David Lord,2020-04-04 12:10:00,src/flask/json/__init__.py,1,1
flask,2ae740dd4903bbe5f3864384bcdf2ab2d4638bce,David Lord,2020-04-04 12:10:00,src/flask/json/tag.py,1,1
flask,2ae740dd4903bbe5f3864384bcdf2ab2d4638bce,David Lord,2020-04-04 12:10:00,src/flask/sessions.py,7,7
flask,2ae740dd4903bbe5f3864384bcdf2ab2d4638bce,David Lord,2020-04-04 12:10:00,src/flask/testing.py,4,5
flask,2ae740dd4903bbe5f3864384bcdf2ab2d4638bce,David Lord,2020-04-04 12:10:00,src/flask/views.py,2,2
flask,2ae740dd4903bbe5f3864384bcdf2ab2d4638bce,David Lord,2020-04-04 12:10:00,tests/conftest.py,11,14
flask,2ae740dd4903bbe5f3864384bcdf2ab2d4638bce,David Lord,2020-04-04 12:10:00,tests/test_basic.py,4,4
flask,2ae740dd4903bbe5f3864384bcdf2ab2d4638bce,David Lord,2020-04-04 12:10:00,tests/test_blueprints.py,1,1
flask,2ae740dd4903bbe5f3864384bcdf2ab2d4638bce,David Lord,2020-04-04 12:10:00,tests/test_cli.py,6,6
flask,2ae740dd4903bbe5f3864384bcdf2ab2d4638bce,David Lord,2020-04-04 12:10:00,tests/test_config.py,5,7
flask,2ae740dd4903bbe5f3864384bcdf2ab2d4638bce,David Lord,2020-04-04 12:10:00,tests/test_helpers.py,8,6
flask,2ae740dd4903bbe5f3864384bcdf2ab2d4638bce,David Lord,2020-04-04 12:10:00,tests/test_reqctx.py,2,2
flask,2ae740dd4903bbe5f3864384bcdf2ab2d4638bce,David Lord,2020-04-04 12:10:00,tests/test_templating.py,4,4
flask,2ae740dd4903bbe5f3864384bcdf2ab2d4638bce,David Lord,2020-04-04 12:10:00,tests/test_testing.py,2,2
flask,2ae740dd4903bbe5f3864384bcdf2ab2d4638bce,David Lord,2020-04-04 12:10:00,tests/test_user_error_handler.py,3,3
flask,f2f027d1fbc12f3ff24f3e471e11ac56e1a5d869,David Lord,2020-04-04 12:28:08,src/flask/__init__.py,0,12
flask,f2f027d1fbc12f3ff24f3e471e11ac56e1a5d869,David Lord,2020-04-04 12:28:08,src/flask/__main__.py,2,13
flask,f2f027d1fbc12f3ff24f3e471e11ac56e1a5d869,David Lord,2020-04-04 12:28:08,src/flask/app.py,0,9
flask,f2f027d1fbc12f3ff24f3e471e11ac56e1a5d869,David Lord,2020-04-04 12:28:08,src/flask/blueprints.py,0,10
flask,f2f027d1fbc12f3ff24f3e471e11ac56e1a5d869,David Lord,2020-04-04 12:28:08,src/flask/cli.py,0,9
flask,f2f027d1fbc12f3ff24f3e471e11ac56e1a5d869,David Lord,2020-04-04 12:28:08,src/flask/config.py,0,9
flask,f2f027d1fbc12f3ff24f3e471e11ac56e1a5d869,David Lord,2020-04-04 12:28:08,src/flask/ctx.py,0,9
flask,f2f027d1fbc12f3ff24f3e471e11ac56e1a5d869,David Lord,2020-04-04 12:28:08,src/flask/debughelpers.py,0,9
flask,f2f027d1fbc12f3ff24f3e471e11ac56e1a5d869,David Lord,2020-04-04 12:28:08,src/flask/globals.py,0,10
flask,f2f027d1fbc12f3ff24f3e471e11ac56e1a5d869,David Lord,2020-04-04 12:28:08,src/flask/helpers.py,0,9
flask,f2f027d1fbc12f3ff24f3e471e11ac56e1a5d869,David Lord,2020-04-04 12:28:08,src/flask/json/__init__.py,0,7
flask,f2f027d1fbc12f3ff24f3e471e11ac56e1a5d869,David Lord,2020-04-04 12:28:08,src/flask/json/tag.py,13,13
flask,f2f027d1fbc12f3ff24f3e471e11ac56e1a5d869,David Lord,2020-04-04 12:28:08,src/flask/logging.py,0,7
flask,f2f027d1fbc12f3ff24f3e471e11ac56e1a5d869,David Lord,2020-04-04 12:28:08,src/flask/sessions.py,0,9
flask,f2f027d1fbc12f3ff24f3e471e11ac56e1a5d869,David Lord,2020-04-04 12:28:08,src/flask/signals.py,0,10
flask,f2f027d1fbc12f3ff24f3e471e11ac56e1a5d869,David Lord,2020-04-04 12:28:08,src/flask/templating.py,0,9
flask,f2f027d1fbc12f3ff24f3e471e11ac56e1a5d869,David Lord,2020-04-04 12:28:08,src/flask/testing.py,0,10
flask,f2f027d1fbc12f3ff24f3e471e11ac56e1a5d869,David Lord,2020-04-04 12:28:08,src/flask/views.py,0,9
flask,f2f027d1fbc12f3ff24f3e471e11ac56e1a5d869,David Lord,2020-04-04 12:28:08,src/flask/wrappers.py,0,9
flask,f2f027d1fbc12f3ff24f3e471e11ac56e1a5d869,David Lord,2020-04-04 12:28:08,tests/conftest.py,0,7
flask,f2f027d1fbc12f3ff24f3e471e11ac56e1a5d869,David Lord,2020-04-04 12:28:08,tests/test_appctx.py,0,9
flask,f2f027d1fbc12f3ff24f3e471e11ac56e1a5d869,David Lord,2020-04-04 12:28:08,tests/test_basic.py,0,9
flask,f2f027d1fbc12f3ff24f3e471e11ac56e1a5d869,David Lord,2020-04-04 12:28:08,tests/test_blueprints.py,0,9
flask,f2f027d1fbc12f3ff24f3e471e11ac56e1a5d869,David Lord,2020-04-04 12:28:08,tests/test_cli.py,0,7
flask,f2f027d1fbc12f3ff24f3e471e11ac56e1a5d869,David Lord,2020-04-04 12:28:08,tests/test_config.py,0,7
flask,f2f027d1fbc12f3ff24f3e471e11ac56e1a5d869,David Lord,2020-04-04 12:28:08,tests/test_helpers.py,0,9
flask,f2f027d1fbc12f3ff24f3e471e11ac56e1a5d869,David Lord,2020-04-04 12:28:08,tests/test_instance_config.py,0,7
flask,f2f027d1fbc12f3ff24f3e471e11ac56e1a5d869,David Lord,2020-04-04 12:28:08,tests/test_json_tag.py,0,7
flask,f2f027d1fbc12f3ff24f3e471e11ac56e1a5d869,David Lord,2020-04-04 12:28:08,tests/test_logging.py,0,7
flask,f2f027d1fbc12f3ff24f3e471e11ac56e1a5d869,David Lord,2020-04-04 12:28:08,tests/test_regression.py,0,9
flask,f2f027d1fbc12f3ff24f3e471e11ac56e1a5d869,David Lord,2020-04-04 12:28:08,tests/test_reqctx.py,0,9
flask,f2f027d1fbc12f3ff24f3e471e11ac56e1a5d869,David Lord,2020-04-04 12:28:08,tests/test_signals.py,0,9
flask,f2f027d1fbc12f3ff24f3e471e11ac56e1a5d869,David Lord,2020-04-04 12:28:08,tests/test_subclassing.py,0,10
flask,f2f027d1fbc12f3ff24f3e471e11ac56e1a5d869,David Lord,2020-04-04 12:28:08,tests/test_templating.py,0,9
flask,f2f027d1fbc12f3ff24f3e471e11ac56e1a5d869,David Lord,2020-04-04 12:28:08,tests/test_testing.py,0,9
flask,f2f027d1fbc12f3ff24f3e471e11ac56e1a5d869,David Lord,2020-04-04 12:28:08,tests/test_user_error_handler.py,0,7
flask,f2f027d1fbc12f3ff24f3e471e11ac56e1a5d869,David Lord,2020-04-04 12:28:08,tests/test_views.py,0,9
flask,171aabc87dd8bff0367d0555c8be6105b00c22ce,David Lord,2020-04-04 12:57:14,src/flask/app.py,2,2
flask,171aabc87dd8bff0367d0555c8be6105b00c22ce,David Lord,2020-04-04 12:57:14,src/flask/blueprints.py,1,1
flask,171aabc87dd8bff0367d0555c8be6105b00c22ce,David Lord,2020-04-04 12:57:14,src/flask/cli.py,1,3
flask,171aabc87dd8bff0367d0555c8be6105b00c22ce,David Lord,2020-04-04 12:57:14,src/flask/helpers.py,5,5
flask,171aabc87dd8bff0367d0555c8be6105b00c22ce,David Lord,2020-04-04 12:57:14,src/flask/json/__init__.py,3,2
flask,171aabc87dd8bff0367d0555c8be6105b00c22ce,David Lord,2020-04-04 12:57:14,src/flask/testing.py,1,1
flask,024f0d384cf5bb65c76ac59f8ddce464b2dc2ca1,David Lord,2020-04-04 14:50:21,examples/javascript/setup.py,1,19
flask,024f0d384cf5bb65c76ac59f8ddce464b2dc2ca1,David Lord,2020-04-04 14:50:21,examples/tutorial/setup.py,1,19
flask,024f0d384cf5bb65c76ac59f8ddce464b2dc2ca1,David Lord,2020-04-04 14:50:21,setup.py,1,41
flask,024f0d384cf5bb65c76ac59f8ddce464b2dc2ca1,David Lord,2020-04-04 14:50:21,src/flask/__init__.py,2,2
flask,c43edfc7c08b8dbe883761bec14fa75ee7db1bf3,David Lord,2020-04-07 09:55:39,src/flask/json/__init__.py,20,69
flask,c43edfc7c08b8dbe883761bec14fa75ee7db1bf3,David Lord,2020-04-07 09:55:39,tests/test_helpers.py,0,21
flask,8b5f760b7285c863d5c7a4ee10adb5eb7ac60a05,David Lord,2020-04-07 12:32:27,src/flask/json/__init__.py,54,48
flask,8b5f760b7285c863d5c7a4ee10adb5eb7ac60a05,David Lord,2020-04-07 12:32:27,tests/test_helpers.py,0,1
flask,756902cca1bab981fbec0ea759d93239d9a711f0,David Lord,2020-04-07 13:37:14,src/flask/json/__init__.py,119,102
flask,756902cca1bab981fbec0ea759d93239d9a711f0,David Lord,2020-04-07 13:37:14,src/flask/json/tag.py,4,4
flask,fcac7f11cf5fbdaa43c3a8c305b31cf0a43a70d3,David Lord,2020-04-07 15:54:36,src/flask/cli.py,15,8
flask,fcac7f11cf5fbdaa43c3a8c305b31cf0a43a70d3,David Lord,2020-04-07 15:54:36,tests/test_apps/cliapp/factory.py,0,4
flask,fcac7f11cf5fbdaa43c3a8c305b31cf0a43a70d3,David Lord,2020-04-07 15:54:36,tests/test_cli.py,24,19
flask,ff2f71379b719903e462ed6a83801b1736009000,David Lord,2020-04-07 17:54:51,src/flask/cli.py,63,37
flask,ff2f71379b719903e462ed6a83801b1736009000,David Lord,2020-04-07 17:54:51,tests/test_cli.py,0,1
flask,846ee2c62e369ed06190b8791088748bd3a83557,jackwardell,2020-04-16 10:49:42,src/flask/app.py,3,1
flask,846ee2c62e369ed06190b8791088748bd3a83557,jackwardell,2020-04-16 10:49:42,tests/test_user_error_handler.py,8,0
flask,eea31f29a50eeb30ec3c314bb2a6de4c931095c1,David Lord,2020-05-23 14:03:11,setup.py,1,12
flask,84cbfc0698f429c93450cd6f1600e56b41a30247,Grey Li,2020-07-05 09:37:03,src/flask/cli.py,0,7
flask,84cbfc0698f429c93450cd6f1600e56b41a30247,Grey Li,2020-07-05 09:37:03,tests/test_cli.py,1,1
flask,7ba35c4d4fe99418cee9c87900bd0d3b38cf5bd0,Joshua Bronson,2020-07-06 08:55:19,src/flask/helpers.py,1,1
flask,7ba35c4d4fe99418cee9c87900bd0d3b38cf5bd0,Joshua Bronson,2020-07-06 08:55:19,tests/test_basic.py,10,0
flask,b724832872ae4b4cd4b5f61c153eae39f1c3b213,Joshua Bronson,2020-07-06 13:47:57,src/flask/helpers.py,1,1
flask,b724832872ae4b4cd4b5f61c153eae39f1c3b213,Joshua Bronson,2020-07-06 13:47:57,tests/test_basic.py,10,0
flask,4a1acc8b5f0b5608fa8f20a1ef3afc13574cb96e,Armin Ronacher,2020-07-08 15:53:43,src/flask/helpers.py,2,1
flask,7b09a0904c32dc8784cdd68e842442057340a361,Christopher Nguyen,2020-07-23 16:53:39,src/flask/app.py,1,1
flask,7b09a0904c32dc8784cdd68e842442057340a361,Christopher Nguyen,2020-07-23 16:53:39,tests/test_basic.py,6,3
flask,75a9b7465003205981b97fd4a133b07d7c330167,Martin Thoma,2020-07-26 15:47:12,tests/test_cli.py,0,10
flask,75a9b7465003205981b97fd4a133b07d7c330167,Martin Thoma,2020-07-26 15:47:12,tests/test_helpers.py,0,3
flask,253570784cdcc85d82142128ce33e3b9d8f8db14,David Lord,2020-07-30 18:36:55,src/flask/cli.py,22,24
flask,253570784cdcc85d82142128ce33e3b9d8f8db14,David Lord,2020-07-30 18:36:55,tests/conftest.py,9,3
flask,253570784cdcc85d82142128ce33e3b9d8f8db14,David Lord,2020-07-30 18:36:55,tests/test_cli.py,25,10
flask,b146a13f633b0e2e26e3b8383b3db0feb563bc83,yk396,2020-08-01 07:45:58,src/flask/app.py,14,353
flask,b146a13f633b0e2e26e3b8383b3db0feb563bc83,yk396,2020-08-01 07:45:58,src/flask/blueprints.py,43,134
flask,b146a13f633b0e2e26e3b8383b3db0feb563bc83,yk396,2020-08-01 07:45:58,src/flask/helpers.py,0,8
flask,b146a13f633b0e2e26e3b8383b3db0feb563bc83,yk396,2020-08-01 07:45:58,src/flask/scaffold.py,411,0
flask,414b30b2ec8ae365ca311b697d44578394371ff6,Grey Li,2020-08-07 19:01:42,docs/conf.py,1,1
flask,cf3089a8f82d50430da4cbe690c1ef11d30241ec,Nils Philippsen,2020-08-13 10:44:43,src/flask/cli.py,1,1
flask,1f1b65a62576bc6a2f9cd27e9a725f0554fc70c7,WolframAlph,2020-08-23 08:56:24,src/flask/blueprints.py,1,1
flask,5bfe236fb531045497396bc85ee5026c6c9c68eb,ongopongo,2020-08-26 09:20:21,src/flask/cli.py,1,1
flask,8efea0ccbbf0985e0c3c001e5bd90b4912a18f54,Bogdan Opanchuk,2020-10-03 10:05:05,src/flask/app.py,5,1
flask,8efea0ccbbf0985e0c3c001e5bd90b4912a18f54,Bogdan Opanchuk,2020-10-03 10:05:05,tests/test_basic.py,24,0
flask,bdf7083cfdeef0e0bdd0bf6d4c23b26c92b52d95,Matěj Volf,2020-10-07 08:06:29,src/flask/blueprints.py,1,1
flask,8c6baeedab60e0041317c2709df100dfd216c2ef,Paul Sanders,2020-10-11 19:16:17,tests/test_helpers.py,15,15
flask,1035efc7d6e49a459ec2dcbfab9526a7347d6f2e,Grey Li,2020-10-15 14:08:37,docs/conf.py,1,0
flask,5d60cce2429e2c7e11e9acc5ea030464bf169f84,Sebastian Höffner,2020-10-29 09:33:20,src/flask/helpers.py,1,1
flask,1c6dc15420b21fc325833ab2955375e9736f2e74,David Lord,2020-10-31 19:19:11,src/flask/wrappers.py,1,1
flask,a0e2aca770c756d9f7de53339e2cf9067a52df11,David Lord,2020-10-31 20:16:24,tests/test_helpers.py,0,380
flask,a0e2aca770c756d9f7de53339e2cf9067a52df11,David Lord,2020-10-31 20:16:24,tests/test_json.py,402,0
flask,6def8a4a489ce1321a44bc1947c5c86620afdb3f,David Lord,2020-10-31 20:18:25,tests/test_json.py,10,0
flask,373f0dd82e68ab7cac7a77344e715dbe68faebd3,David Lord,2020-11-01 05:30:02,src/flask/blueprints.py,2,4
flask,373f0dd82e68ab7cac7a77344e715dbe68faebd3,David Lord,2020-11-01 05:30:02,src/flask/scaffold.py,1,2
flask,373f0dd82e68ab7cac7a77344e715dbe68faebd3,David Lord,2020-11-01 05:30:02,tests/test_basic.py,2,1
flask,7a444c5dab97d640282ec8fc4838bef2c128273f,David Lord,2020-11-04 18:00:21,src/flask/testing.py,35,27
flask,7a444c5dab97d640282ec8fc4838bef2c128273f,David Lord,2020-11-04 18:00:21,tests/test_json.py,2,2
flask,22987b68173e9bf56cc450cb7aeb93f5480a2660,Mathurshan Vimalesvaran,2020-11-04 18:16:05,src/flask/sessions.py,5,3
flask,22987b68173e9bf56cc450cb7aeb93f5480a2660,Mathurshan Vimalesvaran,2020-11-04 18:16:05,tests/test_basic.py,13,0
flask,dc11cdb4a4627b9f8c79e47e39aa7e1357151896,David Lord,2020-11-05 09:27:52,src/flask/app.py,14,10
flask,dc11cdb4a4627b9f8c79e47e39aa7e1357151896,David Lord,2020-11-05 09:27:52,src/flask/helpers.py,187,288
flask,dc11cdb4a4627b9f8c79e47e39aa7e1357151896,David Lord,2020-11-05 09:27:52,tests/test_blueprints.py,1,1
flask,dc11cdb4a4627b9f8c79e47e39aa7e1357151896,David Lord,2020-11-05 09:27:52,tests/test_helpers.py,18,322
flask,dc11cdb4a4627b9f8c79e47e39aa7e1357151896,David Lord,2020-11-05 09:27:52,tests/test_regression.py,0,8
flask,eb41e7e417cbf53d19517e356381423cfd256c2f,Grey Li,2021-01-03 13:57:45,tests/test_basic.py,2,0
flask,aff21fd8bc4d168caf481de87bb5447adccd18ad,huimingz,2021-01-04 09:45:01,src/flask/json/__init__.py,1,1
flask,2fab8a31ae2639b3eacdd3935d58203b09650f29,Grey Li,2021-01-04 10:32:01,src/flask/json/__init__.py,3,3
flask,fdba0d2526347786c05c15027e183a5ba4d81114,David Lord,2021-01-29 10:52:48,src/flask/wrappers.py,11,15
flask,1936ca8a2e1789efd6169a901a8b60ec62ceb578,David Lord,2021-01-29 10:52:48,src/flask/app.py,1,1
flask,1936ca8a2e1789efd6169a901a8b60ec62ceb578,David Lord,2021-01-29 10:52:48,src/flask/testing.py,1,1
flask,1936ca8a2e1789efd6169a901a8b60ec62ceb578,David Lord,2021-01-29 10:52:48,src/flask/wrappers.py,1,1
flask,14f56363a4992506f2b3670985fca4f0a29e5176,David Lord,2021-01-29 10:52:48,src/flask/helpers.py,21,3
flask,eb42655c46f8a598f2e0ead624ba5a65a8a66e90,David Lord,2021-01-29 11:03:33,src/flask/app.py,4,11
flask,64206c13c2bff0220328845db0995f451cefd3b1,David Lord,2021-01-29 11:26:17,src/flask/app.py,1,4
flask,055cdc2625c0cdf8cea87524f5c6bcf07f7e5005,David Lord,2021-01-29 11:29:36,src/flask/__main__.py,1,1
flask,055cdc2625c0cdf8cea87524f5c6bcf07f7e5005,David Lord,2021-01-29 11:29:36,src/flask/cli.py,3,3
flask,81ba6c24efea58dd00c093448fa2e529c0cda507,David Lord,2021-02-01 19:14:58,src/flask/app.py,1,1
flask,01621485fdad733b0886117d59bea1adac8d4fcc,Matthew Preble,2021-02-01 20:41:17,src/flask/ctx.py,3,3
flask,01621485fdad733b0886117d59bea1adac8d4fcc,Matthew Preble,2021-02-01 20:41:17,tests/test_session_interface.py,22,0
flask,b473e7c97c7c557e64fb84236c7d346b6ad16736,David Lord,2021-02-01 22:48:09,src/flask/app.py,1,1
flask,b473e7c97c7c557e64fb84236c7d346b6ad16736,David Lord,2021-02-01 22:48:09,src/flask/json/__init__.py,10,16
flask,b473e7c97c7c557e64fb84236c7d346b6ad16736,David Lord,2021-02-01 22:48:09,tests/test_json.py,10,17
flask,0ee1b0b5d9712b6cf2f22429db98549e1a0c8cb8,David Lord,2021-02-08 18:04:02,tests/test_regression.py,0,54
flask,3cd615a1d6db7e319c27bca2499ab7390065f090,David Lord,2021-02-24 10:09:15,docs/conf.py,5,3
flask,0c7cbe2d1186f53efcd0da0589a2eaf0382e4d39,David Lord,2021-02-24 10:09:50,setup.py,0,6
flask,49b7341a491e01cd6a08238ca63bd46ae53a009f,Grey Li,2021-02-25 09:45:55,src/flask/json/__init__.py,1,4
flask,49b7341a491e01cd6a08238ca63bd46ae53a009f,Grey Li,2021-02-25 09:45:55,tests/test_json.py,9,12
flask,49b7341a491e01cd6a08238ca63bd46ae53a009f,Grey Li,2021-02-25 09:45:55,tests/test_json_tag.py,2,1
flask,705e52684a9063889c16a289695a2e4429df6887,pgjones,2021-03-08 08:55:14,src/flask/scaffold.py,41,0
flask,705e52684a9063889c16a289695a2e4429df6887,pgjones,2021-03-08 08:55:14,tests/test_basic.py,17,0
flask,fd62210f583e90764be6e8d9f295f37f33a65e48,pgjones,2021-03-08 09:58:12,src/flask/app.py,6,6
flask,fd62210f583e90764be6e8d9f295f37f33a65e48,pgjones,2021-03-08 09:58:12,src/flask/blueprints.py,1,1
flask,fd62210f583e90764be6e8d9f295f37f33a65e48,pgjones,2021-03-08 09:58:12,src/flask/scaffold.py,16,14
flask,83d358d2c43c79b7d7fe5365e079447296c65eaf,pgjones,2021-03-08 09:58:12,src/flask/app.py,5,6
flask,33145c36991c503aeb1e5870c27b720ec80d5079,Grey Li,2021-03-10 21:40:29,src/flask/cli.py,5,2
flask,33145c36991c503aeb1e5870c27b720ec80d5079,Grey Li,2021-03-10 21:40:29,tests/test_cli.py,3,2
flask,9f7c602a84faa8371be4ece23e4405282d1283d2,David Lord,2021-03-10 10:38:13,src/flask/app.py,1,4
flask,9f7c602a84faa8371be4ece23e4405282d1283d2,David Lord,2021-03-10 10:38:13,src/flask/helpers.py,0,303
flask,9f7c602a84faa8371be4ece23e4405282d1283d2,David Lord,2021-03-10 10:38:13,src/flask/scaffold.py,343,46
flask,7029674775023c076a1dc03367214d178423809a,David Lord,2021-03-10 10:38:16,src/flask/app.py,3,69
flask,7029674775023c076a1dc03367214d178423809a,David Lord,2021-03-10 10:38:16,src/flask/blueprints.py,4,19
flask,7029674775023c076a1dc03367214d178423809a,David Lord,2021-03-10 10:38:16,src/flask/scaffold.py,201,81
flask,25ab05e6a2ae248ab76002807d47c23952492f17,David Lord,2021-03-10 10:38:16,src/flask/app.py,0,6
flask,ef52e3e4a379b16a8b906ff101c6edae71d80dc9,David Lord,2021-03-10 10:38:17,src/flask/scaffold.py,2,11
flask,3dfc12e8d82a66c4041783fcaec58a7a24dbe348,David Lord,2021-03-10 10:51:06,src/flask/blueprints.py,44,49
flask,6979265fa643ed982d062f38d386c37bbbef0d9b,pgjones,2021-04-06 09:35:10,setup.py,4,1
flask,6979265fa643ed982d062f38d386c37bbbef0d9b,pgjones,2021-04-06 09:35:10,src/flask/app.py,3,3
flask,6979265fa643ed982d062f38d386c37bbbef0d9b,pgjones,2021-04-06 09:35:10,src/flask/helpers.py,41,0
flask,6979265fa643ed982d062f38d386c37bbbef0d9b,pgjones,2021-04-06 09:35:10,src/flask/scaffold.py,20,5
flask,6979265fa643ed982d062f38d386c37bbbef0d9b,pgjones,2021-04-06 09:35:10,tests/test_async.py,33,0
flask,c6c6408c3fb96245a2e2afc4b754cdf065fdad47,pgjones,2021-04-06 09:35:10,src/flask/helpers.py,6,0
flask,c6c6408c3fb96245a2e2afc4b754cdf065fdad47,pgjones,2021-04-06 09:35:10,tests/test_async.py,9,0
flask,00f5a3e55ca3b6dd4e98044ab76f055dc74997ac,pgjones,2021-04-06 15:33:06,src/flask/app.py,15,0
flask,00f5a3e55ca3b6dd4e98044ab76f055dc74997ac,pgjones,2021-04-06 15:33:06,src/flask/blueprints.py,51,13
flask,00f5a3e55ca3b6dd4e98044ab76f055dc74997ac,pgjones,2021-04-06 15:33:06,src/flask/helpers.py,1,0
flask,00f5a3e55ca3b6dd4e98044ab76f055dc74997ac,pgjones,2021-04-06 15:33:06,src/flask/scaffold.py,1,13
flask,00f5a3e55ca3b6dd4e98044ab76f055dc74997ac,pgjones,2021-04-06 15:33:06,tests/test_async.py,101,6
flask,61fbae866478c19ea5f5c3b9b571a4fad0ba7e5c,David Lord,2021-04-06 15:33:06,tests/test_async.py,2,0
flask,dc3e9c0cc36b7945431454ea1543da4e33023bb2,David Lord,2021-04-06 15:33:06,src/flask/app.py,5,4
flask,dc3e9c0cc36b7945431454ea1543da4e33023bb2,David Lord,2021-04-06 15:33:06,src/flask/blueprints.py,2,2
flask,dc3e9c0cc36b7945431454ea1543da4e33023bb2,David Lord,2021-04-06 15:33:06,src/flask/helpers.py,5,4
flask,6d5ccdefe29292974d0bb8e1d80dcd1a06f28368,pgjones,2021-04-12 19:38:42,src/flask/app.py,16,1
flask,f92e820b4bf357e9792d08ce398802715a63eafe,pgjones,2021-04-14 09:25:42,src/flask/app.py,31,43
flask,f92e820b4bf357e9792d08ce398802715a63eafe,pgjones,2021-04-14 09:25:42,src/flask/blueprints.py,48,13
flask,f92e820b4bf357e9792d08ce398802715a63eafe,pgjones,2021-04-14 09:25:42,tests/test_blueprints.py,49,0
flask,32272da9ac6e16fa22d3401b2d995d5bf3db9492,David Lord,2021-04-14 10:01:32,src/flask/cli.py,18,0
flask,8ab4967703c2f5c500174f46b672d80e32f55d85,David Lord,2021-04-15 15:58:24,src/flask/cli.py,3,2
flask,8ab4967703c2f5c500174f46b672d80e32f55d85,David Lord,2021-04-15 15:58:24,src/flask/helpers.py,9,8
flask,8ab4967703c2f5c500174f46b672d80e32f55d85,David Lord,2021-04-15 15:58:24,src/flask/json/__init__.py,13,12
flask,8ab4967703c2f5c500174f46b672d80e32f55d85,David Lord,2021-04-15 15:58:24,src/flask/scaffold.py,1,1
flask,5a7a4ab4c5eed63a23762e09b7e6a739375ad0f0,David Lord,2021-04-15 23:07:28,src/flask/helpers.py,19,20
flask,85b430a3669191ee0d092393f98c0dae47218cab,David Lord,2021-04-15 23:14:53,src/flask/helpers.py,10,0
flask,85b430a3669191ee0d092393f98c0dae47218cab,David Lord,2021-04-15 23:14:53,src/flask/sessions.py,1,2
flask,ec27677f956859fb91c87c4ec7e2766873e67bc0,David Lord,2021-04-15 23:14:53,src/flask/helpers.py,0,7
flask,5c6a0f0c121297362b4c78e4240dd8445b9d9f12,pgjones,2021-04-16 12:34:51,src/flask/app.py,2,0
flask,5c6a0f0c121297362b4c78e4240dd8445b9d9f12,pgjones,2021-04-16 12:34:51,src/flask/helpers.py,1,0
flask,5c6a0f0c121297362b4c78e4240dd8445b9d9f12,pgjones,2021-04-16 12:34:51,tests/test_async.py,2,1
flask,07000942dacaeffa84d9db57ea42570fcfb0395e,David Lord,2021-04-16 08:45:04,setup.py,4,4
flask,7df5db7b0c78b0588f82f2148b51461f94320b90,David Lord,2021-04-16 08:45:26,src/flask/__init__.py,1,1
flask,77237093da25438c88b0a74c374a397d4bf823eb,pgjones,2021-04-26 17:29:53,src/flask/app.py,181,111
flask,77237093da25438c88b0a74c374a397d4bf823eb,pgjones,2021-04-26 17:29:53,src/flask/blueprints.py,93,45
flask,77237093da25438c88b0a74c374a397d4bf823eb,pgjones,2021-04-26 17:29:53,src/flask/cli.py,10,7
flask,77237093da25438c88b0a74c374a397d4bf823eb,pgjones,2021-04-26 17:29:53,src/flask/config.py,28,26
flask,77237093da25438c88b0a74c374a397d4bf823eb,pgjones,2021-04-26 17:29:53,src/flask/ctx.py,49,31
flask,77237093da25438c88b0a74c374a397d4bf823eb,pgjones,2021-04-26 17:29:53,src/flask/debughelpers.py,4,3
flask,77237093da25438c88b0a74c374a397d4bf823eb,pgjones,2021-04-26 17:29:53,src/flask/globals.py,10,4
flask,77237093da25438c88b0a74c374a397d4bf823eb,pgjones,2021-04-26 17:29:53,src/flask/helpers.py,45,29
flask,77237093da25438c88b0a74c374a397d4bf823eb,pgjones,2021-04-26 17:29:53,src/flask/json/__init__.py,37,20
flask,77237093da25438c88b0a74c374a397d4bf823eb,pgjones,2021-04-26 17:29:53,src/flask/json/tag.py,42,36
flask,77237093da25438c88b0a74c374a397d4bf823eb,pgjones,2021-04-26 17:29:53,src/flask/logging.py,9,5
flask,77237093da25438c88b0a74c374a397d4bf823eb,pgjones,2021-04-26 17:29:53,src/flask/scaffold.py,112,63
flask,77237093da25438c88b0a74c374a397d4bf823eb,pgjones,2021-04-26 17:29:53,src/flask/sessions.py,44,26
flask,77237093da25438c88b0a74c374a397d4bf823eb,pgjones,2021-04-26 17:29:53,src/flask/signals.py,7,5
flask,77237093da25438c88b0a74c374a397d4bf823eb,pgjones,2021-04-26 17:29:53,src/flask/templating.py,28,11
flask,77237093da25438c88b0a74c374a397d4bf823eb,pgjones,2021-04-26 17:29:53,src/flask/testing.py,38,19
flask,77237093da25438c88b0a74c374a397d4bf823eb,pgjones,2021-04-26 17:29:53,src/flask/typing.py,46,0
flask,77237093da25438c88b0a74c374a397d4bf823eb,pgjones,2021-04-26 17:29:53,src/flask/views.py,16,11
flask,77237093da25438c88b0a74c374a397d4bf823eb,pgjones,2021-04-26 17:29:53,src/flask/wrappers.py,20,9
flask,10b0d6b33f7a4414fd3f4474c0deceed2e40117e,Adrian Moennich,2021-04-27 16:42:16,src/flask/helpers.py,51,0
flask,10b0d6b33f7a4414fd3f4474c0deceed2e40117e,Adrian Moennich,2021-04-27 16:42:16,src/flask/scaffold.py,1,49
flask,26a6cc0f94dd25390e2b2d7462bb4a414a862b16,Adrian Moennich,2021-04-27 16:45:06,setup.py,1,1
flask,26a6cc0f94dd25390e2b2d7462bb4a414a862b16,Adrian Moennich,2021-04-27 16:45:06,src/flask/cli.py,7,0
flask,26a6cc0f94dd25390e2b2d7462bb4a414a862b16,Adrian Moennich,2021-04-27 16:45:06,tests/test_cli.py,10,0
flask,cb13128cf03b2f1b3c5b48eab518e57e7b5f6516,pgjones,2021-05-03 06:15:39,src/flask/helpers.py,4,29
flask,7f87f3dd93baf45d5f69f02a2dcf4493dfc4a1be,pgjones,2021-05-03 06:15:39,src/flask/app.py,14,16
flask,7f87f3dd93baf45d5f69f02a2dcf4493dfc4a1be,pgjones,2021-05-03 06:15:39,src/flask/blueprints.py,8,32
flask,7f87f3dd93baf45d5f69f02a2dcf4493dfc4a1be,pgjones,2021-05-03 06:15:39,src/flask/helpers.py,9,10
flask,7f87f3dd93baf45d5f69f02a2dcf4493dfc4a1be,pgjones,2021-05-03 06:15:39,src/flask/scaffold.py,5,8
flask,7f87f3dd93baf45d5f69f02a2dcf4493dfc4a1be,pgjones,2021-05-03 06:15:39,tests/test_async.py,2,2
flask,2889da67cb15ac6d5d882781d54014286d9ae010,pgjones,2021-05-03 06:18:41,src/flask/app.py,32,2
flask,2889da67cb15ac6d5d882781d54014286d9ae010,pgjones,2021-05-03 06:18:41,src/flask/helpers.py,0,24
flask,2889da67cb15ac6d5d882781d54014286d9ae010,pgjones,2021-05-03 06:18:41,tests/test_async.py,2,2
flask,e2b7d1056c6c8f6f26a4b9dfcc5dc4b2ef87f573,David Lord,2021-05-03 07:02:42,src/flask/__init__.py,1,1
flask,79ac96f1239601eb12f6f69fcb3ce6cb269ac5fb,David Lord,2021-05-10 22:45:42,docs/conf.py,1,0
flask,3a5532b4ed0db5cfd826e7fd2006ede6e873b028,David Lord,2021-05-11 14:33:44,setup.py,3,3
flask,1403d35e2a107e0fc693a09898cf605bb18989ad,David Lord,2021-05-11 14:41:52,src/flask/app.py,1,1
flask,1403d35e2a107e0fc693a09898cf605bb18989ad,David Lord,2021-05-11 14:41:52,src/flask/json/__init__.py,1,1
flask,1403d35e2a107e0fc693a09898cf605bb18989ad,David Lord,2021-05-11 14:41:52,src/flask/templating.py,8,5
flask,f8e63d39913f9a7bb887066025724569aa3423a6,David Lord,2021-05-11 14:41:52,src/flask/__init__.py,1,1
flask,6fb1101f7075b4ff8197f3ef3b9fecfa41dc34ee,David Lord,2021-05-11 14:48:08,src/flask/__init__.py,1,1
flask,2846abaefed01f1da0d58ca3a83a2a09bea71e9c,David Lord,2021-05-11 14:48:48,src/flask/__init__.py,1,1
flask,80a4e62096f4010235823180462b4d6e058d025a,David Lord,2021-05-11 14:55:09,setup.py,1,1
flask,52adf2ec219a0cb9abcfd116ec104c9a362c602a,David Lord,2021-05-11 15:18:41,docs/conf.py,1,1
flask,fc82dd50e39700b14799df17578e2497b8f0248c,Grey Li,2021-05-12 10:15:55,src/flask/helpers.py,15,1
flask,89475e5d1e3e25ce56c9d9411496528f4a1ba82b,David Lord,2021-05-13 11:36:05,src/flask/__init__.py,41,41
flask,2baaa8fd8ebdd0f7bf7a24bff4855ef53476c92d,David Lord,2021-05-13 11:36:05,src/flask/globals.py,5,3
flask,6fe7f45725dd0fc94fb3ce7ab3b3ff477b10401a,David Lord,2021-05-13 13:06:32,src/flask/ctx.py,20,2
flask,25884c433f1eddf4537694d4c5f9f78cd9a14955,David Lord,2021-05-13 13:06:32,src/flask/app.py,2,1
flask,25884c433f1eddf4537694d4c5f9f78cd9a14955,David Lord,2021-05-13 13:06:32,src/flask/sessions.py,2,1
flask,25884c433f1eddf4537694d4c5f9f78cd9a14955,David Lord,2021-05-13 13:06:32,src/flask/wrappers.py,2,1
flask,d5aadba4d34f6070377e88429b178ba08eea5349,Grey Li,2021-05-13 13:33:07,src/flask/helpers.py,29,21
flask,d5aadba4d34f6070377e88429b178ba08eea5349,Grey Li,2021-05-13 13:33:07,src/flask/scaffold.py,1,1
flask,7c5261407dae61679c268b44c63d73909c3fe652,David Lord,2021-05-13 14:31:50,src/flask/blueprints.py,10,6
flask,7c5261407dae61679c268b44c63d73909c3fe652,David Lord,2021-05-13 14:31:50,tests/test_basic.py,3,3
flask,7c5261407dae61679c268b44c63d73909c3fe652,David Lord,2021-05-13 14:31:50,tests/test_blueprints.py,12,76
flask,e93704fbfd5f40e48f8fe9034b6b0fe420d28fb3,Grey Li,2021-05-13 15:02:13,src/flask/blueprints.py,10,6
flask,e93704fbfd5f40e48f8fe9034b6b0fe420d28fb3,Grey Li,2021-05-13 15:02:13,tests/test_blueprints.py,33,0
flask,6d8b4ce9d037937ef8694067ab5754666240d097,David Lord,2021-05-13 16:16:45,setup.py,4,4
flask,6d8b4ce9d037937ef8694067ab5754666240d097,David Lord,2021-05-13 16:16:45,src/flask/__init__.py,1,1
flask,661bbcdb90ee82baded66ae0733cb87ea5f464ef,David Lord,2021-05-13 16:22:57,src/flask/__init__.py,1,1
flask,3ace642ef32eae3fa096bef85a87545eba3f53fc,brettlangdon,2021-05-13 18:17:00,src/flask/__init__.py,1,1
flask,3ace642ef32eae3fa096bef85a87545eba3f53fc,brettlangdon,2021-05-13 18:17:00,src/flask/helpers.py,1,1
flask,3ace642ef32eae3fa096bef85a87545eba3f53fc,brettlangdon,2021-05-13 18:17:00,tests/test_basic.py,0,1
flask,64a5d7a018aadcb5d7d868a782a04d1b599ef89b,David Lord,2021-05-13 18:22:56,src/flask/__init__.py,1,1
flask,a7b02b3a07ae292ce376df2459eae3ffb4c06d52,David Lord,2021-05-14 08:11:09,src/flask/ctx.py,5,3
flask,a7b02b3a07ae292ce376df2459eae3ffb4c06d52,David Lord,2021-05-14 08:11:09,tests/test_converters.py,5,3
flask,a7b02b3a07ae292ce376df2459eae3ffb4c06d52,David Lord,2021-05-14 08:11:09,tests/test_session_interface.py,15,10
flask,6fbdeb80c76b8a698ab366d21ccd786731b17361,pgjones,2021-05-17 15:47:25,src/flask/blueprints.py,2,0
flask,6fbdeb80c76b8a698ab366d21ccd786731b17361,pgjones,2021-05-17 15:47:25,tests/test_blueprints.py,14,0
flask,1b5f21e015e2c4f36fcdb34a09ce93787d59e181,Danny Sepler,2021-05-17 08:46:36,tests/test_cli.py,16,27
flask,afc907fd0d4a4e96398829d75ded9711a3046070,David Lord,2021-05-17 16:03:12,src/flask/typing.py,1,1
flask,10425fb9b13d977128f18c1051fb93edc9aee2de,David Lord,2021-05-20 13:50:13,src/flask/config.py,25,0
flask,cfda27089932a102953da73fdab17cf9814334e4,David Lord,2021-05-20 21:03:02,docs/conf.py,3,3
flask,bf982718cf30615f2dd17fa71fe17d565ebb1d3e,Alex Hedges,2021-05-21 08:09:05,src/flask/blueprints.py,10,1
flask,bf982718cf30615f2dd17fa71fe17d565ebb1d3e,Alex Hedges,2021-05-21 08:09:05,src/flask/scaffold.py,1,1
flask,8796b2a784bc45fcc6865cd80b2cba0601448727,Alex Hedges,2021-05-21 08:09:05,src/flask/scaffold.py,4,2
flask,10a36cb60e10594aa5dbf3c5aba6abbd5f6fcd70,Alex Hedges,2021-05-21 08:09:05,src/flask/app.py,9,3
flask,10a36cb60e10594aa5dbf3c5aba6abbd5f6fcd70,Alex Hedges,2021-05-21 08:09:05,src/flask/blueprints.py,9,3
flask,10a36cb60e10594aa5dbf3c5aba6abbd5f6fcd70,Alex Hedges,2021-05-21 08:09:05,src/flask/scaffold.py,1,1
flask,99afbb277d25d3b052e00b9a8da216054d51d62a,pgjones,2021-05-21 15:04:18,src/flask/blueprints.py,3,1
flask,99afbb277d25d3b052e00b9a8da216054d51d62a,pgjones,2021-05-21 15:04:18,tests/test_blueprints.py,25,41
flask,141fde1d8ec8663b4be98777750d2f58c6fe44ad,pgjones,2021-05-21 15:04:18,src/flask/app.py,15,14
flask,141fde1d8ec8663b4be98777750d2f58c6fe44ad,pgjones,2021-05-21 15:04:18,src/flask/blueprints.py,20,20
flask,141fde1d8ec8663b4be98777750d2f58c6fe44ad,pgjones,2021-05-21 15:04:18,src/flask/wrappers.py,16,0
flask,c2920e2bd98cdb3dcccc2868c25b695d4780c620,pgjones,2021-05-21 15:04:18,src/flask/blueprints.py,2,1
flask,c2920e2bd98cdb3dcccc2868c25b695d4780c620,pgjones,2021-05-21 15:04:18,tests/test_blueprints.py,13,0
flask,67b0b7e30d2304f628e966896748032022ac0257,David Lord,2021-05-21 15:04:18,src/flask/app.py,6,7
flask,67b0b7e30d2304f628e966896748032022ac0257,David Lord,2021-05-21 15:04:18,src/flask/helpers.py,11,0
flask,67b0b7e30d2304f628e966896748032022ac0257,David Lord,2021-05-21 15:04:18,src/flask/wrappers.py,38,22
flask,63b306743fccdd52079034e82cbbeee182a4361d,David Lord,2021-05-21 15:04:30,src/flask/app.py,6,0
flask,63b306743fccdd52079034e82cbbeee182a4361d,David Lord,2021-05-21 15:04:30,src/flask/blueprints.py,17,0
flask,9409be6e34e153bfdb0aac2c9eb7f60110109172,David Lord,2021-05-21 15:04:30,src/flask/blueprints.py,24,12
flask,9409be6e34e153bfdb0aac2c9eb7f60110109172,David Lord,2021-05-21 15:04:30,tests/test_blueprints.py,8,4
flask,714b0a467acab54091d8aeb73403d808abfbcf5b,pgjones,2021-05-21 15:04:30,src/flask/blueprints.py,2,0
flask,714b0a467acab54091d8aeb73403d808abfbcf5b,pgjones,2021-05-21 15:04:30,tests/test_blueprints.py,6,0
flask,3257b7574e7f010686a617197e0fb4596986f7f7,pgjones,2021-05-21 15:04:30,src/flask/blueprints.py,3,1
flask,3257b7574e7f010686a617197e0fb4596986f7f7,pgjones,2021-05-21 15:04:30,tests/test_blueprints.py,22,0
flask,7ab934f6bc2380a322c77d92c0b6cfd10b7de991,David Lord,2021-05-21 08:42:44,src/flask/helpers.py,4,2
flask,fe2d744b530283094dd0a2ffa4a9d86f1029b2cd,David Lord,2021-05-21 08:50:31,src/flask/__init__.py,1,1
flask,e22021d531499af87f65d75f1e37e6329e7385ed,David Lord,2021-05-21 08:55:31,src/flask/__init__.py,1,1
flask,f7adb2c813c5c10dcab5bc81ee173a6f9fbd406a,Pascal Corpet,2021-05-24 19:28:57,src/flask/typing.py,1,1
flask,a960236117442bec67f89c30dfa014e05483da5a,Marat Sharafutdinov,2021-05-25 18:29:52,src/flask/app.py,5,2
flask,a960236117442bec67f89c30dfa014e05483da5a,Marat Sharafutdinov,2021-05-25 18:29:52,src/flask/blueprints.py,3,2
flask,a960236117442bec67f89c30dfa014e05483da5a,Marat Sharafutdinov,2021-05-25 18:29:52,src/flask/typing.py,2,1
flask,8e589daaf2cec6a10262b8ff88801127f2fa14fd,default-303,2021-05-29 20:54:35,src/flask/typing.py,3,3
flask,491ea32803cb05fb8fc4dfb81ec6c96f94529eb0,laggardkernel,2021-06-01 15:50:20,src/flask/app.py,1,1
flask,270eb2df2a1606383f50ff079a32240966b43fbc,Miguel Grinberg,2021-06-01 18:08:19,src/flask/views.py,3,2
flask,270eb2df2a1606383f50ff079a32240966b43fbc,Miguel Grinberg,2021-06-01 18:08:19,tests/test_async.py,24,1
flask,5205cd4ea979f6c322e4e6a256a72e7808592818,pre-commit-ci[bot],2021-06-01 18:08:19,tests/test_async.py,4,4
flask,6a4e7e948d7e5bd5b2b76c1b7f1a0392644bee1e,Pascal Corpet,2021-06-01 19:25:27,src/flask/app.py,4,2
flask,6a4e7e948d7e5bd5b2b76c1b7f1a0392644bee1e,Pascal Corpet,2021-06-01 19:25:27,src/flask/blueprints.py,4,2
flask,6a4e7e948d7e5bd5b2b76c1b7f1a0392644bee1e,Pascal Corpet,2021-06-01 19:25:27,src/flask/scaffold.py,19,8
flask,6a4e7e948d7e5bd5b2b76c1b7f1a0392644bee1e,Pascal Corpet,2021-06-01 19:25:27,src/flask/typing.py,10,1
flask,a44c7228600044f530856a33c7da147c528644ff,pgjones,2021-06-14 17:18:47,src/flask/blueprints.py,5,3
flask,a44c7228600044f530856a33c7da147c528644ff,pgjones,2021-06-14 17:18:47,tests/test_blueprints.py,10,0
flask,6e1b72096d5ae1e2cc4d8592ff8271b62548d9cf,Adrian Moennich,2021-07-06 22:05:31,src/flask/app.py,1,1
flask,3127c304ecbc54387792c9ddff3c266645b67b8a,Elahi-cs,2021-07-07 19:41:11,examples/tutorial/tests/test_auth.py,1,1
flask,e18ed45c8863ac645f3ce17a155034b8384e726f,Karuna Tata,2021-08-05 17:38:24,src/flask/config.py,5,1
flask,51196575479e34c3ea43612e1eb770db3aa5d114,Angeline,2021-08-05 18:01:55,examples/tutorial/flaskr/auth.py,13,13
flask,9a2adfba4d4310b005c222fcdfb85e96e3e6661d,Yourun-Proger,2021-08-05 18:16:20,src/flask/app.py,1,1
flask,9a2adfba4d4310b005c222fcdfb85e96e3e6661d,Yourun-Proger,2021-08-05 18:16:20,src/flask/blueprints.py,2,1
flask,9a2adfba4d4310b005c222fcdfb85e96e3e6661d,Yourun-Proger,2021-08-05 18:16:20,src/flask/scaffold.py,3,3
flask,892ae955093cc3b7925230ff7bc346a6afb14f5d,default-303,2021-08-05 18:36:13,src/flask/json/__init__.py,8,1
flask,892ae955093cc3b7925230ff7bc346a6afb14f5d,default-303,2021-08-05 18:36:13,tests/test_json.py,6,0
flask,aa6dd09c2cab5eb15a45d73b5ade24b7b4131c5a,Rohan salwan,2021-08-05 19:14:51,src/flask/cli.py,9,8
flask,aa6dd09c2cab5eb15a45d73b5ade24b7b4131c5a,Rohan salwan,2021-08-05 19:14:51,tests/test_cli.py,5,0
flask,2305b056c3a3161c92ea61e6fceb67262766bc40,David Lord,2021-08-05 19:15:31,tests/test_cli.py,17,4
flask,9f0da9b770abfe3376ca0bbb09c535b42071feeb,na2shell,2021-08-05 19:32:43,src/flask/cli.py,15,12
flask,9f0da9b770abfe3376ca0bbb09c535b42071feeb,na2shell,2021-08-05 19:32:43,tests/test_cli.py,9,0
flask,aa1d34dc51fc63dabc46f388822ba73b15d3ef97,Pedro Torcatt,2021-09-22 10:12:36,src/flask/scaffold.py,4,4
flask,6a4bf9eec13e035cf10ecc16e462049b4c967e41,David Lord,2021-10-01 09:39:10,src/flask/app.py,2,2
flask,6a4bf9eec13e035cf10ecc16e462049b4c967e41,David Lord,2021-10-01 09:39:10,src/flask/cli.py,14,14
flask,6a4bf9eec13e035cf10ecc16e462049b4c967e41,David Lord,2021-10-01 09:39:10,src/flask/debughelpers.py,3,2
flask,6a4bf9eec13e035cf10ecc16e462049b4c967e41,David Lord,2021-10-01 09:39:10,src/flask/scaffold.py,1,1
flask,6a4bf9eec13e035cf10ecc16e462049b4c967e41,David Lord,2021-10-01 09:39:10,src/flask/signals.py,1,1
flask,22933a8cb424ffd65f2bec5bbfdbfa7e42105470,Pedro Torcatt,2021-10-01 10:01:54,src/flask/app.py,2,1
flask,166a2a6207027bff07fdfc5590ce04f9b37e9e8f,Matthias Paulsen,2021-10-03 20:27:24,src/flask/app.py,22,26
flask,166a2a6207027bff07fdfc5590ce04f9b37e9e8f,Matthias Paulsen,2021-10-03 20:27:24,tests/test_blueprints.py,80,0
flask,3f6cdbd8b35f2b887dddbdac5ef6461833b6dd3b,David Lord,2021-10-03 20:36:21,src/flask/app.py,52,51
flask,174fe4453a1a52069d31c9ff4e24f3ef4aa6913e,David Lord,2021-10-04 07:26:47,src/flask/__init__.py,1,1
flask,6d65595a3c0a02d098c36f7d337e053e07975316,David Lord,2021-10-05 08:03:30,tests/test_cli.py,3,1
flask,b2b60450f7b9fae08bbd22f771f7b973aee6a135,David Lord,2021-10-05 09:11:00,tests/test_cli.py,2,0
flask,e609dddd604bd8c808145973d91dcb8bb56a9906,David Lord,2021-11-11 16:11:43,src/flask/json/__init__.py,1,6
flask,e609dddd604bd8c808145973d91dcb8bb56a9906,David Lord,2021-11-11 16:11:43,tests/test_async.py,0,11
flask,e609dddd604bd8c808145973d91dcb8bb56a9906,David Lord,2021-11-11 16:11:43,tests/test_basic.py,0,2
flask,1b552d0b0163e1c1ae3d4895438a9ce2b2bc098e,David Lord,2021-11-11 16:12:08,src/flask/app.py,0,8
flask,e21e003f62b57c35e1832c0bf14e9cd27f4e5bea,David Lord,2021-11-12 09:52:16,src/flask/cli.py,13,57
flask,e21e003f62b57c35e1832c0bf14e9cd27f4e5bea,David Lord,2021-11-12 09:52:16,tests/test_cli.py,16,44
flask,2bd7aed1a4e257b00df4282b96e7e96edc4567f6,David Lord,2021-11-12 09:52:16,src/flask/config.py,3,26
flask,218534a9f20c98600e7c41321edb4063a8e158ca,David Lord,2021-11-12 09:52:16,src/flask/json/__init__.py,1,60
flask,b7501776a12c15e64b6cdac1e3b903a00df7d285,David Lord,2021-11-12 09:52:16,src/flask/__init__.py,0,1
flask,b7501776a12c15e64b6cdac1e3b903a00df7d285,David Lord,2021-11-12 09:52:16,src/flask/helpers.py,0,24
flask,f8cdc78ce10f32a46390799e7ac16d231fb35803,David Lord,2021-11-12 09:52:16,src/flask/helpers.py,0,22
flask,48f2afbf900560af061d50c73e4d3f9422ce4dbe,David Lord,2021-11-12 09:52:16,src/flask/blueprints.py,6,16
flask,48f2afbf900560af061d50c73e4d3f9422ce4dbe,David Lord,2021-11-12 09:52:16,tests/test_blueprints.py,2,2
flask,15a3e82823c894185771486510027a65295bcf94,David Lord,2021-11-12 09:52:16,src/flask/helpers.py,4,4
flask,564bb27efa8638c40e1dcfdccda5832ba42e9929,David Lord,2021-11-15 13:13:18,src/flask/testing.py,30,12
flask,46b39e2698697408c6f8f8693e526cd1bb085684,Bojan Delić,2021-11-15 13:35:24,src/flask/typing.py,1,8
flask,e679a85b80df354f8632f8ab3e40135f16f5e6d0,Henry Kobin,2021-11-15 14:00:23,src/flask/cli.py,5,4
flask,282d8621dd4bdc3ee74e0d67b180e03f5f23899f,David Lord,2021-11-16 06:19:01,src/flask/sessions.py,20,8
flask,47e4bd5059fbe1e7f39b56f52c821ba0b39ded1c,pgjones,2021-11-16 06:31:51,src/flask/ctx.py,1,1
flask,c8ddb948f6af35998f99521627396c0ea7fa62c1,David Lord,2021-11-16 07:35:02,src/flask/ctx.py,20,2
flask,9d36623db1e9535eae7243a807079a54897efcc9,David Lord,2021-12-22 15:16:48,src/flask/helpers.py,1,1
flask,a841cfabb58d3c1ac1d11b09353f458e759a63c2,olliemath,2021-12-22 18:07:04,src/flask/json/__init__.py,9,3
flask,633449a36c959d25577799eb3da76005a803d5cd,Yourun-Proger,2021-12-22 18:35:17,src/flask/ctx.py,9,1
flask,b1a00ebc4c6f15055ddf15ecb17243a089f52a60,David Lord,2021-12-22 18:44:37,src/flask/ctx.py,8,7
flask,aab064fee164aa9f0ee35ba3065b031655888ce5,David Lord,2022-01-14 09:34:07,src/flask/testing.py,5,24
flask,751d85f3de3f726446bb12e4ddfae885a6645ba1,K900,2022-01-17 19:36:57,setup.py,1,0
flask,751d85f3de3f726446bb12e4ddfae885a6645ba1,K900,2022-01-17 19:36:57,src/flask/cli.py,12,6
flask,9a134da31bafc12d31f75474a4b354c80545b9b5,Stefane Fermigier,2022-01-27 11:43:42,src/flask/templating.py,2,1
flask,426a1e25b77e760b4f54bf94aee3e3617850569f,David Lord,2022-02-08 12:26:25,tests/test_basic.py,10,3
flask,426a1e25b77e760b4f54bf94aee3e3617850569f,David Lord,2022-02-08 12:26:25,tests/test_reqctx.py,6,1
flask,1be65b1b699b0512e3b38e3e05d42d083cfd12f1,David Lord,2022-02-09 11:13:03,src/flask/testing.py,31,30
flask,beae1249f7e580779ae18d2d831f7ec51e5aff98,Mickaël Guérin,2022-02-09 12:44:03,src/flask/cli.py,21,1
flask,702d973b1f55326526d764e3668900383ad8f4ef,David Lord,2022-02-14 11:34:37,src/flask/__init__.py,1,1
flask,6f79cb8a23467aa01f94f6ad53790f468ba77c76,Colin Adams,2022-02-16 21:12:01,src/flask/app.py,2,1
flask,aa13521d42bfdb66bb0d89005cbe54a84eaa4fda,David Lord,2022-02-22 19:04:03,src/flask/cli.py,8,0
flask,af34b8c9e7adbf0b060738fee12f04c1e46a98fd,Tushar Sadhwani,2022-03-08 20:13:30,src/flask/scaffold.py,13,8
flask,b707bf443afe856b77e09b7a41592f10d46e02df,uedvt359,2022-03-15 06:35:29,src/flask/sessions.py,7,2
flask,88863288225d5ee13a79c463f2a39391b6a52c61,David Lord,2022-03-15 08:32:15,src/flask/app.py,1,3
flask,88863288225d5ee13a79c463f2a39391b6a52c61,David Lord,2022-03-15 08:32:15,src/flask/blueprints.py,1,3
flask,88863288225d5ee13a79c463f2a39391b6a52c61,David Lord,2022-03-15 08:32:15,src/flask/scaffold.py,7,18
flask,88863288225d5ee13a79c463f2a39391b6a52c61,David Lord,2022-03-15 08:32:15,src/flask/typing.py,7,3
flask,190dd4df86874495f56bb088fbd0cb1d9f0e77a0,David Lord,2022-03-15 08:32:15,src/flask/app.py,9,5
flask,190dd4df86874495f56bb088fbd0cb1d9f0e77a0,David Lord,2022-03-15 08:32:15,src/flask/helpers.py,1,1
flask,190dd4df86874495f56bb088fbd0cb1d9f0e77a0,David Lord,2022-03-15 08:32:15,src/flask/typing.py,5,3
flask,faaa5594b2406260c3e4197fa6e80c3d19b6ab23,David Lord,2022-03-15 08:44:09,src/flask/ctx.py,8,2
flask,faaa5594b2406260c3e4197fa6e80c3d19b6ab23,David Lord,2022-03-15 08:44:09,src/flask/testing.py,4,1
flask,c9a1f7ad6545c9cc27c41c385f1d4cd9c7cf1a98,David Lord,2022-03-23 08:25:22,src/flask/app.py,14,5
flask,c9a1f7ad6545c9cc27c41c385f1d4cd9c7cf1a98,David Lord,2022-03-23 08:25:22,src/flask/debughelpers.py,15,17
flask,c9a1f7ad6545c9cc27c41c385f1d4cd9c7cf1a98,David Lord,2022-03-23 08:25:22,tests/test_basic.py,15,13
flask,0a300d007d3a5ef902e0b3c91f6189267fbed182,David Lord,2022-03-23 08:26:22,src/flask/debughelpers.py,9,5
flask,0a300d007d3a5ef902e0b3c91f6189267fbed182,David Lord,2022-03-23 08:26:22,src/flask/wrappers.py,1,1
flask,6578b493c8c8d5d9b4135cb964dbbc43318cfb12,David Lord,2022-03-23 09:13:45,src/flask/wrappers.py,7,5
flask,81c7ff7f8db09b5d609a09722785f70ec6f7af68,David Lord,2022-03-25 11:48:26,examples/tutorial/tests/test_auth.py,2,2
flask,81c7ff7f8db09b5d609a09722785f70ec6f7af68,David Lord,2022-03-25 11:48:26,examples/tutorial/tests/test_blog.py,2,2
flask,81c7ff7f8db09b5d609a09722785f70ec6f7af68,David Lord,2022-03-25 11:48:26,src/flask/wrappers.py,2,0
flask,81c7ff7f8db09b5d609a09722785f70ec6f7af68,David Lord,2022-03-25 11:48:26,tests/test_regression.py,7,1
flask,08a283af5efc999d4f1e29275317a5c0c05c6f7b,pgjones,2022-03-25 11:54:03,src/flask/config.py,46,0
flask,08a283af5efc999d4f1e29275317a5c0c05c6f7b,pgjones,2022-03-25 11:54:03,tests/test_config.py,24,0
flask,4eb5e9455b2a8f15f3dc5065a47f8e43ac47e539,David Lord,2022-03-25 11:54:45,src/flask/config.py,55,29
flask,4eb5e9455b2a8f15f3dc5065a47f8e43ac47e539,David Lord,2022-03-25 11:54:45,tests/test_config.py,43,17
flask,e75d575361841404e0b1f89c19dc7de6b325cc67,David Lord,2022-03-25 12:07:45,tests/test_config.py,18,6
flask,41aaaf7fa07f28ef15fd1d343142e96440889a8b,David Lord,2022-03-25 12:24:31,src/flask/config.py,0,7
flask,cd4ab005a92ff996e9104c92017fe1e6daeccd46,David Lord,2022-03-28 12:09:35,src/flask/wrappers.py,1,1
flask,7d264d7dc5b3e057319d43ef0897709f4c78f1ef,David Lord,2022-03-28 12:09:35,src/flask/__init__.py,1,1
flask,b109b092a95036de875246f05cdc377a2c7faab8,David Lord,2022-03-28 12:17:25,src/flask/__init__.py,1,1
flask,5589915b383a6f53e92f3822c982cce3c4083456,David Lord,2022-03-30 14:01:10,src/flask/__init__.py,1,1
flask,d023d943715f193e78413280e10d101f39501748,David Lord,2022-03-30 14:10:12,setup.py,1,1
flask,c6f297719e43380011e76ad6d070b7a27d4d1dce,David Lord,2022-03-30 14:35:07,src/flask/__init__.py,1,1
flask,411dbb37e2e37943b6282365049c2a8cee4ac9e6,David Lord,2022-04-11 06:11:37,tests/test_cli.py,0,10
flask,69f71b4d94006678a2463f76a4504208d195c367,David Lord,2022-04-24 09:50:55,src/flask/__init__.py,1,1
flask,eede1a3685e21deaeb6686e9de9b76a73b6a510c,Rafael Zimmer,2022-04-24 09:53:10,src/flask/json/__init__.py,5,1
flask,5050a18a0057df4cda6f6b00483d12d29cb59239,James Warne,2022-04-24 10:01:40,src/flask/cli.py,4,1
flask,5050a18a0057df4cda6f6b00483d12d29cb59239,James Warne,2022-04-24 10:01:40,tests/test_cli.py,5,0
flask,ef6c2b9e4aee74098a1208b42ce432d7c82fc0d3,David Lord,2022-04-28 09:32:31,tests/test_appctx.py,1,1
flask,ef6c2b9e4aee74098a1208b42ce432d7c82fc0d3,David Lord,2022-04-28 09:32:31,tests/test_basic.py,17,16
flask,ef6c2b9e4aee74098a1208b42ce432d7c82fc0d3,David Lord,2022-04-28 09:32:31,tests/test_cli.py,3,3
flask,ef6c2b9e4aee74098a1208b42ce432d7c82fc0d3,David Lord,2022-04-28 09:32:31,tests/test_config.py,4,2
flask,7b28a9057d6925ae408ef73a9f28e9906d9300b3,David Lord,2022-04-28 10:44:02,src/flask/__init__.py,1,1
flask,8ddbad9ccdc176b9d57a4aff0076c1c58c455318,DailyDreaming,2022-05-02 09:11:07,src/flask/cli.py,8,1
flask,1e5dd430223369d13ea94ffffe22bca53a98e730,Qingpeng Li,2022-05-03 11:52:11,src/flask/scaffold.py,23,20
flask,1e5dd430223369d13ea94ffffe22bca53a98e730,Qingpeng Li,2022-05-03 11:52:11,tests/test_basic.py,0,7
flask,1e5dd430223369d13ea94ffffe22bca53a98e730,Qingpeng Li,2022-05-03 11:52:11,tests/test_user_error_handler.py,16,10
flask,a74e266474f0981e9fc0d54d5dc430386823e4d7,Stanislav Bushuev,2022-05-03 12:11:55,src/flask/app.py,1,1
flask,a74e266474f0981e9fc0d54d5dc430386823e4d7,Stanislav Bushuev,2022-05-03 12:11:55,src/flask/blueprints.py,1,1
flask,a74e266474f0981e9fc0d54d5dc430386823e4d7,Stanislav Bushuev,2022-05-03 12:11:55,src/flask/ctx.py,1,1
flask,a74e266474f0981e9fc0d54d5dc430386823e4d7,Stanislav Bushuev,2022-05-03 12:11:55,src/flask/globals.py,1,1
flask,a74e266474f0981e9fc0d54d5dc430386823e4d7,Stanislav Bushuev,2022-05-03 12:11:55,src/flask/helpers.py,1,1
flask,a74e266474f0981e9fc0d54d5dc430386823e4d7,Stanislav Bushuev,2022-05-03 12:11:55,src/flask/json/__init__.py,1,1
flask,a74e266474f0981e9fc0d54d5dc430386823e4d7,Stanislav Bushuev,2022-05-03 12:11:55,src/flask/logging.py,1,1
flask,a74e266474f0981e9fc0d54d5dc430386823e4d7,Stanislav Bushuev,2022-05-03 12:11:55,src/flask/scaffold.py,1,1
flask,a74e266474f0981e9fc0d54d5dc430386823e4d7,Stanislav Bushuev,2022-05-03 12:11:55,src/flask/sessions.py,1,1
flask,a74e266474f0981e9fc0d54d5dc430386823e4d7,Stanislav Bushuev,2022-05-03 12:11:55,src/flask/templating.py,1,1
flask,a74e266474f0981e9fc0d54d5dc430386823e4d7,Stanislav Bushuev,2022-05-03 12:11:55,src/flask/testing.py,1,1
flask,a74e266474f0981e9fc0d54d5dc430386823e4d7,Stanislav Bushuev,2022-05-03 12:11:55,src/flask/typing.py,1,1
flask,a74e266474f0981e9fc0d54d5dc430386823e4d7,Stanislav Bushuev,2022-05-03 12:11:55,src/flask/wrappers.py,1,1
flask,fdab801fbbd9de5adbdb3320ca4a1cb116c892f5,Tim Hoagland,2022-05-10 11:02:24,src/flask/__init__.py,1,1
flask,fdab801fbbd9de5adbdb3320ca4a1cb116c892f5,Tim Hoagland,2022-05-10 11:02:24,src/flask/app.py,11,0
flask,fdab801fbbd9de5adbdb3320ca4a1cb116c892f5,Tim Hoagland,2022-05-10 11:02:24,src/flask/helpers.py,24,0
flask,fdab801fbbd9de5adbdb3320ca4a1cb116c892f5,Tim Hoagland,2022-05-10 11:02:24,tests/test_helpers.py,16,0
flask,eb5dd9f5ef255c578cbbe13c1cb4dd11389d5519,dzcode,2022-05-12 13:29:54,src/flask/__init__.py,1,1
flask,eb5dd9f5ef255c578cbbe13c1cb4dd11389d5519,dzcode,2022-05-12 13:29:54,src/flask/app.py,30,0
flask,eb5dd9f5ef255c578cbbe13c1cb4dd11389d5519,dzcode,2022-05-12 13:29:54,src/flask/helpers.py,27,0
flask,eb5dd9f5ef255c578cbbe13c1cb4dd11389d5519,dzcode,2022-05-12 13:29:54,tests/test_helpers.py,30,0
flask,fac630379d31baaa1667894c2b5613304285a4bb,David Lord,2022-05-12 16:33:40,src/flask/app.py,5,2
flask,fac630379d31baaa1667894c2b5613304285a4bb,David Lord,2022-05-12 16:33:40,src/flask/helpers.py,4,2
flask,92acd05d9bd33419ab885e4472b28a1d5cc15d2e,Ivan Sushkov,2022-05-14 12:45:18,src/flask/app.py,45,0
flask,92acd05d9bd33419ab885e4472b28a1d5cc15d2e,Ivan Sushkov,2022-05-14 12:45:18,src/flask/helpers.py,1,37
flask,39f93632964ecabfcb9c1980e2add922098aad80,David Lord,2022-05-14 12:46:01,src/flask/app.py,132,39
flask,39f93632964ecabfcb9c1980e2add922098aad80,David Lord,2022-05-14 12:46:01,src/flask/helpers.py,49,113
flask,39f93632964ecabfcb9c1980e2add922098aad80,David Lord,2022-05-14 12:46:01,tests/test_helpers.py,8,4
flask,69e2300608497bba103fd05735c878c0d642dd68,David Lord,2022-05-15 08:48:30,src/flask/app.py,3,2
flask,eb36135cfe6a17350617e47b70b9ad383206eded,Chris Hallacy,2022-05-23 09:09:12,src/flask/blueprints.py,4,4
flask,eb36135cfe6a17350617e47b70b9ad383206eded,Chris Hallacy,2022-05-23 09:09:12,src/flask/scaffold.py,3,1
flask,a406c297aafa28074d11ec6fd27c246c70418cb4,David Lord,2022-05-23 09:09:12,src/flask/app.py,11,2
flask,a406c297aafa28074d11ec6fd27c246c70418cb4,David Lord,2022-05-23 09:09:12,src/flask/blueprints.py,34,13
flask,a406c297aafa28074d11ec6fd27c246c70418cb4,David Lord,2022-05-23 09:09:12,src/flask/scaffold.py,8,15
flask,e044b00047da9bf94e7eb88049a17fe1dcf78f4e,David Lord,2022-05-23 09:09:12,tests/test_basic.py,42,52
flask,1232d698600e11dcb83bb5dc349ca785eae02d2f,David Lord,2022-05-23 09:46:20,src/flask/cli.py,22,31
flask,1232d698600e11dcb83bb5dc349ca785eae02d2f,David Lord,2022-05-23 09:46:20,tests/test_cli.py,15,4
flask,a4f63e0390e4f9aba543514d16479ce6f40e46be,David Lord,2022-05-23 10:54:02,src/flask/__init__.py,1,1
flask,8cb950671f39c64707b6aaebfc60d7a8f1157da5,Justin Bull,2022-05-23 13:21:22,src/flask/typing.py,7,2
flask,61f62e6005f72c44a90026e2589b6bc5234f2f24,David Lord,2022-05-23 13:21:22,src/flask/app.py,26,30
flask,61f62e6005f72c44a90026e2589b6bc5234f2f24,David Lord,2022-05-23 13:21:22,src/flask/blueprints.py,23,31
flask,61f62e6005f72c44a90026e2589b6bc5234f2f24,David Lord,2022-05-23 13:21:22,src/flask/ctx.py,3,3
flask,61f62e6005f72c44a90026e2589b6bc5234f2f24,David Lord,2022-05-23 13:21:22,src/flask/scaffold.py,21,28
flask,61f62e6005f72c44a90026e2589b6bc5234f2f24,David Lord,2022-05-23 13:21:22,src/flask/views.py,4,4
flask,3ecebcdf8de02818cd409afd6edd39a09248b3ef,Stanislav Bushuev,2022-05-31 17:51:39,tests/test_config.py,4,0
flask,8c6f1d96ded2a22429b1ee7da6c3870cb140b587,lecovi,2022-06-01 11:34:51,tests/typing/typing_route.py,53,0
flask,72cae9ce2b6a5a296b7328df8dd73240e14718e6,Numerlor,2022-06-05 02:57:49,src/flask/scaffold.py,1,1
flask,81be290ec8889c157c84bc7ce857f883396c5daf,David Lord,2022-06-05 15:43:53,src/flask/app.py,2,2
flask,81be290ec8889c157c84bc7ce857f883396c5daf,David Lord,2022-06-05 15:43:53,src/flask/blueprints.py,1,1
flask,81be290ec8889c157c84bc7ce857f883396c5daf,David Lord,2022-06-05 15:43:53,src/flask/scaffold.py,21,9
flask,81be290ec8889c157c84bc7ce857f883396c5daf,David Lord,2022-06-05 15:43:53,src/flask/typing.py,11,14
flask,81be290ec8889c157c84bc7ce857f883396c5daf,David Lord,2022-06-05 15:43:53,tests/typing/typing_route.py,28,19
flask,3351a8677e5bd1e1b8cfe2860b73b3422cde4f31,David Lord,2022-06-05 15:44:28,src/flask/blueprints.py,4,2
flask,3351a8677e5bd1e1b8cfe2860b73b3422cde4f31,David Lord,2022-06-05 15:44:28,src/flask/scaffold.py,2,2
flask,3351a8677e5bd1e1b8cfe2860b73b3422cde4f31,David Lord,2022-06-05 15:44:28,src/flask/typing.py,1,0
flask,3351a8677e5bd1e1b8cfe2860b73b3422cde4f31,David Lord,2022-06-05 15:44:28,tests/typing/typing_error_handler.py,33,0
flask,88bcf78439b66b5fcba9f4d3a1c56307f98dbf1d,Evgeny Prigorodov,2022-06-06 08:16:00,src/flask/scaffold.py,26,11
flask,88bcf78439b66b5fcba9f4d3a1c56307f98dbf1d,Evgeny Prigorodov,2022-06-06 08:16:00,tests/test_instance_config.py,19,0
flask,3ba37d2afe6511c3f3153248f7342174bea5b131,David Lord,2022-06-06 08:24:05,src/flask/scaffold.py,14,4
flask,3ba37d2afe6511c3f3153248f7342174bea5b131,David Lord,2022-06-06 08:24:05,tests/test_instance_config.py,0,3
flask,b06df0a792ceb5506da47e0c8fea09902c1058f9,David Lord,2022-06-06 09:17:53,tests/test_instance_config.py,0,12
flask,96c97dec095f204b8a557c5ea804afdd329e3c43,David Lord,2022-06-06 10:04:05,src/flask/app.py,28,17
flask,96c97dec095f204b8a557c5ea804afdd329e3c43,David Lord,2022-06-06 10:04:05,src/flask/blueprints.py,13,0
flask,96c97dec095f204b8a557c5ea804afdd329e3c43,David Lord,2022-06-06 10:04:05,tests/test_async.py,6,4
flask,96c97dec095f204b8a557c5ea804afdd329e3c43,David Lord,2022-06-06 10:04:05,tests/test_basic.py,11,7
flask,96c97dec095f204b8a557c5ea804afdd329e3c43,David Lord,2022-06-06 10:04:05,tests/test_blueprints.py,5,3
flask,6e23239567efde1c2e272db87c53444d6c22a1bb,David Lord,2022-06-06 15:11:01,src/flask/views.py,41,13
flask,6e23239567efde1c2e272db87c53444d6c22a1bb,David Lord,2022-06-06 15:11:01,tests/test_views.py,18,0
flask,bab5a65e6eaee20ac1706fc9439ee538f59e652f,David Lord,2022-06-06 15:33:46,src/flask/views.py,56,44
flask,45174bf9a1e96e51ce589c7aa2c151249d1fdf11,David Lord,2022-06-06 15:48:36,src/flask/views.py,19,29
flask,6f6e3289da182593fb296da072049ade729adeea,David Lord,2022-06-08 07:30:29,examples/javascript/js_example/views.py,2,2
flask,6f6e3289da182593fb296da072049ade729adeea,David Lord,2022-06-08 07:30:29,examples/javascript/tests/test_js_example.py,2,2
flask,9934528c8f7e3aa6f4a1c800cba439e5425a5093,Dan Mirsky,2022-06-09 09:12:10,src/flask/helpers.py,2,1
flask,4f03a769d44f6740490dd4ddf70e094c12a6090c,David Lord,2022-06-15 12:45:22,src/flask/app.py,12,4
flask,4f03a769d44f6740490dd4ddf70e094c12a6090c,David Lord,2022-06-15 12:45:22,src/flask/cli.py,5,10
flask,4f03a769d44f6740490dd4ddf70e094c12a6090c,David Lord,2022-06-15 12:45:22,src/flask/debughelpers.py,0,15
flask,aa801c431ad1f979bce3ea1afbd88e7796ebfd7e,David Lord,2022-06-15 14:09:56,src/flask/cli.py,20,10
flask,aa801c431ad1f979bce3ea1afbd88e7796ebfd7e,David Lord,2022-06-15 14:09:56,tests/test_cli.py,13,0
flask,99fa3c36abc03cd5b3407df34dce74e879ea377a,David Lord,2022-06-17 08:19:55,src/flask/cli.py,188,51
flask,99fa3c36abc03cd5b3407df34dce74e879ea377a,David Lord,2022-06-17 08:19:55,src/flask/helpers.py,3,3
flask,ab1fbef29a073fe5950ea2357f6a3a0d280eb506,David Lord,2022-06-17 09:26:26,tests/conftest.py,1,0
flask,c9e000b9cea2e117218d460874d86301fbb43c43,David Lord,2022-06-17 11:52:01,examples/tutorial/flaskr/db.py,0,2
flask,c9e000b9cea2e117218d460874d86301fbb43c43,David Lord,2022-06-17 11:52:01,src/flask/cli.py,29,6
flask,c9e000b9cea2e117218d460874d86301fbb43c43,David Lord,2022-06-17 11:52:01,tests/test_cli.py,25,4
flask,ed42e9292811a95f2a68e06a9ae50cb5872216a3,Kevin Kirsche,2022-06-17 12:01:48,src/flask/sessions.py,2,1
flask,ed42e9292811a95f2a68e06a9ae50cb5872216a3,Kevin Kirsche,2022-06-17 12:01:48,tests/test_basic.py,3,2
flask,762382e436062183b1e1fa6f3bda594090a452e7,pgjones,2022-06-18 11:25:05,src/flask/app.py,12,1
flask,762382e436062183b1e1fa6f3bda594090a452e7,pgjones,2022-06-18 11:25:05,src/flask/typing.py,3,1
flask,762382e436062183b1e1fa6f3bda594090a452e7,pgjones,2022-06-18 11:25:05,tests/test_basic.py,5,0
flask,762382e436062183b1e1fa6f3bda594090a452e7,pgjones,2022-06-18 11:25:05,tests/typing/typing_route.py,26,0
flask,46433e9807a1c960d6b2bb0e125cf16a90167d97,pgjones,2022-06-18 12:20:53,src/flask/__init__.py,2,0
flask,46433e9807a1c960d6b2bb0e125cf16a90167d97,pgjones,2022-06-18 12:20:53,src/flask/templating.py,56,2
flask,46433e9807a1c960d6b2bb0e125cf16a90167d97,pgjones,2022-06-18 12:20:53,tests/test_templating.py,9,0
flask,5544d09477af3221d988ec18b086930c2d9e67cd,David Lord,2022-06-29 21:19:28,src/flask/app.py,2,2
flask,5544d09477af3221d988ec18b086930c2d9e67cd,David Lord,2022-06-29 21:19:28,src/flask/cli.py,5,0
flask,5544d09477af3221d988ec18b086930c2d9e67cd,David Lord,2022-06-29 21:19:28,tests/test_cli.py,2,5
flask,84c722044ad03f7f5384f5314c8350b3a13d8dfa,David Lord,2022-07-01 12:01:44,src/flask/app.py,7,16
flask,84c722044ad03f7f5384f5314c8350b3a13d8dfa,David Lord,2022-07-01 12:01:44,src/flask/ctx.py,19,50
flask,84c722044ad03f7f5384f5314c8350b3a13d8dfa,David Lord,2022-07-01 12:01:44,src/flask/scaffold.py,0,7
flask,84c722044ad03f7f5384f5314c8350b3a13d8dfa,David Lord,2022-07-01 12:01:44,src/flask/testing.py,24,19
flask,84c722044ad03f7f5384f5314c8350b3a13d8dfa,David Lord,2022-07-01 12:01:44,tests/test_basic.py,2,58
flask,84c722044ad03f7f5384f5314c8350b3a13d8dfa,David Lord,2022-07-01 12:01:44,tests/test_signals.py,11,15
flask,84c722044ad03f7f5384f5314c8350b3a13d8dfa,David Lord,2022-07-01 12:01:44,tests/test_testing.py,6,28
flask,9e686d93b69f0e73f801cc11a57839f4dfe2ca1a,David Lord,2022-07-01 13:44:31,src/flask/ctx.py,0,26
flask,c2810ffdd2f2becbc37d35f63b69034b8b9ed5b8,David Lord,2022-07-01 13:59:44,src/flask/helpers.py,6,64
flask,ab6a8b0330845c80d661a748314691302ea7d8f7,David Lord,2022-07-02 21:02:00,tests/test_cli.py,16,17
flask,ca2bfbb0ac66fbbeeedbf6bbe317bee45cb23d29,Grey Li,2022-07-02 21:41:32,src/flask/app.py,7,3
flask,ca2bfbb0ac66fbbeeedbf6bbe317bee45cb23d29,Grey Li,2022-07-02 21:41:32,src/flask/typing.py,1,1
flask,ca2bfbb0ac66fbbeeedbf6bbe317bee45cb23d29,Grey Li,2022-07-02 21:41:32,tests/test_basic.py,8,0
flask,f8cb0b0dd5ea30729db6b131aeeb30915ea4860b,David Lord,2022-07-02 21:41:37,src/flask/app.py,6,4
flask,60b845ebabeb77e401186f4b83de21d3f9c6a9d7,David Lord,2022-07-02 21:41:37,src/flask/typing.py,7,1
flask,60b845ebabeb77e401186f4b83de21d3f9c6a9d7,David Lord,2022-07-02 21:41:37,tests/typing/typing_route.py,11,1
flask,9dfcb90c92e13f2d92cb723cb834b5e0d666a2f5,Ties Jan Hefting,2022-07-06 11:47:50,src/flask/json/__init__.py,1,0
flask,9b44bf2818d8e3cde422ad7f43fb33dfc6737289,Phil Jones,2022-07-06 14:05:20,src/flask/app.py,24,13
flask,9b44bf2818d8e3cde422ad7f43fb33dfc6737289,Phil Jones,2022-07-06 14:05:20,src/flask/blueprints.py,38,22
flask,9b44bf2818d8e3cde422ad7f43fb33dfc6737289,Phil Jones,2022-07-06 14:05:20,src/flask/scaffold.py,35,33
flask,9b44bf2818d8e3cde422ad7f43fb33dfc6737289,Phil Jones,2022-07-06 14:05:20,src/flask/typing.py,20,7
flask,9b44bf2818d8e3cde422ad7f43fb33dfc6737289,Phil Jones,2022-07-06 14:05:20,src/flask/views.py,1,1
flask,9b44bf2818d8e3cde422ad7f43fb33dfc6737289,Phil Jones,2022-07-06 14:05:20,tests/typing/typing_route.py,5,0
flask,2f1d1d625697b9eca82dc8b2f46fff24dace63b1,pgjones,2022-07-08 14:33:20,tests/typing/typing_app_decorators.py,38,0
flask,89463cb77c7f3830c308cdfcc250255fd7377d01,David Lord,2022-07-08 11:13:09,setup.py,1,1
flask,0b2f809f9b56861dae3ae5154d73b4afaf632a0a,David Lord,2022-07-08 11:13:09,src/flask/globals.py,33,42
flask,d597db67ded68d4aedf42b9d1d4570573fb79cd6,David Lord,2022-07-08 11:13:09,src/flask/__init__.py,26,2
flask,d597db67ded68d4aedf42b9d1d4570573fb79cd6,David Lord,2022-07-08 11:13:09,src/flask/ctx.py,33,48
flask,d597db67ded68d4aedf42b9d1d4570573fb79cd6,David Lord,2022-07-08 11:13:09,src/flask/globals.py,74,17
flask,d597db67ded68d4aedf42b9d1d4570573fb79cd6,David Lord,2022-07-08 11:13:09,src/flask/testing.py,4,4
flask,82c2e0366ce6b74a3786a64631ce58b85b3a7d4e,David Lord,2022-07-08 11:13:09,src/flask/app.py,15,13
flask,82c2e0366ce6b74a3786a64631ce58b85b3a7d4e,David Lord,2022-07-08 11:13:09,src/flask/cli.py,3,5
flask,82c2e0366ce6b74a3786a64631ce58b85b3a7d4e,David Lord,2022-07-08 11:13:09,src/flask/ctx.py,19,21
flask,82c2e0366ce6b74a3786a64631ce58b85b3a7d4e,David Lord,2022-07-08 11:13:09,src/flask/debughelpers.py,3,4
flask,82c2e0366ce6b74a3786a64631ce58b85b3a7d4e,David Lord,2022-07-08 11:13:09,src/flask/helpers.py,8,8
flask,82c2e0366ce6b74a3786a64631ce58b85b3a7d4e,David Lord,2022-07-08 11:13:09,src/flask/templating.py,21,29
flask,82c2e0366ce6b74a3786a64631ce58b85b3a7d4e,David Lord,2022-07-08 11:13:09,src/flask/testing.py,1,1
flask,82c2e0366ce6b74a3786a64631ce58b85b3a7d4e,David Lord,2022-07-08 11:13:09,tests/conftest.py,10,9
flask,82c2e0366ce6b74a3786a64631ce58b85b3a7d4e,David Lord,2022-07-08 11:13:09,tests/test_appctx.py,10,8
flask,82c2e0366ce6b74a3786a64631ce58b85b3a7d4e,David Lord,2022-07-08 11:13:09,tests/test_basic.py,18,30
flask,82c2e0366ce6b74a3786a64631ce58b85b3a7d4e,David Lord,2022-07-08 11:13:09,tests/test_reqctx.py,3,2
flask,82c2e0366ce6b74a3786a64631ce58b85b3a7d4e,David Lord,2022-07-08 11:13:09,tests/test_session_interface.py,2,1
flask,82c2e0366ce6b74a3786a64631ce58b85b3a7d4e,David Lord,2022-07-08 11:13:09,tests/test_testing.py,2,1
flask,e0dad454810dd081947d3ca2ff376c5096185698,David Lord,2022-07-08 11:13:09,src/flask/app.py,22,21
flask,e0dad454810dd081947d3ca2ff376c5096185698,David Lord,2022-07-08 11:13:09,src/flask/ctx.py,8,10
flask,e0dad454810dd081947d3ca2ff376c5096185698,David Lord,2022-07-08 11:13:09,src/flask/scaffold.py,21,24
flask,e0dad454810dd081947d3ca2ff376c5096185698,David Lord,2022-07-08 11:13:09,src/flask/testing.py,4,5
flask,91044c4d769efa7f20455e1b70457a7da95c26d8,pgjones,2022-07-09 13:41:35,src/flask/app.py,3,3
flask,91044c4d769efa7f20455e1b70457a7da95c26d8,pgjones,2022-07-09 13:41:35,src/flask/ctx.py,7,7
flask,91044c4d769efa7f20455e1b70457a7da95c26d8,pgjones,2022-07-09 13:41:35,src/flask/globals.py,5,5
flask,91044c4d769efa7f20455e1b70457a7da95c26d8,pgjones,2022-07-09 13:41:35,src/flask/helpers.py,2,2
flask,91044c4d769efa7f20455e1b70457a7da95c26d8,pgjones,2022-07-09 13:41:35,src/flask/templating.py,2,2
flask,91044c4d769efa7f20455e1b70457a7da95c26d8,pgjones,2022-07-09 13:41:35,src/flask/testing.py,4,4
flask,91044c4d769efa7f20455e1b70457a7da95c26d8,pgjones,2022-07-09 13:41:35,tests/test_testing.py,2,2
flask,69f9845ef2da3051d74d4dade3e88ccf5b2ee3de,David Lord,2022-07-13 07:42:52,src/flask/app.py,50,12
flask,69f9845ef2da3051d74d4dade3e88ccf5b2ee3de,David Lord,2022-07-13 07:42:52,src/flask/blueprints.py,8,2
flask,69f9845ef2da3051d74d4dade3e88ccf5b2ee3de,David Lord,2022-07-13 07:42:52,src/flask/ctx.py,1,0
flask,69f9845ef2da3051d74d4dade3e88ccf5b2ee3de,David Lord,2022-07-13 07:42:52,src/flask/json/__init__.py,200,162
flask,69f9845ef2da3051d74d4dade3e88ccf5b2ee3de,David Lord,2022-07-13 07:42:52,src/flask/json/provider.py,310,0
flask,69f9845ef2da3051d74d4dade3e88ccf5b2ee3de,David Lord,2022-07-13 07:42:52,src/flask/scaffold.py,8,4
flask,69f9845ef2da3051d74d4dade3e88ccf5b2ee3de,David Lord,2022-07-13 07:42:52,src/flask/testing.py,2,3
flask,69f9845ef2da3051d74d4dade3e88ccf5b2ee3de,David Lord,2022-07-13 07:42:52,tests/test_basic.py,11,22
flask,69f9845ef2da3051d74d4dade3e88ccf5b2ee3de,David Lord,2022-07-13 07:42:52,tests/test_json.py,17,60
flask,69f9845ef2da3051d74d4dade3e88ccf5b2ee3de,David Lord,2022-07-13 07:42:52,tests/test_testing.py,1,1
flask,58f3536a8f5dfc18e559c518ae38cba52bec90a9,Yourun-Proger,2022-07-13 13:45:42,src/flask/templating.py,12,0
flask,134aebe60115716b962a95a0dd31bf72c5417941,David Lord,2022-07-13 13:51:42,src/flask/__init__.py,1,1
flask,4bf7415a9692b0c1a69cd50a17c1cbda4a75931b,Matthijs van der Vleuten,2022-07-14 14:15:05,src/flask/typing.py,2,1
flask,4bf7415a9692b0c1a69cd50a17c1cbda4a75931b,Matthijs van der Vleuten,2022-07-14 14:15:05,tests/typing/typing_route.py,11,0
flask,add53e190cf90b01b37914f810a370a0cd681800,David Lord,2022-07-24 18:42:11,setup.py,1,1
flask,2869ddf50ce8dbf590a5a6992ffc7bbd096884a3,David Lord,2022-07-24 19:35:28,docs/conf.py,1,1
flask,095651be9eec58ddb0c2eb6158318b1c703c67c5,David Lord,2022-07-25 07:35:17,src/flask/ctx.py,2,2
flask,5d8e35653fca0d7ee01519d556c7851089de82ea,David Lord,2022-08-01 10:34:13,src/flask/app.py,1,1
flask,5d8e35653fca0d7ee01519d556c7851089de82ea,David Lord,2022-08-01 10:34:13,src/flask/cli.py,20,86
flask,5d8e35653fca0d7ee01519d556c7851089de82ea,David Lord,2022-08-01 10:34:13,tests/test_cli.py,0,22
flask,7d53a129cf1b28f1a88491ae50877473b68bdb54,David Lord,2022-08-01 10:52:12,src/flask/cli.py,0,4
flask,ef95998d79eed3b8350d8db825e3d98f25c179f2,David Lord,2022-08-01 15:11:21,src/flask/app.py,47,26
flask,ef95998d79eed3b8350d8db825e3d98f25c179f2,David Lord,2022-08-01 15:11:21,src/flask/cli.py,16,46
flask,ef95998d79eed3b8350d8db825e3d98f25c179f2,David Lord,2022-08-01 15:11:21,src/flask/helpers.py,25,6
flask,ef95998d79eed3b8350d8db825e3d98f25c179f2,David Lord,2022-08-01 15:11:21,tests/test_helpers.py,0,15
flask,bfdd37110c67ebeb42061fb43cf684b05291241f,David Lord,2022-08-01 16:58:55,src/flask/app.py,137,34
flask,bfdd37110c67ebeb42061fb43cf684b05291241f,David Lord,2022-08-01 16:58:55,src/flask/helpers.py,1,1
flask,bfdd37110c67ebeb42061fb43cf684b05291241f,David Lord,2022-08-01 16:58:55,src/flask/scaffold.py,6,2
flask,bfdd37110c67ebeb42061fb43cf684b05291241f,David Lord,2022-08-01 16:58:55,src/flask/sessions.py,2,5
flask,bfdd37110c67ebeb42061fb43cf684b05291241f,David Lord,2022-08-01 16:58:55,tests/test_config.py,0,9
flask,bfdd37110c67ebeb42061fb43cf684b05291241f,David Lord,2022-08-01 16:58:55,tests/test_templating.py,0,2
flask,292c7e5c5db14824a23bbd6fdfe69f62015aee20,David Lord,2022-08-01 17:09:49,src/flask/__init__.py,1,1
flask,9a1b25fce4ddd553d7cba01bab3df5841a24aeff,David Lord,2022-08-03 06:47:31,src/flask/__init__.py,1,1
flask,714ccefeca33db9e87e8ef4abd0008af05c32a4d,David Lord,2022-08-03 09:22:03,src/flask/app.py,80,18
flask,714ccefeca33db9e87e8ef4abd0008af05c32a4d,David Lord,2022-08-03 09:22:03,src/flask/blueprints.py,71,12
flask,714ccefeca33db9e87e8ef4abd0008af05c32a4d,David Lord,2022-08-03 09:22:03,src/flask/json/provider.py,6,6
flask,714ccefeca33db9e87e8ef4abd0008af05c32a4d,David Lord,2022-08-03 09:22:03,src/flask/scaffold.py,3,2
flask,52c54b2ce1e392c5d5cd9339a4a069e91edd1d01,David Lord,2022-08-03 16:40:28,src/flask/__init__.py,1,1
flask,4984753dbf5a247f46e2903011c981d0709973ff,David Lord,2022-08-04 07:21:17,src/flask/__init__.py,1,1
flask,a6a7a57380cd8f7410753c3b819ba6d09198d8c9,David Lord,2022-08-04 07:24:20,src/flask/app.py,1,1
flask,e3df23374cdb9342a823556170c53c9d987d0d33,David Lord,2022-08-05 11:29:39,src/flask/cli.py,1,1
flask,de16718b39e3544688130339a0813997e3790c48,David Lord,2022-08-08 16:14:00,setup.py,1,1
flask,de16718b39e3544688130339a0813997e3790c48,David Lord,2022-08-08 16:14:00,src/flask/cli.py,0,7
flask,43d2fff317aec64a000604a764b8ab2dc751c753,David Lord,2022-08-08 16:21:40,src/flask/__init__.py,1,1
flask,00b07c863ec147256b68f71c3fe9b6b2f9dbe6bc,Philipp Rohde,2022-08-09 09:48:02,src/flask/globals.py,2,2
flask,746455d1038fd5479f396cbf2d19b48edfeb8290,Thomas Rhines,2022-08-21 10:24:03,src/flask/config.py,3,2
flask,212b72a1feeae69739fb50fc5ab11d1c025350bc,David Lord,2022-08-22 09:00:33,src/flask/__init__.py,1,1
flask,e7b2ce9a50c4a3a1ff5d032f201ed43d8cd39f17,Isaac Woodruff,2022-09-02 08:52:13,src/flask/__init__.py,1,1
flask,0d8c8ba71bc6362e6ea9af08146dc97e1a0a8abc,Yang Yang,2022-09-18 04:53:47,src/flask/app.py,1,1
flask,cc66213e579d6b35d9951c21b685d0078f373c44,Jonah Lawrence,2022-10-30 14:55:51,src/flask/app.py,4,1
flask,d178653b5f7a5ee2ba15e215ce60caeeb9ed82e1,David Lord,2022-11-25 07:39:54,src/flask/app.py,2,2
flask,d178653b5f7a5ee2ba15e215ce60caeeb9ed82e1,David Lord,2022-11-25 07:39:54,src/flask/blueprints.py,4,4
flask,d178653b5f7a5ee2ba15e215ce60caeeb9ed82e1,David Lord,2022-11-25 07:39:54,src/flask/ctx.py,1,1
flask,d178653b5f7a5ee2ba15e215ce60caeeb9ed82e1,David Lord,2022-11-25 07:39:54,src/flask/helpers.py,3,3
flask,d178653b5f7a5ee2ba15e215ce60caeeb9ed82e1,David Lord,2022-11-25 07:39:54,src/flask/testing.py,1,1
flask,d178653b5f7a5ee2ba15e215ce60caeeb9ed82e1,David Lord,2022-11-25 07:39:54,src/flask/wrappers.py,1,1
flask,d178653b5f7a5ee2ba15e215ce60caeeb9ed82e1,David Lord,2022-11-25 07:39:54,tests/typing/typing_app_decorators.py,2,2
flask,09112cfc477a270f4b2990e1daf39db1dbe30e98,Maxim G. Ivanov,2022-12-24 11:17:52,src/flask/app.py,1,1
flask,09112cfc477a270f4b2990e1daf39db1dbe30e98,Maxim G. Ivanov,2022-12-24 11:17:52,src/flask/blueprints.py,1,1
flask,09112cfc477a270f4b2990e1daf39db1dbe30e98,Maxim G. Ivanov,2022-12-24 11:17:52,src/flask/scaffold.py,1,1
flask,79032ca5f1c4747e5aeaa193bdeb2e4eae410ea6,Jonah Lawrence,2022-12-24 11:27:20,src/flask/app.py,4,1
flask,4bc0e4943dfa637361aec2bb18dc9e1fabeaad12,Grey Li,2022-12-24 15:04:48,src/flask/cli.py,8,1
flask,bd26928fdb2476fca62f0e621e8f2870250ac2bc,Grey Li,2022-12-24 15:24:49,src/flask/cli.py,4,8
flask,d7b6c1f6703df405c69da45e7e0ba3d1aed512ce,Josh Michael Karamuth,2023-01-04 16:19:52,src/flask/blueprints.py,9,0
flask,d7b6c1f6703df405c69da45e7e0ba3d1aed512ce,Josh Michael Karamuth,2023-01-04 16:19:52,tests/test_blueprints.py,47,0
flask,cabda5935322d75e7aedb3ee6d59fb7ab62bd674,pgjones,2023-01-04 18:06:04,src/flask/blueprints.py,7,2
flask,cabda5935322d75e7aedb3ee6d59fb7ab62bd674,pgjones,2023-01-04 18:06:04,tests/test_blueprints.py,4,2
flask,a7487701999fee55bb76a393e72c96ac8e277fcf,Bhushan Mohanraj,2023-01-09 11:07:49,src/flask/views.py,2,2
flask,6d6d986fc502c2c24fe3db0ec0dbb062d053e068,David Lord,2023-01-18 10:32:51,setup.py,0,17
flask,8f13f5b6d672f1ba434f9c8ebe2c1b1dd385962e,David Lord,2023-01-18 10:32:51,examples/javascript/setup.py,0,3
flask,8f13f5b6d672f1ba434f9c8ebe2c1b1dd385962e,David Lord,2023-01-18 10:32:51,examples/tutorial/setup.py,0,3
flask,261e4a6cf287180b69c4db407791e43ce90e50ad,David Lord,2023-01-18 10:32:51,tests/test_appctx.py,3,3
flask,261e4a6cf287180b69c4db407791e43ce90e50ad,David Lord,2023-01-18 10:32:51,tests/test_basic.py,2,2
flask,3a35977d5fbcc424688d32154d250bc0bae918d6,David Lord,2023-01-19 06:35:15,examples/javascript/js_example/__init__.py,1,1
flask,3a35977d5fbcc424688d32154d250bc0bae918d6,David Lord,2023-01-19 06:35:15,tests/test_apps/blueprintapp/__init__.py,2,2
flask,99b34f7148b77d4b1311593590629c2bc8e8e772,David Lord,2023-01-20 13:42:50,examples/javascript/js_example/__init__.py,1,1
flask,99b34f7148b77d4b1311593590629c2bc8e8e772,David Lord,2023-01-20 13:42:50,tests/test_appctx.py,3,3
flask,99b34f7148b77d4b1311593590629c2bc8e8e772,David Lord,2023-01-20 13:42:50,tests/test_apps/blueprintapp/__init__.py,2,2
flask,99b34f7148b77d4b1311593590629c2bc8e8e772,David Lord,2023-01-20 13:42:50,tests/test_basic.py,2,2
flask,a15da89dbb4be39be09ed7e5b57a22acfb117e6d,pre-commit-ci[bot],2023-02-07 04:43:02,tests/test_reqctx.py,0,1
flask,3f195248dcd59f8eb08e282b7980dc04b97d7391,David Lord,2023-02-10 09:16:53,examples/celery/make_celery.py,4,0
flask,3f195248dcd59f8eb08e282b7980dc04b97d7391,David Lord,2023-02-10 09:16:53,examples/celery/src/task_app/__init__.py,39,0
flask,3f195248dcd59f8eb08e282b7980dc04b97d7391,David Lord,2023-02-10 09:16:53,examples/celery/src/task_app/tasks.py,23,0
flask,3f195248dcd59f8eb08e282b7980dc04b97d7391,David Lord,2023-02-10 09:16:53,examples/celery/src/task_app/views.py,38,0
flask,ab93222bd6d4ea26e3aa832a0409489530f3f5e0,David Lord,2023-02-10 10:38:44,src/flask/blueprints.py,38,32
flask,ab93222bd6d4ea26e3aa832a0409489530f3f5e0,David Lord,2023-02-10 10:38:44,src/flask/scaffold.py,39,1
flask,aa040c085c8c560616069f06c34cf796c10b05f1,David Lord,2023-02-10 15:07:24,src/flask/templating.py,2,2
flask,41d4f62909bb426c84e9d057151f7d734695320a,David Lord,2023-02-15 14:33:32,src/flask/__init__.py,1,1
flask,c4c7f504be222c3aca9062656498ec3c72e2b2ad,David Lord,2023-02-16 06:27:25,src/flask/app.py,2,2
flask,6650764e9719402de2aaa6f321bdec587699c6b2,David Lord,2023-02-23 08:35:16,src/flask/__init__.py,2,2
flask,6650764e9719402de2aaa6f321bdec587699c6b2,David Lord,2023-02-23 08:35:16,src/flask/app.py,4,336
flask,6650764e9719402de2aaa6f321bdec587699c6b2,David Lord,2023-02-23 08:35:16,src/flask/blueprints.py,4,102
flask,6650764e9719402de2aaa6f321bdec587699c6b2,David Lord,2023-02-23 08:35:16,src/flask/globals.py,8,21
flask,6650764e9719402de2aaa6f321bdec587699c6b2,David Lord,2023-02-23 08:35:16,src/flask/helpers.py,1,34
flask,6650764e9719402de2aaa6f321bdec587699c6b2,David Lord,2023-02-23 08:35:16,src/flask/json/__init__.py,24,196
flask,6650764e9719402de2aaa6f321bdec587699c6b2,David Lord,2023-02-23 08:35:16,src/flask/json/provider.py,5,99
flask,6650764e9719402de2aaa6f321bdec587699c6b2,David Lord,2023-02-23 08:35:16,src/flask/scaffold.py,0,15
flask,6650764e9719402de2aaa6f321bdec587699c6b2,David Lord,2023-02-23 08:35:16,tests/conftest.py,0,1
flask,6650764e9719402de2aaa6f321bdec587699c6b2,David Lord,2023-02-23 08:35:16,tests/test_async.py,0,9
flask,6650764e9719402de2aaa6f321bdec587699c6b2,David Lord,2023-02-23 08:35:16,tests/test_basic.py,0,39
flask,6650764e9719402de2aaa6f321bdec587699c6b2,David Lord,2023-02-23 08:35:16,tests/test_blueprints.py,2,8
flask,6650764e9719402de2aaa6f321bdec587699c6b2,David Lord,2023-02-23 08:35:16,tests/test_helpers.py,8,14
flask,9c02f07f9bb4c88207c2a6860742c452c35d2948,David Lord,2023-02-23 08:55:01,src/flask/__init__.py,24,3
flask,9c02f07f9bb4c88207c2a6860742c452c35d2948,David Lord,2023-02-23 08:55:01,tests/test_basic.py,9,8
flask,9c02f07f9bb4c88207c2a6860742c452c35d2948,David Lord,2023-02-23 08:55:01,tests/test_json_tag.py,1,1
flask,9c02f07f9bb4c88207c2a6860742c452c35d2948,David Lord,2023-02-23 08:55:01,tests/test_templating.py,3,2
flask,2a33c1785412075c09f9f55b3e25f2bc995ca461,David Lord,2023-02-23 09:28:42,src/flask/app.py,10,2
flask,2a33c1785412075c09f9f55b3e25f2bc995ca461,David Lord,2023-02-23 09:28:42,tests/test_basic.py,0,1
flask,fc03d0dfab64945169e1114cdc1fb39519a1e0c1,David Lord,2023-02-23 09:29:36,src/flask/blueprints.py,6,13
flask,4256fc63044fa0d9c2135443461689b1adaf386d,David Lord,2023-02-23 10:05:57,src/flask/app.py,4,4
flask,4256fc63044fa0d9c2135443461689b1adaf386d,David Lord,2023-02-23 10:05:57,src/flask/helpers.py,12,0
flask,4256fc63044fa0d9c2135443461689b1adaf386d,David Lord,2023-02-23 10:05:57,src/flask/scaffold.py,2,2
flask,b10b6d4af1127fdfb0a74221af0c020ced71fece,AntoineMath,2023-02-23 11:10:21,src/flask/config.py,8,3
flask,b10b6d4af1127fdfb0a74221af0c020ced71fece,AntoineMath,2023-02-23 11:10:21,tests/test_config.py,11,2
flask,c4b39ba2f3fede0555f18fc03b0f2499bb0d424b,David Lord,2023-03-11 08:19:22,src/flask/app.py,3,2
flask,c4b39ba2f3fede0555f18fc03b0f2499bb0d424b,David Lord,2023-03-11 08:19:22,src/flask/testing.py,2,2
flask,b8b410014d85f9861acc87c5f21c9a55a42d09c9,Evgeny Mozhaev,2023-03-11 08:26:36,src/flask/blueprints.py,3,0
flask,b8b410014d85f9861acc87c5f21c9a55a42d09c9,Evgeny Mozhaev,2023-03-11 08:26:36,tests/test_blueprints.py,5,0
flask,04c21387dbc454fb59cae9c9bb21a13358cb5a34,David Lord,2023-04-12 10:55:00,src/flask/testing.py,37,33
flask,04c21387dbc454fb59cae9c9bb21a13358cb5a34,David Lord,2023-04-12 10:55:00,tests/test_basic.py,10,6
flask,04c21387dbc454fb59cae9c9bb21a13358cb5a34,David Lord,2023-04-12 10:55:00,tests/test_json.py,0,19
flask,04c21387dbc454fb59cae9c9bb21a13358cb5a34,David Lord,2023-04-12 10:55:00,tests/test_testing.py,2,2
flask,c24f8c8199f8ceda7a7cfb5e91773eba595f5b67,David Lord,2023-04-12 12:38:22,src/flask/helpers.py,10,0
flask,c24f8c8199f8ceda7a7cfb5e91773eba595f5b67,David Lord,2023-04-12 12:38:22,src/flask/sessions.py,7,54
flask,c24f8c8199f8ceda7a7cfb5e91773eba595f5b67,David Lord,2023-04-12 12:38:22,tests/test_basic.py,2,60
flask,b626a9387900a9f717eb42765275adc0bf0875e3,Adam Dangoor,2023-04-12 13:30:28,src/flask/wrappers.py,1,1
flask,9cb1a7a52d7927071e2b737d52f902f006969e82,David Lord,2023-04-13 07:39:24,src/flask/__init__.py,11,1
flask,9cb1a7a52d7927071e2b737d52f902f006969e82,David Lord,2023-04-13 07:39:24,src/flask/signals.py,18,41
flask,9cb1a7a52d7927071e2b737d52f902f006969e82,David Lord,2023-04-13 07:39:24,tests/test_signals.py,0,11
flask,9cb1a7a52d7927071e2b737d52f902f006969e82,David Lord,2023-04-13 07:39:24,tests/test_testing.py,0,6
flask,8239765a4410d13d489e299a99e4a4c6951e190b,pgjones,2023-04-13 08:05:42,src/flask/app.py,7,5
flask,8239765a4410d13d489e299a99e4a4c6951e190b,pgjones,2023-04-13 08:05:42,src/flask/ctx.py,2,2
flask,8239765a4410d13d489e299a99e4a4c6951e190b,pgjones,2023-04-13 08:05:42,src/flask/helpers.py,3,1
flask,8239765a4410d13d489e299a99e4a4c6951e190b,pgjones,2023-04-13 08:05:42,src/flask/templating.py,12,4
flask,84c007d34f7f0b8737310fe4d67be12c463e0130,David Lord,2023-04-14 09:43:00,src/flask/cli.py,39,26
flask,84c007d34f7f0b8737310fe4d67be12c463e0130,David Lord,2023-04-14 09:43:00,tests/test_cli.py,28,23
flask,44ffe6c6d6c90a414de32db1b03d5978f8770271,David Lord,2023-04-20 09:24:44,src/flask/app.py,54,56
flask,44ffe6c6d6c90a414de32db1b03d5978f8770271,David Lord,2023-04-20 09:24:44,src/flask/blueprints.py,29,27
flask,44ffe6c6d6c90a414de32db1b03d5978f8770271,David Lord,2023-04-20 09:24:44,src/flask/cli.py,1,1
flask,44ffe6c6d6c90a414de32db1b03d5978f8770271,David Lord,2023-04-20 09:24:44,src/flask/config.py,8,6
flask,44ffe6c6d6c90a414de32db1b03d5978f8770271,David Lord,2023-04-20 09:24:44,src/flask/ctx.py,23,21
flask,44ffe6c6d6c90a414de32db1b03d5978f8770271,David Lord,2023-04-20 09:24:44,src/flask/debughelpers.py,2,0
flask,44ffe6c6d6c90a414de32db1b03d5978f8770271,David Lord,2023-04-20 09:24:44,src/flask/globals.py,11,9
flask,44ffe6c6d6c90a414de32db1b03d5978f8770271,David Lord,2023-04-20 09:24:44,src/flask/helpers.py,29,31
flask,44ffe6c6d6c90a414de32db1b03d5978f8770271,David Lord,2023-04-20 09:24:44,src/flask/json/provider.py,2,2
flask,44ffe6c6d6c90a414de32db1b03d5978f8770271,David Lord,2023-04-20 09:24:44,src/flask/json/tag.py,10,8
flask,44ffe6c6d6c90a414de32db1b03d5978f8770271,David Lord,2023-04-20 09:24:44,src/flask/logging.py,3,1
flask,44ffe6c6d6c90a414de32db1b03d5978f8770271,David Lord,2023-04-20 09:24:44,src/flask/scaffold.py,38,36
flask,44ffe6c6d6c90a414de32db1b03d5978f8770271,David Lord,2023-04-20 09:24:44,src/flask/sessions.py,17,23
flask,44ffe6c6d6c90a414de32db1b03d5978f8770271,David Lord,2023-04-20 09:24:44,src/flask/templating.py,17,17
flask,44ffe6c6d6c90a414de32db1b03d5978f8770271,David Lord,2023-04-20 09:24:44,src/flask/testing.py,14,12
flask,44ffe6c6d6c90a414de32db1b03d5978f8770271,David Lord,2023-04-20 09:24:44,src/flask/typing.py,2,0
flask,44ffe6c6d6c90a414de32db1b03d5978f8770271,David Lord,2023-04-20 09:24:44,src/flask/views.py,5,3
flask,44ffe6c6d6c90a414de32db1b03d5978f8770271,David Lord,2023-04-20 09:24:44,src/flask/wrappers.py,11,9
flask,f139024b1ca637cc6df694f49817bdb8ec294561,David Lord,2023-04-20 09:53:38,docs/conf.py,0,2
flask,2e8fe7b2f2b541a60c90c625446647b22c5cacc2,David Lord,2023-04-20 11:09:55,src/flask/app.py,2,17
flask,2e8fe7b2f2b541a60c90c625446647b22c5cacc2,David Lord,2023-04-20 11:09:55,src/flask/helpers.py,1,2
flask,2e8fe7b2f2b541a60c90c625446647b22c5cacc2,David Lord,2023-04-20 11:09:55,src/flask/sessions.py,1,2
flask,2e8fe7b2f2b541a60c90c625446647b22c5cacc2,David Lord,2023-04-20 11:09:55,tests/typing/typing_route.py,1,3
flask,83d777bebfb3031de51d458b47d06e8e612f3a3d,David Lord,2023-04-20 11:38:04,docs/conf.py,2,2
flask,74e03298200e33951ca350a35aa3a8c0b4ff8177,David Lord,2023-04-25 11:41:10,src/flask/__init__.py,1,1
flask,79ebf6c39cba01b240a926b899b7d0828e63fc4b,David Lord,2023-04-25 12:28:59,src/flask/app.py,1,1
flask,8728c3e4cd4e929a4327d917acd4b96c75f963d0,David Lord,2023-04-25 12:35:06,src/flask/__init__.py,1,1
flask,345f18442ceb29f9e365af99fc85bdc5986323d2,David Lord,2023-04-25 13:48:16,src/flask/__init__.py,1,1
flask,0ec9192cf25f5187d6521f2539489fa8d55336bb,Lucas Werkmeister,2023-04-25 13:50:43,src/flask/__init__.py,1,1
flask,721abdc3810057269503a72d2db80fb826f3c85c,David Lord,2023-04-25 14:08:38,src/flask/__init__.py,1,1
flask,0bc7356ce1ae11e633426902aba76d525f4523da,David Lord,2023-05-01 08:02:46,src/flask/__init__.py,1,1
flask,9532cba45d2339e90ebf04f178b1e4f2064e7328,David Lord,2023-05-01 08:10:25,src/flask/app.py,1,1
flask,8705dd39c4fa563ea0fe0bf84c85da8fcc98b88d,David Lord,2023-05-01 08:10:52,src/flask/sessions.py,6,4
flask,8705dd39c4fa563ea0fe0bf84c85da8fcc98b88d,David Lord,2023-05-01 08:10:52,tests/test_basic.py,23,0
flask,e1aedecdc689cc9a79131851dbdabf6c3bc49c9e,David Lord,2023-05-01 08:18:03,src/flask/testing.py,7,17
flask,f3b8f570545200c87465d18386f3fc9f2258307a,David Lord,2023-05-01 08:35:10,src/flask/__init__.py,1,1
flask,726d3f4fa9e8a2960541debc2d2713571da54441,David Lord,2023-05-02 06:56:08,src/flask/__init__.py,1,1
flask,3fbfbad79fe294918459b70eb409d555b20de2c8,David Lord,2023-05-02 07:09:36,src/flask/testing.py,14,3
flask,8646edca6f47e2cd57464081b3911218d4734f8d,David Lord,2023-05-02 07:14:15,src/flask/sessions.py,6,4
flask,8646edca6f47e2cd57464081b3911218d4734f8d,David Lord,2023-05-02 07:14:15,tests/test_basic.py,23,0
flask,47af817c8fe01045c641b97f8fb784c7ad864eee,David Lord,2023-05-02 07:35:27,src/flask/__init__.py,1,1
flask,1d7281fe0770a97229a2a75189a712cff866b448,David Lord,2023-05-02 09:53:31,src/flask/scaffold.py,1,1
flask,1d7281fe0770a97229a2a75189a712cff866b448,David Lord,2023-05-02 09:53:31,tests/conftest.py,0,37
flask,1d7281fe0770a97229a2a75189a712cff866b448,David Lord,2023-05-02 09:53:31,tests/test_instance_config.py,0,18
flask,0a00e1b6085f62fb776a95ef676ea661bff565f6,David Lord,2023-05-02 10:38:27,tests/conftest.py,13,14
flask,0a00e1b6085f62fb776a95ef676ea661bff565f6,David Lord,2023-05-02 10:38:27,tests/test_config.py,4,12
flask,0a00e1b6085f62fb776a95ef676ea661bff565f6,David Lord,2023-05-02 10:38:27,tests/test_helpers.py,2,2
flask,0a00e1b6085f62fb776a95ef676ea661bff565f6,David Lord,2023-05-02 10:38:27,tests/test_instance_config.py,40,36
flask,2abb7513dc52e9d9f2c73dde91f3b89d8f9492e4,pgjones,2023-05-14 16:09:25,src/flask/config.py,5,3
flask,367e1df785a71e9004d9a87a221652bfc5a964ac,David Lord,2023-06-07 13:10:39,src/flask/__init__.py,1,1
flask,84e11a1e827c0f55f9b9ee15952eddcf8a6492e0,David Lord,2023-06-07 13:13:41,src/flask/helpers.py,3,2
flask,84e11a1e827c0f55f9b9ee15952eddcf8a6492e0,David Lord,2023-06-07 13:13:41,src/flask/scaffold.py,2,2
flask,bda295d37fa3809c95a93d01dd605d0222109889,David Lord,2023-06-09 09:34:42,src/flask/helpers.py,10,3
flask,bda295d37fa3809c95a93d01dd605d0222109889,David Lord,2023-06-09 09:34:42,src/flask/scaffold.py,28,78
flask,17e146ad949b3d80438faf95e81b53c543cb50f5,hauntsaninja,2023-08-16 13:33:13,src/flask/cli.py,1,1
flask,c49ce2e1eb8b598e724388bead0943837bab8027,David Lord,2023-08-16 13:37:26,tests/test_basic.py,4,4
flask,826514b8eb18f6c314cf566630253d35c89e42c3,David Lord,2023-08-16 13:37:56,tests/test_basic.py,4,4
flask,6a12b191f7058a179237b4b3dfc146e559777d9b,David Lord,2023-08-16 14:41:57,src/flask/__init__.py,1,1
flask,04994df59f2f642e52ba46ca656088bcdb931262,David Lord,2023-08-16 15:00:49,src/flask/__init__.py,0,61
flask,04994df59f2f642e52ba46ca656088bcdb931262,David Lord,2023-08-16 15:00:49,src/flask/app.py,0,19
flask,04994df59f2f642e52ba46ca656088bcdb931262,David Lord,2023-08-16 15:00:49,src/flask/globals.py,0,45
flask,04994df59f2f642e52ba46ca656088bcdb931262,David Lord,2023-08-16 15:00:49,src/flask/helpers.py,1,79
flask,04994df59f2f642e52ba46ca656088bcdb931262,David Lord,2023-08-16 15:00:49,src/flask/signals.py,0,16
flask,a64588f87a2bd7ba557814ec039e3b2af2ce842d,pgjones,2023-08-19 18:35:00,src/flask/sansio/app.py,0,0
flask,a64588f87a2bd7ba557814ec039e3b2af2ce842d,pgjones,2023-08-19 18:35:00,src/flask/sansio/blueprints.py,0,0
flask,a64588f87a2bd7ba557814ec039e3b2af2ce842d,pgjones,2023-08-19 18:35:00,src/flask/sansio/scaffold.py,0,0
flask,0ec7f713d679ceed2c605e62ac5d38d579f29fa0,pgjones,2023-08-19 18:35:14,src/flask/__init__.py,2,2
flask,0ec7f713d679ceed2c605e62ac5d38d579f29fa0,pgjones,2023-08-19 18:35:14,src/flask/app.py,1478,0
flask,0ec7f713d679ceed2c605e62ac5d38d579f29fa0,pgjones,2023-08-19 18:35:14,src/flask/blueprints.py,91,0
flask,0ec7f713d679ceed2c605e62ac5d38d579f29fa0,pgjones,2023-08-19 18:35:14,src/flask/debughelpers.py,3,3
flask,0ec7f713d679ceed2c605e62ac5d38d579f29fa0,pgjones,2023-08-19 18:35:14,src/flask/json/provider.py,2,2
flask,0ec7f713d679ceed2c605e62ac5d38d579f29fa0,pgjones,2023-08-19 18:35:14,src/flask/logging.py,2,2
flask,0ec7f713d679ceed2c605e62ac5d38d579f29fa0,pgjones,2023-08-19 18:35:14,src/flask/sansio/app.py,30,1260
flask,0ec7f713d679ceed2c605e62ac5d38d579f29fa0,pgjones,2023-08-19 18:35:14,src/flask/sansio/blueprints.py,6,6
flask,0ec7f713d679ceed2c605e62ac5d38d579f29fa0,pgjones,2023-08-19 18:35:14,src/flask/sansio/scaffold.py,4,75
flask,0ec7f713d679ceed2c605e62ac5d38d579f29fa0,pgjones,2023-08-19 18:35:14,src/flask/templating.py,4,3
flask,72c85e80c8ef9e6d5b5644f7bb23cdc175ca3873,pgjones,2023-08-19 18:35:15,src/flask/sansio/blueprints.py,31,31
flask,3f6b243cec6859185ea4064e84b33c07cc7febf6,pgjones,2023-08-19 18:35:15,src/flask/app.py,1,1
flask,3f6b243cec6859185ea4064e84b33c07cc7febf6,pgjones,2023-08-19 18:35:15,src/flask/typing.py,4,1
flask,cc80a47f5be6c60e53c42ef9378e6db3b0e183b1,pgjones,2023-08-19 18:35:15,src/flask/typing.py,1,1
flask,80cf589a26d792820f135591eb8007bca891bf4f,pgjones,2023-08-19 18:35:15,src/flask/typing.py,4,1
flask,5bb30270d2e68d8d9278ac6f5abf67049acba662,David Lord,2023-08-21 09:39:10,src/flask/cli.py,5,4
flask,5bb30270d2e68d8d9278ac6f5abf67049acba662,David Lord,2023-08-21 09:39:10,src/flask/testing.py,14,1
flask,5bb30270d2e68d8d9278ac6f5abf67049acba662,David Lord,2023-08-21 09:39:10,tests/test_cli.py,5,7
flask,5bb30270d2e68d8d9278ac6f5abf67049acba662,David Lord,2023-08-21 09:39:10,tests/test_testing.py,21,19
flask,9f9550247a2798b9dcc28081c15e266442f4e28a,David Lord,2023-08-21 10:12:54,src/flask/cli.py,5,4
flask,9f9550247a2798b9dcc28081c15e266442f4e28a,David Lord,2023-08-21 10:12:54,src/flask/testing.py,14,1
flask,9f9550247a2798b9dcc28081c15e266442f4e28a,David Lord,2023-08-21 10:12:54,tests/test_cli.py,5,7
flask,9f9550247a2798b9dcc28081c15e266442f4e28a,David Lord,2023-08-21 10:12:54,tests/test_testing.py,21,19
flask,3205b53c7cf69d17fee49cac6b84978175b7dd73,David Lord,2023-08-21 10:25:35,src/flask/__init__.py,1,1
flask,65271c105f7c247ecffc9a7121815276e092bd10,pgjones,2023-08-27 07:12:04,src/flask/app.py,0,1
flask,293041a290178dc1d526075372960c3ca589d366,David Lord,2023-08-29 06:03:11,src/flask/__init__.py,20,1
flask,438edcdf01c392619449a6bdbb18f6cf72ef7bb9,pgjones,2023-09-30 15:25:31,src/flask/app.py,1,0
flask,438edcdf01c392619449a6bdbb18f6cf72ef7bb9,pgjones,2023-09-30 15:25:31,tests/test_helpers.py,7,0
flask,54ff9b297276a3add08c8faf1557b5e359b3ab99,David Lord,2023-11-09 10:27:01,examples/javascript/js_example/views.py,1,1
flask,54ff9b297276a3add08c8faf1557b5e359b3ab99,David Lord,2023-11-09 10:27:01,examples/tutorial/flaskr/__init__.py,3,2
flask,54ff9b297276a3add08c8faf1557b5e359b3ab99,David Lord,2023-11-09 10:27:01,examples/tutorial/flaskr/auth.py,1,1
flask,54ff9b297276a3add08c8faf1557b5e359b3ab99,David Lord,2023-11-09 10:27:01,examples/tutorial/flaskr/blog.py,2,2
flask,54ff9b297276a3add08c8faf1557b5e359b3ab99,David Lord,2023-11-09 10:27:01,src/flask/app.py,6,3
flask,54ff9b297276a3add08c8faf1557b5e359b3ab99,David Lord,2023-11-09 10:27:01,src/flask/helpers.py,2,3
flask,54ff9b297276a3add08c8faf1557b5e359b3ab99,David Lord,2023-11-09 10:27:01,src/flask/json/provider.py,1,3
flask,54ff9b297276a3add08c8faf1557b5e359b3ab99,David Lord,2023-11-09 10:27:01,src/flask/sansio/app.py,5,2
flask,54ff9b297276a3add08c8faf1557b5e359b3ab99,David Lord,2023-11-09 10:27:01,src/flask/sessions.py,2,1
flask,54ff9b297276a3add08c8faf1557b5e359b3ab99,David Lord,2023-11-09 10:27:01,src/flask/views.py,0,1
flask,54ff9b297276a3add08c8faf1557b5e359b3ab99,David Lord,2023-11-09 10:27:01,tests/test_appctx.py,3,6
flask,54ff9b297276a3add08c8faf1557b5e359b3ab99,David Lord,2023-11-09 10:27:01,tests/test_apps/subdomaintestmodule/__init__.py,0,1
flask,54ff9b297276a3add08c8faf1557b5e359b3ab99,David Lord,2023-11-09 10:27:01,tests/test_basic.py,13,11
flask,54ff9b297276a3add08c8faf1557b5e359b3ab99,David Lord,2023-11-09 10:27:01,tests/test_blueprints.py,5,4
flask,54ff9b297276a3add08c8faf1557b5e359b3ab99,David Lord,2023-11-09 10:27:01,tests/test_signals.py,2,2
flask,54ff9b297276a3add08c8faf1557b5e359b3ab99,David Lord,2023-11-09 10:27:01,tests/test_testing.py,4,7
flask,54ff9b297276a3add08c8faf1557b5e359b3ab99,David Lord,2023-11-09 10:27:01,tests/test_views.py,2,2
flask,54ff9b297276a3add08c8faf1557b5e359b3ab99,David Lord,2023-11-09 10:27:01,tests/typing/typing_app_decorators.py,2,4
flask,54ff9b297276a3add08c8faf1557b5e359b3ab99,David Lord,2023-11-09 10:27:01,tests/typing/typing_route.py,2,2
flask,54e05a282428e9a44dbd414ca70231a83ebd710d,David Lord,2023-11-15 12:14:37,examples/javascript/js_example/views.py,1,1
flask,54e05a282428e9a44dbd414ca70231a83ebd710d,David Lord,2023-11-15 12:14:37,examples/tutorial/flaskr/__init__.py,3,2
flask,54e05a282428e9a44dbd414ca70231a83ebd710d,David Lord,2023-11-15 12:14:37,examples/tutorial/flaskr/auth.py,1,1
flask,54e05a282428e9a44dbd414ca70231a83ebd710d,David Lord,2023-11-15 12:14:37,examples/tutorial/flaskr/blog.py,2,2
flask,54e05a282428e9a44dbd414ca70231a83ebd710d,David Lord,2023-11-15 12:14:37,src/flask/app.py,6,3
flask,54e05a282428e9a44dbd414ca70231a83ebd710d,David Lord,2023-11-15 12:14:37,src/flask/helpers.py,2,3
flask,54e05a282428e9a44dbd414ca70231a83ebd710d,David Lord,2023-11-15 12:14:37,src/flask/json/provider.py,1,3
flask,54e05a282428e9a44dbd414ca70231a83ebd710d,David Lord,2023-11-15 12:14:37,src/flask/sansio/app.py,5,2
flask,54e05a282428e9a44dbd414ca70231a83ebd710d,David Lord,2023-11-15 12:14:37,src/flask/sessions.py,2,1
flask,54e05a282428e9a44dbd414ca70231a83ebd710d,David Lord,2023-11-15 12:14:37,src/flask/views.py,0,1
flask,54e05a282428e9a44dbd414ca70231a83ebd710d,David Lord,2023-11-15 12:14:37,tests/test_appctx.py,3,6
flask,54e05a282428e9a44dbd414ca70231a83ebd710d,David Lord,2023-11-15 12:14:37,tests/test_apps/subdomaintestmodule/__init__.py,0,1
flask,54e05a282428e9a44dbd414ca70231a83ebd710d,David Lord,2023-11-15 12:14:37,tests/test_basic.py,13,11
flask,54e05a282428e9a44dbd414ca70231a83ebd710d,David Lord,2023-11-15 12:14:37,tests/test_blueprints.py,5,4
flask,54e05a282428e9a44dbd414ca70231a83ebd710d,David Lord,2023-11-15 12:14:37,tests/test_signals.py,2,2
flask,54e05a282428e9a44dbd414ca70231a83ebd710d,David Lord,2023-11-15 12:14:37,tests/test_testing.py,4,7
flask,54e05a282428e9a44dbd414ca70231a83ebd710d,David Lord,2023-11-15 12:14:37,tests/test_views.py,2,2
flask,54e05a282428e9a44dbd414ca70231a83ebd710d,David Lord,2023-11-15 12:14:37,tests/typing/typing_app_decorators.py,2,4
flask,54e05a282428e9a44dbd414ca70231a83ebd710d,David Lord,2023-11-15 12:14:37,tests/typing/typing_route.py,2,2
flask,4104f29956b16f3e351462651ec3c6cc5a0dd069,Daniel Isaac,2023-11-15 12:53:22,src/flask/helpers.py,1,1
flask,b55ccae72aba110ae08e8ef0a9cfb8649750594a,dependabot[bot],2023-12-13 14:58:31,src/flask/helpers.py,1,1
flask,1d5abfadd7132c9a78e14e5ba6c07aed47115280,lizard,2023-12-13 15:05:03,src/flask/cli.py,3,1
flask,8fdab74cc80c39f45aa65da5dd029c8d262756c3,pre-commit-ci[bot],2024-01-01 20:24:30,src/flask/helpers.py,1,1
flask,700fc7d928b7a625b04e6865b3eb282043e90f7d,David Lord,2024-01-15 07:49:02,src/flask/json/tag.py,13,1
flask,6000e80acf931b05b4911c3fa7f3ba33e2b80e64,David Lord,2024-01-16 10:11:13,src/flask/app.py,26,19
flask,6000e80acf931b05b4911c3fa7f3ba33e2b80e64,David Lord,2024-01-16 10:11:13,src/flask/blueprints.py,1,1
flask,6000e80acf931b05b4911c3fa7f3ba33e2b80e64,David Lord,2024-01-16 10:11:13,src/flask/cli.py,88,49
flask,6000e80acf931b05b4911c3fa7f3ba33e2b80e64,David Lord,2024-01-16 10:11:13,src/flask/config.py,35,10
flask,6000e80acf931b05b4911c3fa7f3ba33e2b80e64,David Lord,2024-01-16 10:11:13,src/flask/ctx.py,19,10
flask,6000e80acf931b05b4911c3fa7f3ba33e2b80e64,David Lord,2024-01-16 10:11:13,src/flask/debughelpers.py,26,8
flask,6000e80acf931b05b4911c3fa7f3ba33e2b80e64,David Lord,2024-01-16 10:11:13,src/flask/helpers.py,10,11
flask,6000e80acf931b05b4911c3fa7f3ba33e2b80e64,David Lord,2024-01-16 10:11:13,src/flask/json/__init__.py,1,1
flask,6000e80acf931b05b4911c3fa7f3ba33e2b80e64,David Lord,2024-01-16 10:11:13,src/flask/json/provider.py,3,2
flask,6000e80acf931b05b4911c3fa7f3ba33e2b80e64,David Lord,2024-01-16 10:11:13,src/flask/json/tag.py,5,5
flask,6000e80acf931b05b4911c3fa7f3ba33e2b80e64,David Lord,2024-01-16 10:11:13,src/flask/logging.py,4,1
flask,6000e80acf931b05b4911c3fa7f3ba33e2b80e64,David Lord,2024-01-16 10:11:13,src/flask/sansio/app.py,16,15
flask,6000e80acf931b05b4911c3fa7f3ba33e2b80e64,David Lord,2024-01-16 10:11:13,src/flask/sansio/blueprints.py,20,14
flask,6000e80acf931b05b4911c3fa7f3ba33e2b80e64,David Lord,2024-01-16 10:11:13,src/flask/sansio/scaffold.py,36,34
flask,6000e80acf931b05b4911c3fa7f3ba33e2b80e64,David Lord,2024-01-16 10:11:13,src/flask/sessions.py,14,11
flask,6000e80acf931b05b4911c3fa7f3ba33e2b80e64,David Lord,2024-01-16 10:11:13,src/flask/templating.py,8,10
flask,6000e80acf931b05b4911c3fa7f3ba33e2b80e64,David Lord,2024-01-16 10:11:13,src/flask/testing.py,8,5
flask,6000e80acf931b05b4911c3fa7f3ba33e2b80e64,David Lord,2024-01-16 10:11:13,src/flask/typing.py,4,2
flask,6000e80acf931b05b4911c3fa7f3ba33e2b80e64,David Lord,2024-01-16 10:11:13,src/flask/views.py,6,4
flask,6000e80acf931b05b4911c3fa7f3ba33e2b80e64,David Lord,2024-01-16 10:11:13,src/flask/wrappers.py,5,4
flask,08d3185e87cfeccc4bf4d26ee5c4c0dfd4ec8564,David Lord,2024-01-16 10:12:10,src/flask/ctx.py,1,1
flask,08d3185e87cfeccc4bf4d26ee5c4c0dfd4ec8564,David Lord,2024-01-16 10:12:10,src/flask/helpers.py,1,1
flask,ecc057dd4857e655f0844b781899a917852042a4,Cody Scott,2024-02-03 12:14:38,src/flask/sansio/scaffold.py,2,1
flask,1af8f95785b85d0937153ee63d504c0b51934d80,Tony Huang,2024-02-03 12:36:06,src/flask/cli.py,3,1
flask,1af8f95785b85d0937153ee63d504c0b51934d80,Tony Huang,2024-02-03 12:36:06,tests/test_cli.py,5,0
flask,87d5f5b9a9697434e6d972b021201105eabb54e6,David Lord,2024-04-07 10:24:40,docs/conf.py,9,8
flask,87d5f5b9a9697434e6d972b021201105eabb54e6,David Lord,2024-04-07 10:24:40,src/flask/cli.py,2,4
flask,87d5f5b9a9697434e6d972b021201105eabb54e6,David Lord,2024-04-07 10:24:40,src/flask/config.py,2,4
flask,87d5f5b9a9697434e6d972b021201105eabb54e6,David Lord,2024-04-07 10:24:40,src/flask/json/tag.py,1,0
flask,87d5f5b9a9697434e6d972b021201105eabb54e6,David Lord,2024-04-07 10:24:40,tests/test_json.py,1,1
flask,87d5f5b9a9697434e6d972b021201105eabb54e6,David Lord,2024-04-07 10:24:40,tests/typing/typing_app_decorators.py,4,8
flask,db461112c70d5f2bf93c7a6ac27eeb665c232dd0,David Lord,2024-04-07 11:41:13,src/flask/sessions.py,9,1
flask,5fdce4c331ac530280cc941179d364a07f4a1088,pgjones,2024-04-07 12:13:02,src/flask/app.py,10,0
flask,5fdce4c331ac530280cc941179d364a07f4a1088,pgjones,2024-04-07 12:13:02,src/flask/blueprints.py,38,0
flask,5fdce4c331ac530280cc941179d364a07f4a1088,pgjones,2024-04-07 12:13:02,src/flask/sansio/app.py,0,4
flask,5fdce4c331ac530280cc941179d364a07f4a1088,pgjones,2024-04-07 12:13:02,src/flask/sansio/scaffold.py,4,8
flask,ccf125bf30102beedafb3ecef72376bfb6c90a4d,David Lord,2024-04-23 16:49:42,src/flask/sessions.py,1,1
flask,a363642a32880114c7944b1017f2f69bd4cc00eb,David Lord,2024-05-06 10:09:58,src/flask/wrappers.py,1,1
flask,eb1182a10e757b5e76009c69fdf3a88a5afc6840,David Lord,2024-05-06 10:12:32,src/flask/sessions.py,2,2
flask,860a25c390eba8e6c089a818b02800dd9d789864,David Lord,2024-05-06 10:23:10,src/flask/helpers.py,1,1
flask,c7da8c2aa3a923fc620ad480a8831a8a0f21ab37,Heisenberg,2024-05-25 11:28:19,src/flask/sansio/app.py,1,1
flask,d718ecf6d3dfc4656d262154c59672437c1ea075,pgjones,2024-06-07 19:04:18,src/flask/app.py,1,0
flask,d718ecf6d3dfc4656d262154c59672437c1ea075,pgjones,2024-06-07 19:04:18,src/flask/sansio/app.py,1,1
flask,28d5a4d71824ff5823ae310e3fd014b48b33d583,David Lord,2024-07-10 19:14:06,src/flask/app.py,36,20
flask,28d5a4d71824ff5823ae310e3fd014b48b33d583,David Lord,2024-07-10 19:14:06,src/flask/blueprints.py,21,22
flask,28d5a4d71824ff5823ae310e3fd014b48b33d583,David Lord,2024-07-10 19:14:06,tests/test_helpers.py,21,10
flask,176fdfa0002360670f698d3828cfff11f97349f0,David Lord,2024-08-23 16:33:52,src/flask/helpers.py,13,1
flask,176fdfa0002360670f698d3828cfff11f97349f0,David Lord,2024-08-23 16:33:52,src/flask/json/provider.py,1,1
flask,b337d210583a3f5f84d0f70b56ae9a82b029dab5,David Lord,2024-10-18 10:02:35,src/flask/json/provider.py,1,1
flask,dffe3034825edc4f84aded013fc9c6590e545ed5,David Lord,2024-10-18 13:04:35,src/flask/helpers.py,1,1
flask,9e831e915fa875423af0c0de8f53a3780055919e,bre-17387639,2024-10-24 14:46:34,src/flask/app.py,5,3
flask,9e831e915fa875423af0c0de8f53a3780055919e,bre-17387639,2024-10-24 14:46:34,src/flask/blueprints.py,1,1
flask,9e831e915fa875423af0c0de8f53a3780055919e,bre-17387639,2024-10-24 14:46:34,src/flask/cli.py,5,5
flask,9e831e915fa875423af0c0de8f53a3780055919e,bre-17387639,2024-10-24 14:46:34,src/flask/helpers.py,1,1
flask,9e831e915fa875423af0c0de8f53a3780055919e,bre-17387639,2024-10-24 14:46:34,src/flask/sansio/app.py,1,1
flask,9e831e915fa875423af0c0de8f53a3780055919e,bre-17387639,2024-10-24 14:46:34,src/flask/testing.py,1,2
flask,9e831e915fa875423af0c0de8f53a3780055919e,bre-17387639,2024-10-24 14:46:34,src/flask/views.py,2,2
flask,9e831e915fa875423af0c0de8f53a3780055919e,bre-17387639,2024-10-24 14:46:34,src/flask/wrappers.py,2,2
flask,1d610e44b396d11113bb6a5d168cc5e996a6dfb9,David Lord,2024-10-31 12:30:53,src/flask/app.py,1,1
flask,1d610e44b396d11113bb6a5d168cc5e996a6dfb9,David Lord,2024-10-31 12:30:53,src/flask/config.py,1,4
flask,1d610e44b396d11113bb6a5d168cc5e996a6dfb9,David Lord,2024-10-31 12:30:53,src/flask/helpers.py,2,2
flask,1d610e44b396d11113bb6a5d168cc5e996a6dfb9,David Lord,2024-10-31 12:30:53,src/flask/sansio/scaffold.py,2,11
flask,1d610e44b396d11113bb6a5d168cc5e996a6dfb9,David Lord,2024-10-31 12:30:53,src/flask/typing.py,11,11
flask,c7a53888a1a514619b0611fd8b7928592f4ed612,David Lord,2024-11-01 13:17:53,src/flask/app.py,2,0
flask,c7a53888a1a514619b0611fd8b7928592f4ed612,David Lord,2024-11-01 13:17:53,src/flask/wrappers.py,89,6
flask,c7a53888a1a514619b0611fd8b7928592f4ed612,David Lord,2024-11-01 13:17:53,tests/test_basic.py,0,21
flask,c7a53888a1a514619b0611fd8b7928592f4ed612,David Lord,2024-11-01 13:17:53,tests/test_request.py,54,0
flask,9efc1ebeeb431769897798cdf8de2c67dcbbc9c0,David Lord,2024-11-01 16:24:15,src/flask/app.py,1,0
flask,9efc1ebeeb431769897798cdf8de2c67dcbbc9c0,David Lord,2024-11-01 16:24:15,src/flask/sessions.py,11,0
flask,9efc1ebeeb431769897798cdf8de2c67dcbbc9c0,David Lord,2024-11-01 16:24:15,tests/test_basic.py,3,0
flask,df201ed152b61c439ea1ace179f35b424594ba6c,David Lord,2024-11-01 16:44:17,examples/javascript/tests/test_js_example.py,1,1
flask,8aa161a43731795841fa2678d3dff0559cee527e,David Lord,2024-11-01 17:18:52,examples/tutorial/flaskr/db.py,4,0
flask,98ae71897600a3162f529b1b30c70b8abdf0961b,David Lord,2024-11-01 18:06:34,src/flask/app.py,1,1
flask,6c44dd4bb8e4f2ca5f135f172de4725b2cada155,David,2024-11-06 09:47:57,src/flask/helpers.py,2,1
flask,2c3160304278d323da8485057770926d1b582579,David Lord,2024-11-07 11:54:29,src/flask/cli.py,67,43
flask,2c3160304278d323da8485057770926d1b582579,David Lord,2024-11-07 11:54:29,tests/test_cli.py,20,4
flask,e13373f838ab34027c5a80e16a6cb8262d41eab7,David Lord,2024-11-08 08:09:01,src/flask/app.py,1,0
flask,e13373f838ab34027c5a80e16a6cb8262d41eab7,David Lord,2024-11-08 08:09:01,src/flask/sessions.py,11,5
flask,e13373f838ab34027c5a80e16a6cb8262d41eab7,David Lord,2024-11-08 08:09:01,tests/test_basic.py,22,0
flask,e13373f838ab34027c5a80e16a6cb8262d41eab7,David Lord,2024-11-08 08:09:01,tests/type_check/typing_app_decorators.py,0,0
flask,e13373f838ab34027c5a80e16a6cb8262d41eab7,David Lord,2024-11-08 08:09:01,tests/type_check/typing_error_handler.py,0,0
flask,e13373f838ab34027c5a80e16a6cb8262d41eab7,David Lord,2024-11-08 08:09:01,tests/type_check/typing_route.py,0,0
flask,4995a775df21a206b529403bc30d71795a994fd4,David Lord,2024-11-12 08:58:08,src/flask/app.py,25,17
flask,4995a775df21a206b529403bc30d71795a994fd4,David Lord,2024-11-12 08:58:08,tests/test_basic.py,43,0
flask,4995a775df21a206b529403bc30d71795a994fd4,David Lord,2024-11-12 08:58:08,tests/test_blueprints.py,14,22
flask,4f7156f2c3271613b34d04040b502b9d7ae35eb9,David Lord,2024-11-12 21:01:55,src/flask/app.py,7,0
flask,4f7156f2c3271613b34d04040b502b9d7ae35eb9,David Lord,2024-11-12 21:01:55,tests/test_request.py,16,0
flask,f49dbfd3e451006a485e81ebce030495131c4454,David Lord,2024-11-13 08:22:57,src/flask/sessions.py,7,5
flask,18ffe1eaf6c2eeffc898f4e8a590c062c40b30dc,David Lord,2024-11-20 19:37:06,docs/conf.py,3,0
flask,d22bfcd4cfe3b93daddfce8521f77447ca8d6b84,David Lord,2024-11-23 15:41:36,src/flask/__init__.py,0,21
flask,b394a994e6d632643d0061e0e67772f076925951,David Lord,2024-11-23 16:03:47,src/flask/__init__.py,1,1
flask,54c3f87af9f6c0d6622cec2c3d9695b0229fb8fa,kurtatter,2024-11-23 17:50:40,src/flask/testing.py,2,1
flask,165af0a090e229e94ccd93896efc15b9fe0488da,David Lord,2025-03-29 14:44:59,src/flask/app.py,3,3
flask,165af0a090e229e94ccd93896efc15b9fe0488da,David Lord,2025-03-29 14:44:59,src/flask/testing.py,3,3
flask,da600394865c06a4772c433c1a560453dcf4f868,George Waters,2025-03-29 15:13:23,src/flask/cli.py,3,1
flask,7d5d1874581209f66ad7bcdfb7f85b2b9a7ca471,David Lord,2025-03-29 15:23:34,src/flask/__init__.py,14,13
flask,41ec5760a2c55a099c3a1733fdd36fbb1258a02b,David Lord,2025-03-29 15:42:58,tests/conftest.py,0,32
flask,41ec5760a2c55a099c3a1733fdd36fbb1258a02b,David Lord,2025-03-29 15:42:58,tests/test_instance_config.py,3,3
flask,bfffe87d4c2ea255b9a51432bebb3d28741245c4,David Lord,2025-03-29 15:57:16,docs/conf.py,1,0
flask,410e5ab7ed0ef326fa8b5164a633863f137ffff5,CoolCat467,2025-03-30 13:14:25,src/flask/typing.py,3,0
flask,11c45eeba3b5bcf06b84f4e864862f1019a3faa3,David Lord,2025-05-11 05:58:48,src/flask/app.py,1,1
flask,0109e496f6ca68de29480fe6413e81b1d3f86aa9,David Lord,2025-05-11 17:58:53,src/flask/app.py,1,1
flask,fb54159861708558b5f5658ebdc14709d984361c,James Addison,2025-05-12 18:30:27,src/flask/sessions.py,2,1
flask,fb54159861708558b5f5658ebdc14709d984361c,James Addison,2025-05-12 18:30:27,tests/test_basic.py,11,4
flask,52df9eed45d0b19c588662ed8492d8fbaa0e7098,David Lord,2025-05-13 08:31:54,src/flask/cli.py,1,9
flask,52df9eed45d0b19c588662ed8492d8fbaa0e7098,David Lord,2025-05-13 08:31:54,src/flask/json/provider.py,1,1
flask,52df9eed45d0b19c588662ed8492d8fbaa0e7098,David Lord,2025-05-13 08:31:54,src/flask/sansio/app.py,1,1
flask,52df9eed45d0b19c588662ed8492d8fbaa0e7098,David Lord,2025-05-13 08:31:54,src/flask/typing.py,27,33
flask,52df9eed45d0b19c588662ed8492d8fbaa0e7098,David Lord,2025-05-13 08:31:54,tests/test_cli.py,1,1
flask,f04c5e696400badaa52b3450ded53e9091c2078a,David Lord,2025-06-08 09:52:11,src/flask/ctx.py,2,2
flask,f04c5e696400badaa52b3450ded53e9091c2078a,David Lord,2025-06-08 09:52:11,src/flask/helpers.py,1,1
flask,f04c5e696400badaa52b3450ded53e9091c2078a,David Lord,2025-06-08 09:52:11,src/flask/sansio/app.py,1,1
flask,f04c5e696400badaa52b3450ded53e9091c2078a,David Lord,2025-06-08 09:52:11,src/flask/sansio/scaffold.py,1,1
flask,f04c5e696400badaa52b3450ded53e9091c2078a,David Lord,2025-06-08 09:52:11,src/flask/sessions.py,1,1
flask,f04c5e696400badaa52b3450ded53e9091c2078a,David Lord,2025-06-08 09:52:11,src/flask/testing.py,1,1
flask,a758915893352f5986c6ee101cdf7e3b7a64fa28,David Lord,2025-06-09 14:31:31,docs/conf.py,2,2
flask,85cc71046475f9cb3efd17d496356795961249f9,David Lord,2025-06-12 13:46:49,docs/conf.py,1,1
flask,53b8f08218796d95764c5252bccd8a50a173a6fb,David Lord,2025-08-18 09:45:56,src/flask/testing.py,2,2
flask,53b8f08218796d95764c5252bccd8a50a173a6fb,David Lord,2025-08-18 09:45:56,tests/test_testing.py,10,21
flask,d44f1c65239c3e33509224aa1931631243dbfa7f,Tero Vuotila,2025-08-18 10:22:59,src/flask/helpers.py,1,1
flask,9822a0351574790cb66c652fcc396ad7aa2b09d8,David Lord,2025-08-19 08:18:55,src/flask/helpers.py,39,32
flask,9822a0351574790cb66c652fcc396ad7aa2b09d8,David Lord,2025-08-19 08:18:55,tests/test_helpers.py,23,0
flask,d8259eb11900285af9b80b0fa47f841174c054e3,David Lord,2025-08-19 10:43:16,src/flask/sansio/app.py,1,1
flask,d8259eb11900285af9b80b0fa47f841174c054e3,David Lord,2025-08-19 10:43:16,src/flask/templating.py,1,1
flask,daf1510a4bda652ac2cfca03ec5567b03ddf8bf1,kadai0308,2025-08-19 12:33:21,src/flask/sansio/app.py,68,16
flask,daf1510a4bda652ac2cfca03ec5567b03ddf8bf1,kadai0308,2025-08-19 12:33:21,src/flask/sansio/blueprints.py,35,6
flask,daf1510a4bda652ac2cfca03ec5567b03ddf8bf1,kadai0308,2025-08-19 12:33:21,tests/test_blueprints.py,81,0
flask,daf1510a4bda652ac2cfca03ec5567b03ddf8bf1,kadai0308,2025-08-19 12:33:21,tests/test_templating.py,81,0
flask,edebd3704437f19b5b137eaffe97130fe817d144,David Lord,2025-08-19 12:33:21,src/flask/sansio/app.py,83,87
flask,edebd3704437f19b5b137eaffe97130fe817d144,David Lord,2025-08-19 12:33:21,src/flask/sansio/blueprints.py,103,72
flask,dbd4c2882593f6118103120aa96fa9acdf7deedb,subhajitsaha01,2025-09-06 22:01:22,src/flask/sansio/app.py,1,1
flask,c2705ffd9ce1dc8476cb29eaf5ff5d4c719852d9,David Lord,2025-09-19 16:43:53,src/flask/app.py,70,106
flask,c2705ffd9ce1dc8476cb29eaf5ff5d4c719852d9,David Lord,2025-09-19 16:43:53,src/flask/cli.py,1,1
flask,c2705ffd9ce1dc8476cb29eaf5ff5d4c719852d9,David Lord,2025-09-19 16:43:53,src/flask/ctx.py,267,200
flask,c2705ffd9ce1dc8476cb29eaf5ff5d4c719852d9,David Lord,2025-09-19 16:43:53,src/flask/debughelpers.py,4,3
flask,c2705ffd9ce1dc8476cb29eaf5ff5d4c719852d9,David Lord,2025-09-19 16:43:53,src/flask/globals.py,44,18
flask,c2705ffd9ce1dc8476cb29eaf5ff5d4c719852d9,David Lord,2025-09-19 16:43:53,src/flask/helpers.py,22,28
flask,c2705ffd9ce1dc8476cb29eaf5ff5d4c719852d9,David Lord,2025-09-19 16:43:53,src/flask/json/__init__.py,1,1
flask,c2705ffd9ce1dc8476cb29eaf5ff5d4c719852d9,David Lord,2025-09-19 16:43:53,src/flask/sansio/app.py,5,11
flask,c2705ffd9ce1dc8476cb29eaf5ff5d4c719852d9,David Lord,2025-09-19 16:43:53,src/flask/sansio/scaffold.py,2,2
flask,c2705ffd9ce1dc8476cb29eaf5ff5d4c719852d9,David Lord,2025-09-19 16:43:53,src/flask/templating.py,14,20
flask,c2705ffd9ce1dc8476cb29eaf5ff5d4c719852d9,David Lord,2025-09-19 16:43:53,src/flask/testing.py,4,4
flask,c2705ffd9ce1dc8476cb29eaf5ff5d4c719852d9,David Lord,2025-09-19 16:43:53,tests/conftest.py,9,8
flask,c2705ffd9ce1dc8476cb29eaf5ff5d4c719852d9,David Lord,2025-09-19 16:43:53,tests/test_appctx.py,6,5
flask,c2705ffd9ce1dc8476cb29eaf5ff5d4c719852d9,David Lord,2025-09-19 16:43:53,tests/test_reqctx.py,3,3
flask,c2705ffd9ce1dc8476cb29eaf5ff5d4c719852d9,David Lord,2025-09-19 16:43:53,tests/test_session_interface.py,2,2
flask,c2705ffd9ce1dc8476cb29eaf5ff5d4c719852d9,David Lord,2025-09-19 16:43:53,tests/test_testing.py,2,2
flask,6a64969009bf1898bd302e6a9633f71942523f7f,David Lord,2025-09-19 17:33:30,src/flask/app.py,129,38
flask,6a64969009bf1898bd302e6a9633f71942523f7f,David Lord,2025-09-19 17:33:30,src/flask/ctx.py,2,2
flask,6a64969009bf1898bd302e6a9633f71942523f7f,David Lord,2025-09-19 17:33:30,src/flask/templating.py,25,27
flask,6a64969009bf1898bd302e6a9633f71942523f7f,David Lord,2025-09-19 17:33:30,tests/test_reqctx.py,5,4
flask,6a64969009bf1898bd302e6a9633f71942523f7f,David Lord,2025-09-19 17:33:30,tests/test_subclassing.py,1,1
flask,da6d075dfde71b2e2a64f39b29ba957d5ffb00b0,David Lord,2025-11-17 09:43:40,src/flask/sessions.py,1,1
flask,eca5fd1dfdc614c2df876cc32018a7d71f84ea82,David Lord,2026-01-24 17:16:38,src/flask/helpers.py,4,1
flask,eca5fd1dfdc614c2df876cc32018a7d71f84ea82,David Lord,2026-01-24 17:16:38,src/flask/sansio/app.py,4,1
flask,3709c4a9a87e6ce8c26dc4a951e1df52ac9ecad0,David Lord,2026-01-24 18:58:45,src/flask/app.py,2,2
flask,3709c4a9a87e6ce8c26dc4a951e1df52ac9ecad0,David Lord,2026-01-24 18:58:45,src/flask/sessions.py,1,1
flask,c77a5203438fe772d41f6a47303ad3f57a4efe6d,David Lord,2026-01-24 19:50:30,src/flask/app.py,16,1
flask,c77a5203438fe772d41f6a47303ad3f57a4efe6d,David Lord,2026-01-24 19:50:30,src/flask/sansio/app.py,9,8
flask,3d03098a97ddc6a908aa4a50c2ef7381f8297d0a,Markus Heidelberg,2026-01-27 09:18:37,examples/tutorial/flaskr/__init__.py,1,4
flask,5e621a2801daf95be6d208da9dcc287bb251f63c,David Lord,2026-02-03 10:19:45,tests/test_basic.py,27,22
flask,e82db2ca3a22c9614c1987392c9cfaa8c6ce99ad,David Lord,2026-02-12 13:03:03,src/flask/sansio/app.py,8,8
flask,e82db2ca3a22c9614c1987392c9cfaa8c6ce99ad,David Lord,2026-02-12 13:03:03,tests/test_basic.py,37,38
flask,e82db2ca3a22c9614c1987392c9cfaa8c6ce99ad,David Lord,2026-02-12 13:03:03,tests/test_blueprints.py,7,16
flask,e82db2ca3a22c9614c1987392c9cfaa8c6ce99ad,David Lord,2026-02-12 13:03:03,tests/test_cli.py,8,2
flask,e82db2ca3a22c9614c1987392c9cfaa8c6ce99ad,David Lord,2026-02-12 13:03:03,tests/test_views.py,33,21
flask,d98eb69a354158252854ed4a5c9778e03d089191,David Lord,2026-02-12 13:11:01,tests/test_cli.py,2,7
flask,c17f379390731543eea33a570a47bd4ef76a54fa,David Lord,2026-02-18 19:02:54,src/flask/app.py,2,2
flask,c17f379390731543eea33a570a47bd4ef76a54fa,David Lord,2026-02-18 19:02:54,src/flask/ctx.py,16,6
flask,c17f379390731543eea33a570a47bd4ef76a54fa,David Lord,2026-02-18 19:02:54,src/flask/sessions.py,10,24
flask,c17f379390731543eea33a570a47bd4ef76a54fa,David Lord,2026-02-18 19:02:54,src/flask/templating.py,4,3
flask,c17f379390731543eea33a570a47bd4ef76a54fa,David Lord,2026-02-18 19:02:54,tests/test_basic.py,39,18
flask,a411a2434b09d9cbaa4074232b2c247d591bb655,David Lord,2026-02-19 08:35:48,src/flask/ctx.py,21,9
flask,7b0088693ece1bd3a9238a6fdf56ed8df7a4d43b,David Lord,2026-02-19 08:42:33,src/flask/app.py,2,2
flask,fbb6f0bc4c60a0bada0e03c3480d0ccf30a3c1df,David Lord,2026-02-19 19:41:50,src/flask/app.py,23,4
flask,fbb6f0bc4c60a0bada0e03c3480d0ccf30a3c1df,David Lord,2026-02-19 19:41:50,src/flask/ctx.py,16,5
flask,fbb6f0bc4c60a0bada0e03c3480d0ccf30a3c1df,David Lord,2026-02-19 19:41:50,src/flask/helpers.py,32,0
flask,fbb6f0bc4c60a0bada0e03c3480d0ccf30a3c1df,David Lord,2026-02-19 19:41:50,tests/test_appctx.py,55,0
flask,fbb6f0bc4c60a0bada0e03c3480d0ccf30a3c1df,David Lord,2026-02-19 19:41:50,tests/test_basic.py,26,24
flask,fbb6f0bc4c60a0bada0e03c3480d0ccf30a3c1df,David Lord,2026-02-19 19:41:50,tests/test_blueprints.py,10,10
flask,fbb6f0bc4c60a0bada0e03c3480d0ccf30a3c1df,David Lord,2026-02-19 19:41:50,tests/test_helpers.py,29,35
flask,fbb6f0bc4c60a0bada0e03c3480d0ccf30a3c1df,David Lord,2026-02-19 19:41:50,tests/test_testing.py,0,1
flask,a29f88ce6f2f9843bd6fcbbfce1390a2071965d6,David Lord,2026-03-04 07:36:09,src/flask/ctx.py,20,6
flask,a29f88ce6f2f9843bd6fcbbfce1390a2071965d6,David Lord,2026-03-04 07:36:09,src/flask/helpers.py,12,0
flask,91c6b3fecf36b1f04554e57cc4060ccb737a445d,David Lord,2026-03-24 06:51:39,tests/test_reqctx.py,0,21
flask,a31e6b73469cb2bf7eb8f70b5ff21f710fd2e23c,David Lord,2026-04-05 12:31:01,tests/test_reqctx.py,0,48
flask,06ea505ce2b2042af26e96d35ebf159af7c0869d,David Lord,2026-05-01 20:31:50,src/flask/ctx.py,5,5
flask,06ea505ce2b2042af26e96d35ebf159af7c0869d,David Lord,2026-05-01 20:31:50,tests/test_reqctx.py,33,61
flask,9368fb3f3c52d74534d14c1bef03c79c103356cd,David Lord,2026-05-01 20:56:39,src/flask/sansio/app.py,4,1
flask,954f5684e4841aad84a8eec7ace7b81a0d3f6831,David Lord,2026-05-18 16:35:44,src/flask/cli.py,3,3
flask,36e4a824f340fdee7ed50937ba8e7f6bc7d17f81,David Lord,2026-05-31 07:42:46,src/flask/cli.py,1,1
flask,8285adf5a4f572dbf7a0a3b8f3a96ca0b19c50a4,David Lord,2026-06-10 11:03:21,src/flask/cli.py,3,3
flask,8285adf5a4f572dbf7a0a3b8f3a96ca0b19c50a4,David Lord,2026-06-10 11:03:21,src/flask/json/provider.py,1,1
flask,5ce121dd841e2dc2594d0ed3954278f4101d3521,Michał Górny,2026-07-30 10:01:20,tests/conftest.py,13,30
flask,5ce121dd841e2dc2594d0ed3954278f4101d3521,Michał Górny,2026-07-30 10:01:20,tests/test_cli.py,4,4
flask,ff6fa22f4d961a28567db11430208b964620f511,David Lord,2026-07-30 10:25:54,examples/celery/src/task_app/__init__.py,5,5
flask,ff6fa22f4d961a28567db11430208b964620f511,David Lord,2026-07-30 10:25:54,examples/javascript/js_example/__init__.py,1,1
flask,8b4fd5d18611e63080b826ecfefe8659dba7d2e4,David Lord,2026-08-10 16:45:01,tests/test_blueprints.py,2,5
flask,8b4fd5d18611e63080b826ecfefe8659dba7d2e4,David Lord,2026-08-10 16:45:01,tests/test_views.py,4,5
flask,81798b406f97ffe4795d2c9fc18db7db744a96dc,David Lord,2026-08-11 11:59:41,src/flask/app.py,2,2
flask,de8429ffda8cfb54db175529e2bae72a24e1fa7e,lkk7,2026-08-11 12:44:45,src/flask/testing.py,1,1
flask,de8429ffda8cfb54db175529e2bae72a24e1fa7e,lkk7,2026-08-11 12:44:45,tests/test_testing.py,14,0
flask,7203feabf723edae0286ae5dc64fec8ac4c91735,lkk7,2026-08-11 12:44:45,src/flask/app.py,7,4
flask,7203feabf723edae0286ae5dc64fec8ac4c91735,lkk7,2026-08-11 12:44:45,tests/test_basic.py,1,0
flask,89992954ec71b594b1b911f98977cdc8ad46a057,David Lord,2026-08-11 13:15:18,src/flask/sansio/scaffold.py,8,0
flask,89992954ec71b594b1b911f98977cdc8ad46a057,David Lord,2026-08-11 13:15:18,tests/test_basic.py,5,2
flask,2a8a38b051fc248865730bf3511bf2e2ea325e81,David Lord,2026-08-11 15:32:49,src/flask/views.py,1,1
flask,d318b683471101618febed18996405ad26462110,David Lord,2026-08-16 11:35:31,src/flask/helpers.py,2,2
flask,d73fa1cdcbd8b1465c151db8924ba58b1dd14e35,David Lord,2026-09-08 09:40:41,src/flask/app.py,2,2
